schemaVersion,recordType,title,authors,paper_url,github_url,github_stars,published_date,source_name,arxiv_id,github_forks,github_watchers
1.0,RESEARCH_PAPER,Towards K-means-friendly Spaces: Simultaneous Deep Learning and Clustering,,http://arxiv.org/abs/1610.04794v2,https://github.com/boyangumn/DCN,95,,Papers With Code / arXiv,1610.04794,28,95
1.0,RESEARCH_PAPER,Tencent ML-Images: A Large-Scale Multi-Label Image Database for Visual Representation Learning,,https://arxiv.org/abs/1901.01703v7,https://github.com/Tencent/tencent-ml-images,3062,,Papers With Code / arXiv,1901.01703,504,3062
1.0,RESEARCH_PAPER,Event Graphs: Advances and Applications of Second-Order Time-Unfolded Temporal Network Models,,http://arxiv.org/abs/1809.03457v1,https://github.com/empiricalstateofmind/eventgraphs,24,,Papers With Code / arXiv,1809.03457,8,24
1.0,RESEARCH_PAPER,Supervised Learning of Universal Sentence Representations from Natural Language Inference Data,,http://arxiv.org/abs/1705.02364v5,https://github.com/facebookresearch/InferSent,2279,,Papers With Code / arXiv,1705.02364,463,2279
1.0,RESEARCH_PAPER,Efficient training of energy-based models via spin-glass control,,https://arxiv.org/abs/1910.01592v4,https://github.com/apozas/rapid,5,,Papers With Code / arXiv,1910.01592,1,5
1.0,RESEARCH_PAPER,General Purpose Atomic Crosschain Transactions,,https://arxiv.org/abs/2011.12783v4,https://github.com/Consensys/gpact,87,,Papers With Code / arXiv,2011.12783,23,87
1.0,RESEARCH_PAPER,MS-DPPs: Multi-Source Determinantal Point Processes for Contextual Diversity Refinement of Composite Attributes in Text to Image Retrieval,,https://arxiv.org/abs/2507.06654v1,https://github.com/NEC-N-SOGI/msdpp,0,,Papers With Code / arXiv,2507.06654,0,0
1.0,RESEARCH_PAPER,Semantic Document Distance Measures and Unsupervised Document Revision Detection,,http://arxiv.org/abs/1709.01256v2,https://github.com/XiaofengZhu/wDTW-wTED,1,,Papers With Code / arXiv,1709.01256,1,1
1.0,RESEARCH_PAPER,Benchmarking machine learning models on multi-centre eICU critical care dataset,,https://arxiv.org/abs/1910.00964v3,https://github.com/mostafaalishahi/eICU_Benchmark,44,,Papers With Code / arXiv,1910.00964,14,44
1.0,RESEARCH_PAPER,1-OGC: The first open gravitational-wave catalog of binary mergers from analysis of public Advanced LIGO data,,http://arxiv.org/abs/1811.01921v2,https://github.com/gwastro/1-ogc,11,,Papers With Code / arXiv,1811.01921,6,11
1.0,RESEARCH_PAPER,Modeling the Dynamics of Online Learning Activity,,http://arxiv.org/abs/1610.05775v1,https://github.com/Human-Centric-Machine-Learning/hdhp.py,36,,Papers With Code / arXiv,1610.05775,11,36
1.0,RESEARCH_PAPER,audino: A Modern Annotation Tool for Audio and Speech,,https://arxiv.org/abs/2006.05236v2,https://github.com/midas-research/audino,1147,,Papers With Code / arXiv,2006.05236,140,1147
1.0,RESEARCH_PAPER,Breaking the Nonsmooth Barrier: A Scalable Parallel Method for Composite Optimization,,http://arxiv.org/abs/1707.06468v3,https://github.com/fabianp/ProxASAGA,13,,Papers With Code / arXiv,1707.06468,5,13
1.0,RESEARCH_PAPER,Constrained-size Tensorflow Models for YouTube-8M Video Understanding Challenge,,http://arxiv.org/abs/1808.06739v3,https://github.com/boliu61/youtube-8m,6,,Papers With Code / arXiv,1808.06739,1,6
1.0,RESEARCH_PAPER,Accelerating Deep Unsupervised Domain Adaptation with Transfer Channel Pruning,,http://arxiv.org/abs/1904.02654v1,https://github.com/jindongwang/transferlearning,14351,,Papers With Code / arXiv,1904.02654,3835,14351
1.0,RESEARCH_PAPER,Context-Aware Attentive Knowledge Tracing,,https://arxiv.org/abs/2007.12324v1,https://github.com/arghosh/AKT,125,,Papers With Code / arXiv,2007.12324,37,125
1.0,RESEARCH_PAPER,Implicit self-consistent description of electrolyte in plane-wave density-functional theory,,http://arxiv.org/abs/1601.03346v1,https://github.com/henniggroup/VASPsol,177,,Papers With Code / arXiv,1601.03346,86,177
1.0,RESEARCH_PAPER,Fast and Robust Multiple ColorChecker Detection using Deep Convolutional Neural Networks,,http://arxiv.org/abs/1810.08639v1,https://github.com/pedrodiamel/colorchecker-detection,65,,Papers With Code / arXiv,1810.08639,13,65
1.0,RESEARCH_PAPER,Decision Stream: Cultivating Deep Decision Trees,,http://arxiv.org/abs/1704.07657v3,https://github.com/aiff22/Decision-Stream,33,,Papers With Code / arXiv,1704.07657,6,33
1.0,RESEARCH_PAPER,Addressee and Response Selection in Multi-Party Conversations with Speaker Interaction RNNs,,http://arxiv.org/abs/1709.04005v2,https://github.com/ryanzhumich/sirnn,4,,Papers With Code / arXiv,1709.04005,2,4
1.0,RESEARCH_PAPER,Interpret Federated Learning with Shapley Values,,https://arxiv.org/abs/1905.04519v1,https://github.com/crownpku/federated_shap,39,,Papers With Code / arXiv,1905.04519,5,39
1.0,RESEARCH_PAPER,Hierarchy-of-Visual-Words: a Learning-based Approach for Trademark Image Retrieval,,https://arxiv.org/abs/1908.02786v1,https://github.com/Prograf-UFF/HoVW,10,,Papers With Code / arXiv,1908.02786,2,10
1.0,RESEARCH_PAPER,Scene relighting with illumination estimation in the latent space on an encoder-decoder scheme,,https://arxiv.org/abs/2006.02333v1,https://github.com/martin-ev/2DSceneRelighting,6,,Papers With Code / arXiv,2006.02333,3,6
1.0,RESEARCH_PAPER,M-FUSE: Multi-frame Fusion for Scene Flow Estimation,,https://arxiv.org/abs/2207.05704v2,https://github.com/cv-stuttgart/M-FUSE,22,,Papers With Code / arXiv,2207.05704,3,22
1.0,RESEARCH_PAPER,A FOFE-based Local Detection Approach for Named Entity Recognition and Mention Detection,,http://arxiv.org/abs/1611.00801v1,https://github.com/xmb-cipher/fofe-ner,39,,Papers With Code / arXiv,1611.00801,12,39
1.0,RESEARCH_PAPER,Teacher-Student Curriculum Learning,,http://arxiv.org/abs/1707.00183v2,https://github.com/tambetm/TSCL,85,,Papers With Code / arXiv,1707.00183,10,85
1.0,RESEARCH_PAPER,Extending Text-to-Speech Synthesis with Articulatory Movement Prediction using Ultrasound Tongue Imaging,,https://arxiv.org/abs/2107.05550v1,https://github.com/BME-SmartLab/txt2ult,0,,Papers With Code / arXiv,2107.05550,0,0
1.0,RESEARCH_PAPER,MetaPruning: Meta Learning for Automatic Neural Network Channel Pruning,,https://arxiv.org/abs/1903.10258v3,https://github.com/liuzechun/MetaPruning,352,,Papers With Code / arXiv,1903.10258,73,352
1.0,RESEARCH_PAPER,Variational Adversarial Active Learning,,https://arxiv.org/abs/1904.00370v3,https://github.com/sinhasam/vaal,231,,Papers With Code / arXiv,1904.00370,51,231
1.0,RESEARCH_PAPER,Simple non-perturbative resummation schemes beyond mean-field: case study for scalar $φ^4$ theory in 1+1 dimensions,,http://arxiv.org/abs/1901.05483v1,https://github.com/paro8929/Resummation,0,,Papers With Code / arXiv,1901.05483,0,0
1.0,RESEARCH_PAPER,FibeR-CNN: Expanding Mask R-CNN to Improve Image-Based Fiber Analysis,,https://arxiv.org/abs/2006.04552v2,https://github.com/maxfrei750/synthPIC4Python,4,,Papers With Code / arXiv,2006.04552,0,4
1.0,RESEARCH_PAPER,Probabilistic FastText for Multi-Sense Word Embeddings,,http://arxiv.org/abs/1806.02901v1,https://github.com/benathi/multisense-prob-fasttext,147,,Papers With Code / arXiv,1806.02901,28,147
1.0,RESEARCH_PAPER,Effective obstruction to lifting Tate classes from positive characteristic,,https://arxiv.org/abs/2003.11037v3,https://github.com/edgarcosta/crystalline_obstruction,2,,Papers With Code / arXiv,2003.11037,0,2
1.0,RESEARCH_PAPER,FALCON: An accurate real-time monitor for client-based mobile network data analytics,,https://arxiv.org/abs/1907.10110v2,https://github.com/falkenber9/falcon,362,,Papers With Code / arXiv,1907.10110,92,362
1.0,RESEARCH_PAPER,Joint Unsupervised Learning of Optical Flow and Depth by Watching Stereo Videos,,http://arxiv.org/abs/1810.03654v1,https://github.com/baidu-research/UnDepthflow,131,,Papers With Code / arXiv,1810.03654,22,131
1.0,RESEARCH_PAPER,Rgtsvm: Support Vector Machines on a GPU in R,,http://arxiv.org/abs/1706.05544v1,https://github.com/Danko-Lab/Rgtsvm,32,,Papers With Code / arXiv,1706.05544,11,32
1.0,RESEARCH_PAPER,ToyADMOS: A Dataset of Miniature-Machine Operating Sounds for Anomalous Sound Detection,,https://arxiv.org/abs/1908.03299v1,https://github.com/YumaKoizumi/ToyADMOS-dataset,117,,Papers With Code / arXiv,1908.03299,18,117
1.0,RESEARCH_PAPER,Tha3aroon at NSURL-2019 Task 8: Semantic Question Similarity in Arabic,,https://arxiv.org/abs/1912.12514v1,https://github.com/AliOsm/semantic-question-similarity,13,,Papers With Code / arXiv,1912.12514,7,13
1.0,RESEARCH_PAPER,GLAS: Global-to-Local Safe Autonomy Synthesis for Multi-Robot Motion Planning with End-to-End Learning,,https://arxiv.org/abs/2002.11807v3,https://github.com/bpriviere/glas,51,,Papers With Code / arXiv,2002.11807,13,51
1.0,RESEARCH_PAPER,Constructing Metropolis-Hastings proposals using damped BFGS updates,,http://arxiv.org/abs/1801.01243v2,https://github.com/compops/qnmh-sysid2018,2,,Papers With Code / arXiv,1801.01243,1,2
1.0,RESEARCH_PAPER,A Simple Dynamization of Trapezoidal Point Location in Planar Subdivisions,,https://arxiv.org/abs/1912.03389v1,https://github.com/milutinB/dynamic_trapezoidal_map_impl,0,,Papers With Code / arXiv,1912.03389,0,0
1.0,RESEARCH_PAPER,Speeding up VP9 Intra Encoder with Hierarchical Deep Learning Based Partition Prediction,,https://arxiv.org/abs/1906.06476v2,https://github.com/Somdyuti2/H-FCN,5,,Papers With Code / arXiv,1906.06476,1,5
1.0,RESEARCH_PAPER,Streaming Word Embeddings with the Space-Saving Algorithm,,http://arxiv.org/abs/1704.07463v1,https://github.com/ccmaymay/athena,8,,Papers With Code / arXiv,1704.07463,2,8
1.0,RESEARCH_PAPER,MECT: Multi-Metadata Embedding based Cross-Transformer for Chinese Named Entity Recognition,,https://arxiv.org/abs/2107.05418v1,https://github.com/CoderMusou/MECT4CNER,66,,Papers With Code / arXiv,2107.05418,10,66
1.0,RESEARCH_PAPER,A multimodal deep learning framework for scalable content based visual media retrieval,,https://arxiv.org/abs/2105.08665v1,https://github.com/ambareeshravi/Content-based-Visual-Media-Retrieval,2,,Papers With Code / arXiv,2105.08665,0,2
1.0,RESEARCH_PAPER,CullNet: Calibrated and Pose Aware Confidence Scores for Object Pose Estimation,,https://arxiv.org/abs/1909.13476v1,https://github.com/kartikgupta-at-anu/CullNet,16,,Papers With Code / arXiv,1909.13476,4,16
1.0,RESEARCH_PAPER,Flashlight CNN Image Denoising,,https://arxiv.org/abs/2003.00762v2,https://github.com/binhpht/flashlightCNN,8,,Papers With Code / arXiv,2003.00762,2,8
1.0,RESEARCH_PAPER,Probably Approximately Correct Vision-Based Planning using Motion Primitives,,https://arxiv.org/abs/2002.12852v2,https://github.com/irom-princeton/PAC-Vision-Planning,6,,Papers With Code / arXiv,2002.12852,4,6
1.0,RESEARCH_PAPER,Practical calibration of the temperature parameter in Gibbs posteriors,,https://arxiv.org/abs/2004.10522v1,https://github.com/lucieperrotta/temperature_calibration,4,,Papers With Code / arXiv,2004.10522,1,4
1.0,RESEARCH_PAPER,A Simple Exponential Family Framework for Zero-Shot Learning,,http://arxiv.org/abs/1707.08040v3,https://github.com/vkverma01/Zero-Shot-Learning,19,,Papers With Code / arXiv,1707.08040,5,19
1.0,RESEARCH_PAPER,"Democratizing Contrastive Language-Image Pre-training: A CLIP Benchmark of Data, Model, and Supervision",,https://arxiv.org/abs/2203.05796v1,https://github.com/Sense-GVT/DeCLIP,677,,Papers With Code / arXiv,2203.05796,31,677
1.0,RESEARCH_PAPER,Simulating Content Consistent Vehicle Datasets with Attribute Descent,,https://arxiv.org/abs/1912.08855v2,https://github.com/yorkeyao/VehicleX,169,,Papers With Code / arXiv,1912.08855,19,169
1.0,RESEARCH_PAPER,FaultNet: A Deep Convolutional Neural Network for bearing fault classification,,https://arxiv.org/abs/2010.02146v2,https://github.com/BaratiLab/FaultNet,41,,Papers With Code / arXiv,2010.02146,14,41
1.0,RESEARCH_PAPER,"A Low-Cost, Flexible and Portable Volumetric Capturing System",,https://arxiv.org/abs/1909.01207v1,https://github.com/VCL3D/VolumetricCapture,533,,Papers With Code / arXiv,1909.01207,68,533
1.0,RESEARCH_PAPER,Inverse Kinematics for Serial Kinematic Chains via Sum of Squares Optimization,,https://arxiv.org/abs/1909.09318v2,https://github.com/utiasSTARS/sos-ik,17,,Papers With Code / arXiv,1909.09318,3,17
1.0,RESEARCH_PAPER,"Simple, Scalable, and Stable Variational Deep Clustering",,https://arxiv.org/abs/2005.08047v2,https://github.com/king/s3vdc,12,,Papers With Code / arXiv,2005.08047,5,12
1.0,RESEARCH_PAPER,A Distance-preserving Matrix Sketch,,https://arxiv.org/abs/2009.03979v3,https://github.com/hrluo/DistancePreservingMatrixSketch,1,,Papers With Code / arXiv,2009.03979,0,1
1.0,RESEARCH_PAPER,JOBSKAPE: A Framework for Generating Synthetic Job Postings to Enhance Skill Matching,,https://arxiv.org/abs/2402.03242v1,https://github.com/magantoine/JobSkape,10,,Papers With Code / arXiv,2402.03242,2,10
1.0,RESEARCH_PAPER,What Are People Asking About COVID-19? A Question Classification Dataset,,https://arxiv.org/abs/2005.12522v3,https://github.com/JerryWeiAI/COVID-Q,24,,Papers With Code / arXiv,2005.12522,23,24
1.0,RESEARCH_PAPER,Conversational Neuro-Symbolic Commonsense Reasoning,,https://arxiv.org/abs/2006.10022v3,https://github.com/ForoughA/CORGI,27,,Papers With Code / arXiv,2006.10022,3,27
1.0,RESEARCH_PAPER,Quota-based debiasing can decrease representation of already underrepresented groups,,https://arxiv.org/abs/2006.07647v1,https://github.com/ibsmirnov/debiasing,1,,Papers With Code / arXiv,2006.07647,0,1
1.0,RESEARCH_PAPER,Intra-Processing Methods for Debiasing Neural Networks,,https://arxiv.org/abs/2006.08564v2,https://github.com/realityengines/post_hoc_debiasing,17,,Papers With Code / arXiv,2006.08564,4,17
1.0,RESEARCH_PAPER,On the effect of normalization layers on Differentially Private training of deep Neural networks,,https://arxiv.org/abs/2006.10919v2,https://github.com/uds-lsv/SIDP,12,,Papers With Code / arXiv,2006.10919,6,12
1.0,RESEARCH_PAPER,Toward the first quantum simulation with quantum speedup,,http://arxiv.org/abs/1711.10980v1,https://github.com/njross/simcount,29,,Papers With Code / arXiv,1711.10980,1,29
1.0,RESEARCH_PAPER,PIC: Permutation Invariant Critic for Multi-Agent Deep Reinforcement Learning,,https://arxiv.org/abs/1911.00025v1,https://github.com/IouJenLiu/PIC,51,,Papers With Code / arXiv,1911.00025,18,51
1.0,RESEARCH_PAPER,Validations and Corrections of the SFD and Planck Reddening Maps Based on LAMOST and Gaia Data,,https://arxiv.org/abs/2204.01521v3,https://github.com/qy-sunyang/Extinction-Maps-Correction,2,,Papers With Code / arXiv,2204.01521,0,2
1.0,RESEARCH_PAPER,ASSD: Attentive Single Shot Multibox Detector,,https://arxiv.org/abs/1909.12456v1,https://github.com/yijingru/ASSD-Pytorch,40,,Papers With Code / arXiv,1909.12456,20,40
1.0,RESEARCH_PAPER,Dynamic Dual-Attentive Aggregation Learning for Visible-Infrared Person Re-Identification,,https://arxiv.org/abs/2007.09314v1,https://github.com/mangye16/DDAG,82,,Papers With Code / arXiv,2007.09314,18,82
1.0,RESEARCH_PAPER,Playing Chess with Limited Look Ahead,,https://arxiv.org/abs/2007.02130v1,https://github.com/ArmanMaesumi/LimitedLookAheadChess,8,,Papers With Code / arXiv,2007.02130,4,8
1.0,RESEARCH_PAPER,Additive Noise Annealing and Approximation Properties of Quantized Neural Networks,,https://arxiv.org/abs/1905.10452v1,https://github.com/mspallanzani/QuantLab,8,,Papers With Code / arXiv,1905.10452,5,8
1.0,RESEARCH_PAPER,Amortized Synthesis of Constrained Configurations Using a Differentiable Surrogate,,https://arxiv.org/abs/2106.09019v2,https://github.com/xingyuansun/amorsyn,3,,Papers With Code / arXiv,2106.09019,1,3
1.0,RESEARCH_PAPER,Iterative Surrogate Model Optimization (ISMO): An active learning algorithm for PDE constrained optimization with deep neural networks,,https://arxiv.org/abs/2008.05730v1,https://github.com/kjetil-lye/iterative_surrogate_optimization,7,,Papers With Code / arXiv,2008.05730,4,7
1.0,RESEARCH_PAPER,SpatialFlow: Bridging All Tasks for Panoptic Segmentation,,https://arxiv.org/abs/1910.08787v3,https://github.com/chensnathan/SpatialFlow,14,,Papers With Code / arXiv,1910.08787,4,14
1.0,RESEARCH_PAPER,Constructing Narrative Event Evolutionary Graph for Script Event Prediction,,http://arxiv.org/abs/1805.05081v2,https://github.com/eecrazy/ConstructingNEEG_IJCAI_2018,164,,Papers With Code / arXiv,1805.05081,38,164
1.0,RESEARCH_PAPER,Language ID in the Wild: Unexpected Challenges on the Path to a Thousand-Language Web Text Corpus,,https://arxiv.org/abs/2010.14571v2,https://github.com/google-research-datasets/TF-IDF-IIF-top100-wordlists,42,,Papers With Code / arXiv,2010.14571,4,42
1.0,RESEARCH_PAPER,Identity-Aware Multi-Sentence Video Description,,https://arxiv.org/abs/2008.09791v1,https://github.com/jamespark3922/lsmdc-fillin,15,,Papers With Code / arXiv,2008.09791,7,15
1.0,RESEARCH_PAPER,RevPHiSeg: A Memory-Efficient Neural Network for Uncertainty Quantification in Medical Image Segmentation,,https://arxiv.org/abs/2008.06999v2,https://github.com/gigantenbein/UNet-Zoo,23,,Papers With Code / arXiv,2008.06999,7,23
1.0,RESEARCH_PAPER,Learning to Reason in Round-based Games: Multi-task Sequence Generation for Purchasing Decision Making in First-person Shooters,,https://arxiv.org/abs/2008.05131v1,https://github.com/derenlei/CSGO_Econ_AI,12,,Papers With Code / arXiv,2008.05131,4,12
1.0,RESEARCH_PAPER,Unsupervised Learning of Particle Image Velocimetry,,https://arxiv.org/abs/2007.14487v1,https://github.com/erizmr/UnLiteFlowNet-PIV,67,,Papers With Code / arXiv,2007.14487,20,67
1.0,RESEARCH_PAPER,Robust Ego and Object 6-DoF Motion Estimation and Tracking,,https://arxiv.org/abs/2007.13993v1,https://github.com/halajun/multimot_track,51,,Papers With Code / arXiv,2007.13993,7,51
1.0,RESEARCH_PAPER,XingGAN for Person Image Generation,,https://arxiv.org/abs/2007.09278v1,https://github.com/Ha0Tang/XingGAN,224,,Papers With Code / arXiv,2007.09278,36,224
1.0,RESEARCH_PAPER,Learning to Match Distributions for Domain Adaptation,,https://arxiv.org/abs/2007.10791v3,https://github.com/jindongwang/transferlearning,14351,,Papers With Code / arXiv,2007.10791,3835,14351
1.0,RESEARCH_PAPER,Shape Prior Deformation for Categorical 6D Object Pose and Size Estimation,,https://arxiv.org/abs/2007.08454v1,https://github.com/mentian/object-deformnet,151,,Papers With Code / arXiv,2007.08454,23,151
1.0,RESEARCH_PAPER,Semi-Siamese Training for Shallow Face Learning,,https://arxiv.org/abs/2007.08398v1,https://github.com/dituu/Semi-Siamese-Training,42,,Papers With Code / arXiv,2007.08398,8,42
1.0,RESEARCH_PAPER,Patch-wise Attack for Fooling Deep Neural Network,,https://arxiv.org/abs/2007.06765v3,https://github.com/qilong-zhang/Patch-wise-iterative-attack,94,,Papers With Code / arXiv,2007.06765,19,94
1.0,RESEARCH_PAPER,Template-Based Question Generation from Retrieved Sentences for Improved Unsupervised Question Answering,,https://arxiv.org/abs/2004.11892v1,https://github.com/awslabs/unsupervised-qa,57,,Papers With Code / arXiv,2004.11892,7,57
1.0,RESEARCH_PAPER,Certifying Joint Adversarial Robustness for Model Ensembles,,https://arxiv.org/abs/2004.10250v1,https://github.com/jonas-maj/ensemble-adversarial-robustness,6,,Papers With Code / arXiv,2004.10250,1,6
1.0,RESEARCH_PAPER,LRTD: Long-Range Temporal Dependency based Active Learning for Surgical Workflow Recognition,,https://arxiv.org/abs/2004.09845v2,https://github.com/xmichelleshihx/AL-LRTD,10,,Papers With Code / arXiv,2004.09845,2,10
1.0,RESEARCH_PAPER,SimAlign: High Quality Word Alignments without Parallel Training Data using Static and Contextualized Embeddings,,https://arxiv.org/abs/2004.08728v4,https://github.com/cisnlp/simalign,398,,Papers With Code / arXiv,2004.08728,52,398
1.0,RESEARCH_PAPER,Geomstats: A Python Package for Riemannian Geometry in Machine Learning,,https://arxiv.org/abs/2004.04667v1,https://github.com/geomstats/geomstats,1518,,Papers With Code / arXiv,2004.04667,295,1518
1.0,RESEARCH_PAPER,Self-Supervised Viewpoint Learning From Image Collections,,https://arxiv.org/abs/2004.01793v1,https://github.com/NVlabs/SSV,214,,Papers With Code / arXiv,2004.01793,30,214
1.0,RESEARCH_PAPER,Disentangling and Unifying Graph Convolutions for Skeleton-Based Action Recognition,,https://arxiv.org/abs/2003.14111v2,https://github.com/kenziyuliu/MS-G3D,460,,Papers With Code / arXiv,2003.14111,101,460
1.0,RESEARCH_PAPER,Real-Time Detection of Dictionary DGA Network Traffic using Deep Learning,,https://arxiv.org/abs/2003.12805v1,https://github.com/jinxmirror13/bilbo-bagging-hybrid,20,,Papers With Code / arXiv,2003.12805,6,20
1.0,RESEARCH_PAPER,Strip Pooling: Rethinking Spatial Pooling for Scene Parsing,,https://arxiv.org/abs/2003.13328v1,https://github.com/houqb/SPNet,415,,Papers With Code / arXiv,2003.13328,57,415
1.0,RESEARCH_PAPER,Masked Face Recognition Dataset and Application,,https://arxiv.org/abs/2003.09093v2,https://github.com/X-zhangyang/Real-World-Masked-Face-Dataset,2034,,Papers With Code / arXiv,2003.09093,474,2034
1.0,RESEARCH_PAPER,COVID-19: The First Public Coronavirus Twitter Dataset,,https://arxiv.org/abs/2003.07372v1,https://github.com/echen102/COVID-19-TweetIDs,722,,Papers With Code / arXiv,2003.07372,299,722
1.0,RESEARCH_PAPER,Relation-Aware Entity Alignment for Heterogeneous Knowledge Graphs,,https://arxiv.org/abs/1908.08210v1,https://github.com/StephanieWyt/RDGCN,79,,Papers With Code / arXiv,1908.08210,14,79
1.0,RESEARCH_PAPER,PubLayNet: largest dataset ever for document layout analysis,,https://arxiv.org/abs/1908.07836v1,https://github.com/ibm-aur-nlp/PubLayNet,1062,,Papers With Code / arXiv,1908.07836,167,1062
1.0,RESEARCH_PAPER,Prosodic Phrase Alignment for Machine Dubbing,,https://arxiv.org/abs/1908.07226v1,https://github.com/alpoktem/MachineDub,9,,Papers With Code / arXiv,1908.07226,1,9
1.0,RESEARCH_PAPER,VideoNavQA: Bridging the Gap between Visual and Embodied Question Answering,,https://arxiv.org/abs/1908.04950v1,https://github.com/catalina17/VideoNavQA,25,,Papers With Code / arXiv,1908.04950,1,25
1.0,RESEARCH_PAPER,Consensus Maximization Tree Search Revisited,,https://arxiv.org/abs/1908.02021v3,https://github.com/ZhipengCai/MaxConTreeSearch,23,,Papers With Code / arXiv,1908.02021,2,23
1.0,RESEARCH_PAPER,BLEBeacon: A Real-Subject Trial Dataset from Mobile Bluetooth Low Energy Beacons,,https://arxiv.org/abs/1802.08782v2,https://github.com/dimisik/BLEBeacon-Dataset,17,,Papers With Code / arXiv,1802.08782,5,17
1.0,RESEARCH_PAPER,Biological and Shortest-Path Routing Procedures for Transportation Network Design,,http://arxiv.org/abs/1803.03528v1,https://github.com/fqueyroi/tulip_plugins,1,,Papers With Code / arXiv,1803.03528,0,1
1.0,RESEARCH_PAPER,Active Learning with Gaussian Processes for High Throughput Phenotyping,,http://arxiv.org/abs/1901.06803v1,https://github.com/sumitsk/algp,1,,Papers With Code / arXiv,1901.06803,1,1
1.0,RESEARCH_PAPER,Domain Adaptation for sEMG-based Gesture Recognition with Recurrent Neural Networks,,https://arxiv.org/abs/1901.06958v2,https://github.com/ketyi/2SRNN,42,,Papers With Code / arXiv,1901.06958,5,42
1.0,RESEARCH_PAPER,Image Super-Resolution Using Very Deep Residual Channel Attention Networks,,http://arxiv.org/abs/1807.02758v2,https://github.com/yulunzhang/RCAN,1506,,Papers With Code / arXiv,1807.02758,319,1506
1.0,RESEARCH_PAPER,Steganalysis via a Convolutional Neural Network using Large Convolution Filters for Embedding Process with Same Stego Key,,http://arxiv.org/abs/1605.07946v3,https://github.com/rcouturier/steganalysis_with_CNN_for_same_key_images,9,,Papers With Code / arXiv,1605.07946,7,9
1.0,RESEARCH_PAPER,Intraoperative margin assessment of human breast tissue in optical coherence tomography images using deep neural networks,,http://arxiv.org/abs/1703.10827v1,https://github.com/AmalRT/BreastOctDnnsReg,3,,Papers With Code / arXiv,1703.10827,2,3
1.0,RESEARCH_PAPER,Stick-Breaking Variational Autoencoders,,http://arxiv.org/abs/1605.06197v3,https://github.com/enalisnick/stick-breaking_dgms,95,,Papers With Code / arXiv,1605.06197,19,95
1.0,RESEARCH_PAPER,Generalization and Equilibrium in Generative Adversarial Nets (GANs),,http://arxiv.org/abs/1703.00573v5,https://github.com/PrincetonML/MIX-plus-GANs,16,,Papers With Code / arXiv,1703.00573,7,16
1.0,RESEARCH_PAPER,How intelligent are convolutional neural networks?,,http://arxiv.org/abs/1709.06126v2,https://github.com/zhennany/synthetic,2,,Papers With Code / arXiv,1709.06126,0,2
1.0,RESEARCH_PAPER,Learning a Rotation Invariant Detector with Rotatable Bounding Box,,http://arxiv.org/abs/1711.09405v1,https://github.com/liulei01/DRBox,426,,Papers With Code / arXiv,1711.09405,138,426
1.0,RESEARCH_PAPER,TensorFlow Quantum: A Software Framework for Quantum Machine Learning,,https://arxiv.org/abs/2003.02989v2,https://github.com/tensorflow/quantum,2181,,Papers With Code / arXiv,2003.02989,665,2181
1.0,RESEARCH_PAPER,Action Segmentation with Joint Self-Supervised Temporal Domain Adaptation,,https://arxiv.org/abs/2003.02824v3,https://github.com/cmhungsteve/SSTDA,158,,Papers With Code / arXiv,2003.02824,24,158
1.0,RESEARCH_PAPER,Dancing to Music,,https://arxiv.org/abs/1911.02001v1,https://github.com/NVlabs/Dancing2Music,536,,Papers With Code / arXiv,1911.02001,88,536
1.0,RESEARCH_PAPER,Deep Reinforcement Learning Control of Quantum Cartpoles,,https://arxiv.org/abs/1910.09200v4,https://github.com/Z-T-WANG/DeepReinforcementLearningControlOfQuantumCartpoles,10,,Papers With Code / arXiv,1910.09200,0,10
1.0,RESEARCH_PAPER,Nonlinear classifiers for ranking problems based on kernelized SVM,,https://arxiv.org/abs/2002.11436v2,https://github.com/VaclavMacha/AccuracyAtTopKernels.jl,0,,Papers With Code / arXiv,2002.11436,0,0
1.0,RESEARCH_PAPER,Weakly- and Semi-Supervised Panoptic Segmentation,,http://arxiv.org/abs/1808.03575v3,https://github.com/qizhuli/Weakly-Supervised-Panoptic-Segmentation,162,,Papers With Code / arXiv,1808.03575,22,162
1.0,RESEARCH_PAPER,Multi-task self-supervised learning for Robust Speech Recognition,,https://arxiv.org/abs/2001.09239v2,https://github.com/santi-pdp/pase,446,,Papers With Code / arXiv,2001.09239,85,446
1.0,RESEARCH_PAPER,A Model to Search for Synthesizable Molecules,,https://arxiv.org/abs/1906.05221v2,https://github.com/john-bradshaw/molecule-chef,82,,Papers With Code / arXiv,1906.05221,22,82
1.0,RESEARCH_PAPER,Adversarial Policy Gradient for Deep Learning Image Augmentation,,https://arxiv.org/abs/1909.04108v1,https://github.com/victorychain/Adversarial-Policy-Gradient-Augmentation,13,,Papers With Code / arXiv,1909.04108,2,13
1.0,RESEARCH_PAPER,Improved Regularization of Convolutional Neural Networks with Cutout,,http://arxiv.org/abs/1708.04552v2,https://github.com/uoguelph-mlrg/Cutout,557,,Papers With Code / arXiv,1708.04552,157,557
1.0,RESEARCH_PAPER,Real-time Vision-based Depth Reconstruction with NVidia Jetson,,https://arxiv.org/abs/1907.07210v1,https://github.com/CnnDepth/tx2_fcnn_node,115,,Papers With Code / arXiv,1907.07210,31,115
1.0,RESEARCH_PAPER,A Kernel Perspective for Regularizing Deep Neural Networks,,https://arxiv.org/abs/1810.00363v4,https://github.com/abietti/kernel_reg,22,,Papers With Code / arXiv,1810.00363,5,22
1.0,RESEARCH_PAPER,Query-guided End-to-End Person Search,,https://arxiv.org/abs/1905.01203v1,https://github.com/munjalbharti/Query-guided-End-to-End-Person-Search,68,,Papers With Code / arXiv,1905.01203,6,68
1.0,RESEARCH_PAPER,"SCRDet: Towards More Robust Detection for Small, Cluttered and Rotated Objects",,https://arxiv.org/abs/1811.07126v4,https://github.com/DetectionTeamUCAS/R2CNN-Plus-Plus_Tensorflow,240,,Papers With Code / arXiv,1811.07126,75,240
1.0,RESEARCH_PAPER,Towards Query Efficient Black-box Attacks: An Input-free Perspective,,http://arxiv.org/abs/1809.02918v1,https://github.com/yalidu/input-free-attack,6,,Papers With Code / arXiv,1809.02918,3,6
1.0,RESEARCH_PAPER,"Texar: A Modularized, Versatile, and Extensible Toolkit for Text Generation",,https://arxiv.org/abs/1809.00794v2,https://github.com/asyml/texar,2388,,Papers With Code / arXiv,1809.00794,367,2388
1.0,RESEARCH_PAPER,Automatic Program Synthesis of Long Programs with a Learned Garbage Collector,,http://arxiv.org/abs/1809.04682v2,https://github.com/amitz25/PCCoder,49,,Papers With Code / arXiv,1809.04682,12,49
1.0,RESEARCH_PAPER,Acquisition of Localization Confidence for Accurate Object Detection,,http://arxiv.org/abs/1807.11590v1,https://github.com/vacancy/PreciseRoIPooling,781,,Papers With Code / arXiv,1807.11590,151,781
1.0,RESEARCH_PAPER,A repetition code of 15 qubits,,https://arxiv.org/abs/1709.00990v3,https://github.com/decodoku/repetition_code,0,,Papers With Code / arXiv,1709.00990,0,0
1.0,RESEARCH_PAPER,Vision Based Dynamic Offside Line Marker for Soccer Games,,http://arxiv.org/abs/1804.06438v1,https://github.com/surajkra/Vision-Based-Dynamic-Offside-Line-Marker-for-Soccer-Games,13,,Papers With Code / arXiv,1804.06438,4,13
1.0,RESEARCH_PAPER,Safe-by-Design Control for Euler-Lagrange Systems,,https://arxiv.org/abs/2009.03767v2,https://github.com/shawcortez/safe-control-euler-lagrange,4,,Papers With Code / arXiv,2009.03767,1,4
1.0,RESEARCH_PAPER,Deep Energy-Based Modeling of Discrete-Time Physics,,https://arxiv.org/abs/1905.08604v3,https://github.com/tksmatsubara/discrete-autograd,19,,Papers With Code / arXiv,1905.08604,1,19
1.0,RESEARCH_PAPER,Model-free bounds for multi-asset options using option-implied information and their exact computation,,https://arxiv.org/abs/2006.14288v3,https://github.com/qikunxiang/ModelFreePriceBounds,3,,Papers With Code / arXiv,2006.14288,1,3
1.0,RESEARCH_PAPER,TedNet: A Pytorch Toolkit for Tensor Decomposition Networks,,https://arxiv.org/abs/2104.05018v2,https://github.com/tnbar/tednet,100,,Papers With Code / arXiv,2104.05018,13,100
1.0,RESEARCH_PAPER,Annual modulations from secular variations: not relaxing DAMA?,,https://arxiv.org/abs/2003.03340v2,https://github.com/piacent/bayes_analysis,0,,Papers With Code / arXiv,2003.03340,0,0
1.0,RESEARCH_PAPER,Task Programming: Learning Data Efficient Behavior Representations,,https://arxiv.org/abs/2011.13917v2,https://github.com/neuroethology/TREBA,89,,Papers With Code / arXiv,2011.13917,9,89
1.0,RESEARCH_PAPER,Cubic function fields with prescribed ramification,,https://arxiv.org/abs/2003.06673v2,https://github.com/JRSijsling/parshin_experiments,0,,Papers With Code / arXiv,2003.06673,0,0
1.0,RESEARCH_PAPER,On the Texture Bias for Few-Shot CNN Segmentation,,https://arxiv.org/abs/2003.04052v3,https://github.com/rezazad68/fewshot-segmentation,,,Papers With Code / arXiv,2003.04052,,
1.0,RESEARCH_PAPER,Painting with baryons: augmenting N-body simulations with gas using deep generative models,,https://arxiv.org/abs/1903.12173v2,https://github.com/tilmantroester/baryon_painter,8,,Papers With Code / arXiv,1903.12173,1,8
1.0,RESEARCH_PAPER,Teaching Temporal Logics to Neural Networks,,https://arxiv.org/abs/2003.04218v3,https://github.com/reactive-systems/deepltl,33,,Papers With Code / arXiv,2003.04218,5,33
1.0,RESEARCH_PAPER,Adversarial Robustness Guarantees for Classification with Gaussian Processes,,https://arxiv.org/abs/1905.11876v3,https://github.com/andreapatane/check-GPclass,4,,Papers With Code / arXiv,1905.11876,0,4
1.0,RESEARCH_PAPER,"Are ""Undocumented Workers"" the Same as ""Illegal Aliens""? Disentangling Denotation and Connotation in Vector Spaces",,https://arxiv.org/abs/2010.02976v2,https://github.com/awebson/congressional_adversary,12,,Papers With Code / arXiv,2010.02976,0,12
1.0,RESEARCH_PAPER,You Only Derive Once (YODO): Automatic Differentiation for Efficient Sensitivity Analysis in Bayesian Networks,,https://arxiv.org/abs/2206.08687v1,https://github.com/rballester/yodo,2,,Papers With Code / arXiv,2206.08687,0,2
1.0,RESEARCH_PAPER,Music Genre Classification using Machine Learning Techniques,,http://arxiv.org/abs/1804.01149v1,https://github.com/HareeshBahuleyan/music-genre-classification,101,,Papers With Code / arXiv,1804.01149,38,101
1.0,RESEARCH_PAPER,Rainfall-Runoff Prediction at Multiple Timescales with a Single Long Short-Term Memory Network,,https://arxiv.org/abs/2010.07921v1,https://github.com/gauchm/mts-lstm,44,,Papers With Code / arXiv,2010.07921,32,44
1.0,RESEARCH_PAPER,PCRNet: Point Cloud Registration Network using PointNet Encoding,,https://arxiv.org/abs/1908.07906v2,https://github.com/vinits5/pcrnet,83,,Papers With Code / arXiv,1908.07906,13,83
1.0,RESEARCH_PAPER,"Automatic differentiation of Sylvester, Lyapunov, and algebraic Riccati equations",,https://arxiv.org/abs/2011.11430v2,https://github.com/tachukao/autodiff-inverse-lqr,6,,Papers With Code / arXiv,2011.11430,0,6
1.0,RESEARCH_PAPER,Two-stage generative adversarial networks for document image binarization with color noise and background removal,,https://arxiv.org/abs/2010.10103v3,https://github.com/opensuh/DocumentBinarization,59,,Papers With Code / arXiv,2010.10103,6,59
1.0,RESEARCH_PAPER,ConfNet2Seq: Full Length Answer Generation from Spoken Questions,,https://arxiv.org/abs/2006.05163v2,https://github.com/kolk/ConfnetPointerGenBaseline,2,,Papers With Code / arXiv,2006.05163,0,2
1.0,RESEARCH_PAPER,Rotate to Attend: Convolutional Triplet Attention Module,,https://arxiv.org/abs/2010.03045v2,https://github.com/landskape-ai/triplet-attention,442,,Papers With Code / arXiv,2010.03045,51,442
1.0,RESEARCH_PAPER,Transferable Visual Words: Exploiting the Semantics of Anatomical Patterns for Self-supervised Learning,,https://arxiv.org/abs/2102.10680v1,https://github.com/fhaghighi/TransVW,63,,Papers With Code / arXiv,2102.10680,6,63
1.0,RESEARCH_PAPER,Githru: Visual Analytics for Understanding Software Development History Through Git Metadata Analysis,,https://arxiv.org/abs/2009.03115v2,https://github.com/githru/githru,68,,Papers With Code / arXiv,2009.03115,78,68
1.0,RESEARCH_PAPER,Interactive Discovery System for Direct Democracy,,http://arxiv.org/abs/1807.04448v1,https://github.com/elaragon/decide-topics,2,,Papers With Code / arXiv,1807.04448,1,2
1.0,RESEARCH_PAPER,EncryptGAN: Image Steganography with Domain Transform,,http://arxiv.org/abs/1905.11582v2,https://github.com/zhengziqiang/EncryptGAN,15,,Papers With Code / arXiv,1905.11582,1,15
1.0,RESEARCH_PAPER,Deep Active Inference,,http://arxiv.org/abs/1709.02341v5,https://github.com/kaiu85/deepAI_paper,30,,Papers With Code / arXiv,1709.02341,9,30
1.0,RESEARCH_PAPER,An adaptive partition of unity method for multivariate Chebyshev polynomial approximations,,http://arxiv.org/abs/1805.00423v3,https://github.com/kevinwaiton/PUchebfun,2,,Papers With Code / arXiv,1805.00423,0,2
1.0,RESEARCH_PAPER,Live Functional Programming with Typed Holes,,http://arxiv.org/abs/1805.00155v4,https://github.com/hazelgrove/hazelnut-dynamics-agda,21,,Papers With Code / arXiv,1805.00155,3,21
1.0,RESEARCH_PAPER,A data-set of piercing needle through deformable objects for Deep Learning from Demonstrations,,https://arxiv.org/abs/2012.02458v1,https://github.com/imanlab/d-lfd,5,,Papers With Code / arXiv,2012.02458,3,5
1.0,RESEARCH_PAPER,Rethinking FUN: Frequency-Domain Utilization Networks,,https://arxiv.org/abs/2012.03357v1,https://github.com/kfirgoldberg/FUN,28,,Papers With Code / arXiv,2012.03357,0,28
1.0,RESEARCH_PAPER,Securing Deep Spiking Neural Networks against Adversarial Attacks through Inherent Structural Parameters,,https://arxiv.org/abs/2012.05321v1,https://github.com/rda-ela/SNN-Adversarial-Attacks,13,,Papers With Code / arXiv,2012.05321,1,13
1.0,RESEARCH_PAPER,Learning from an Exploring Demonstrator: Optimal Reward Estimation for Bandits,,https://arxiv.org/abs/2106.14866v2,https://github.com/wenshuoguo/inverse-bandit-code-release,4,,Papers With Code / arXiv,2106.14866,0,4
1.0,RESEARCH_PAPER,Direct design of biquad filter cascades with deep learning by sampling random polynomials,,https://arxiv.org/abs/2110.03691v2,https://github.com/csteinmetz1/IIRNet,96,,Papers With Code / arXiv,2110.03691,13,96
1.0,RESEARCH_PAPER,Self-paced Ensemble for Highly Imbalanced Massive Data Classification,,https://arxiv.org/abs/1909.03500v3,https://github.com/ZhiningLiu1998/self-paced-ensemble,262,,Papers With Code / arXiv,1909.03500,49,262
1.0,RESEARCH_PAPER,The Weighted Kendall and High-order Kernels for Permutations,,http://arxiv.org/abs/1802.08526v2,https://github.com/YunlongJiao/weightedkendall,0,,Papers With Code / arXiv,1802.08526,0,0
1.0,RESEARCH_PAPER,Collision-Free Trajectory Optimization in Cluttered Environments Using Sums-of-Squares Programming,,https://arxiv.org/abs/2404.05242v2,https://github.com/YulinLi0/minimum_scaling_free_region,13,,Papers With Code / arXiv,2404.05242,1,13
1.0,RESEARCH_PAPER,Bilinear Representation for Language-based Image Editing Using Conditional Generative Adversarial Networks,,http://arxiv.org/abs/1903.07499v1,https://github.com/vtddggg/BilinearGAN_for_LBIE,25,,Papers With Code / arXiv,1903.07499,7,25
1.0,RESEARCH_PAPER,Bridging Textual and Tabular Data for Cross-Domain Text-to-SQL Semantic Parsing,,https://arxiv.org/abs/2012.12627v2,https://github.com/salesforce/TabularSemanticParsing,238,,Papers With Code / arXiv,2012.12627,53,238
1.0,RESEARCH_PAPER,3D Surface Reconstruction From Multi-Date Satellite Images,,https://arxiv.org/abs/2102.02502v2,https://github.com/SBCV/SatelliteSurfaceReconstruction,133,,Papers With Code / arXiv,2102.02502,17,133
1.0,RESEARCH_PAPER,Foreseeing Brain Graph Evolution Over Time Using Deep Adversarial Network Normalizer,,https://arxiv.org/abs/2009.11166v1,https://github.com/basiralab/gGAN,23,,Papers With Code / arXiv,2009.11166,3,23
1.0,RESEARCH_PAPER,Scilla: a Smart Contract Intermediate-Level LAnguage,,https://arxiv.org/abs/1801.00687v1,https://github.com/pirapira/ethereum-formal-verification-overview,294,,Papers With Code / arXiv,1801.00687,24,294
1.0,RESEARCH_PAPER,Model-free price bounds under dynamic option trading,,https://arxiv.org/abs/2101.01024v2,https://github.com/juliansester/dynamic_option_trading,4,,Papers With Code / arXiv,2101.01024,1,4
1.0,RESEARCH_PAPER,Tensor-Train Density Estimation,,https://arxiv.org/abs/2108.00089v2,https://github.com/stat-ml/TTDE,17,,Papers With Code / arXiv,2108.00089,4,17
1.0,RESEARCH_PAPER,A Sketching Framework for Reduced Data Transfer in Photon Counting Lidar,,https://arxiv.org/abs/2102.08732v4,https://gitlab.com/Tachella/sketched_lidar,,,Papers With Code / arXiv,2102.08732,,
1.0,RESEARCH_PAPER,What is the best data augmentation for 3D brain tumor segmentation?,,https://arxiv.org/abs/2010.13372v2,https://github.com/mdciri/3D-augmentation-techniques,24,,Papers With Code / arXiv,2010.13372,10,24
1.0,RESEARCH_PAPER,Distributed Multi-object Tracking under Limited Field of View Sensors,,https://arxiv.org/abs/2012.12990v2,https://github.com/AdelaideAuto-IDLab/Distributed-limitedFoV-MOT,22,,Papers With Code / arXiv,2012.12990,6,22
1.0,RESEARCH_PAPER,Generalized Universe Hierarchies and First-Class Universe Levels,,https://arxiv.org/abs/2103.00223v4,https://github.com/AndrasKovacs/universes,32,,Papers With Code / arXiv,2103.00223,0,32
1.0,RESEARCH_PAPER,LEAF: Simulating Large Energy-Aware Fog Computing Environments,,https://arxiv.org/abs/2103.01170v1,https://github.com/dos-group/leaf,118,,Papers With Code / arXiv,2103.01170,14,118
1.0,RESEARCH_PAPER,RESA: Recurrent Feature-Shift Aggregator for Lane Detection,,https://arxiv.org/abs/2008.13719v2,https://github.com/ZJULearning/resa,187,,Papers With Code / arXiv,2008.13719,41,187
1.0,RESEARCH_PAPER,Sequential Place Learning: Heuristic-Free High-Performance Long-Term Place Recognition,,https://arxiv.org/abs/2103.02074v1,https://github.com/mchancan/deepseqslam,96,,Papers With Code / arXiv,2103.02074,13,96
1.0,RESEARCH_PAPER,A deep perceptual metric for 3D point clouds,,https://arxiv.org/abs/2102.12839v1,https://github.com/mauriceqch/2021_pc_perceptual_loss,14,,Papers With Code / arXiv,2102.12839,3,14
1.0,RESEARCH_PAPER,A Crash Course on Reinforcement Learning,,https://arxiv.org/abs/2103.04910v1,https://github.com/FarnazAdib/Crash_course_on_RL,84,,Papers With Code / arXiv,2103.04910,18,84
1.0,RESEARCH_PAPER,End-to-End Human Object Interaction Detection with HOI Transformer,,https://arxiv.org/abs/2103.04503v1,https://github.com/bbepoch/HoiTransformer,155,,Papers With Code / arXiv,2103.04503,22,155
1.0,RESEARCH_PAPER,LightningDOT: Pre-training Visual-Semantic Embeddings for Real-Time Image-Text Retrieval,,https://arxiv.org/abs/2103.08784v2,https://github.com/intersun/LightningDOT,72,,Papers With Code / arXiv,2103.08784,8,72
1.0,RESEARCH_PAPER,"Compositionality Through Language Transmission, using Artificial Neural Networks",,https://arxiv.org/abs/2101.11739v2,https://github.com/asappresearch/neural-ilm,0,,Papers With Code / arXiv,2101.11739,0,0
1.0,RESEARCH_PAPER,Multi-scale GCN-assisted two-stage network for joint segmentation of retinal layers and disc in peripapillary OCT images,,https://arxiv.org/abs/2102.04799v1,https://github.com/Jiaxuan-Li/MGU-Net,113,,Papers With Code / arXiv,2102.04799,16,113
1.0,RESEARCH_PAPER,Determining the maximum information gain and optimising experimental design in neutron reflectometry using the Fisher information,,https://arxiv.org/abs/2103.08973v3,https://github.com/James-Durant/fisher-information,8,,Papers With Code / arXiv,2103.08973,0,8
1.0,RESEARCH_PAPER,Implicit Normalizing Flows,,https://arxiv.org/abs/2103.09527v1,https://github.com/thu-ml/implicit-normalizing-flows,37,,Papers With Code / arXiv,2103.09527,6,37
1.0,RESEARCH_PAPER,Robust MPC for Linear Systems with Parametric and Additive Uncertainty: A Novel Constraint Tightening Approach,,https://arxiv.org/abs/2007.00930v6,https://github.com/monimoyb/RMPC_MixedUncertainty,26,,Papers With Code / arXiv,2007.00930,3,26
1.0,RESEARCH_PAPER,Affordance Transfer Learning for Human-Object Interaction Detection,,https://arxiv.org/abs/2104.02867v2,https://github.com/zhihou7/HOI-CL-OneStage,5,,Papers With Code / arXiv,2104.02867,3,5
1.0,RESEARCH_PAPER,Comprehensive Study: How the Context Information of Different Granularity Affects Dialogue State Tracking?,,https://arxiv.org/abs/2105.03571v2,https://github.com/yangpuhai/Granularity-in-DST,6,,Papers With Code / arXiv,2105.03571,0,6
1.0,RESEARCH_PAPER,OVERT: An Algorithm for Safety Verification of Neural Network Control Policies for Nonlinear Systems,,https://arxiv.org/abs/2108.01220v1,https://github.com/sisl/OVERTVerify.jl,9,,Papers With Code / arXiv,2108.01220,1,9
1.0,RESEARCH_PAPER,Adapting Membership Inference Attacks to GNN for Graph Classification: Approaches and Implications,,https://arxiv.org/abs/2110.08760v1,https://github.com/TrustworthyGNN/MIA-GNN,12,,Papers With Code / arXiv,2110.08760,11,12
1.0,RESEARCH_PAPER,ImageNet-21K Pretraining for the Masses,,https://arxiv.org/abs/2104.10972v4,https://github.com/Alibaba-MIIL/ImageNet21K,779,,Papers With Code / arXiv,2104.10972,71,779
1.0,RESEARCH_PAPER,"PyTorchDIA: A flexible, GPU-accelerated numerical approach to Difference Image Analysis",,https://arxiv.org/abs/2104.13715v2,https://github.com/jah1994/PyTorchDIA,15,,Papers With Code / arXiv,2104.13715,4,15
1.0,RESEARCH_PAPER,AlphaNet: Improved Training of Supernets with Alpha-Divergence,,https://arxiv.org/abs/2102.07954v2,https://github.com/facebookresearch/AlphaNet,99,,Papers With Code / arXiv,2102.07954,13,99
1.0,RESEARCH_PAPER,Convex Parameterization of Stabilizing Controllers and its LMI-based Computation via Filtering,,https://arxiv.org/abs/2203.17145v1,https://github.com/soc-ucsd/iop_lmi,3,,Papers With Code / arXiv,2203.17145,0,3
1.0,RESEARCH_PAPER,Predicting Semantic Map Representations from Images using Pyramid Occupancy Networks,,https://arxiv.org/abs/2003.13402v1,https://github.com/tom-roddick/mono-semantic-maps,323,,Papers With Code / arXiv,2003.13402,69,323
1.0,RESEARCH_PAPER,Multi-modal Conditional Bounding Box Regression for Music Score Following,,https://arxiv.org/abs/2105.04309v1,https://github.com/CPJKU/cyolo_score_following,19,,Papers With Code / arXiv,2105.04309,5,19
1.0,RESEARCH_PAPER,Exploring Discourse Structures for Argument Impact Classification,,https://arxiv.org/abs/2106.00976v1,https://github.com/HKUST-KnowComp/DisCOC,4,,Papers With Code / arXiv,2106.00976,1,4
1.0,RESEARCH_PAPER,Soft Alignment Objectives for Robust Adaptation of Language Generation,,https://arxiv.org/abs/2211.16550v2,https://github.com/MIR-MU/softalign_objectives,1,,Papers With Code / arXiv,2211.16550,0,1
1.0,RESEARCH_PAPER,Simplifying Deep Reinforcement Learning via Self-Supervision,,https://arxiv.org/abs/2106.05526v1,https://github.com/daochenzha/SSRL,8,,Papers With Code / arXiv,2106.05526,2,8
1.0,RESEARCH_PAPER,RetinaNet Object Detector based on Analog-to-Spiking Neural Network Conversion,,https://arxiv.org/abs/2106.05624v2,https://github.com/joaromi/Spiking-RetinaNet,8,,Papers With Code / arXiv,2106.05624,2,8
1.0,RESEARCH_PAPER,Lyman-\alpha absorption beyond the disk of simulated spiral galaxies,,http://arxiv.org/abs/2005.08580v1,https://bitbucket.org/broett/pygad,,,Papers With Code / arXiv,2005.08580,,
1.0,RESEARCH_PAPER,Psychometric Predictive Power of Large Language Models,,https://arxiv.org/abs/2311.07484v3,https://github.com/kuribayashi4/llm-cognitive-modeling,6,,Papers With Code / arXiv,2311.07484,2,6
1.0,RESEARCH_PAPER,A Powerful Genetic Algorithm for Traveling Salesman Problem,,http://arxiv.org/abs/1402.4699v1,https://github.com/sugia/GA-for-TSP,56,,Papers With Code / arXiv,1402.4699,16,56
1.0,RESEARCH_PAPER,TTOpt: A Maximum Volume Quantized Tensor Train-based Optimization and its Application to Reinforcement Learning,,https://arxiv.org/abs/2205.00293v2,https://github.com/AndreiChertkov/ttopt,39,,Papers With Code / arXiv,2205.00293,3,39
1.0,RESEARCH_PAPER,A containerized proof-of-concept implementation of LightChain system,,http://arxiv.org/abs/2007.13203v1,https://github.com/thep2p/lightchain-container,12,,Papers With Code / arXiv,2007.13203,6,12
1.0,RESEARCH_PAPER,Model Explanations via the Axiomatic Causal Lens,,https://arxiv.org/abs/2109.03890v6,https://github.com/GaBi-1337/Causal-Explanations,0,,Papers With Code / arXiv,2109.03890,0,0
1.0,RESEARCH_PAPER,Learning Multi-touch Conversion Attribution with Dual-attention Mechanisms for Online Advertising,,http://arxiv.org/abs/1808.03737v2,https://github.com/rk2900/deep-conv-attr,62,,Papers With Code / arXiv,1808.03737,29,62
1.0,RESEARCH_PAPER,"Generalized Wasserstein Dice Loss, Test-time Augmentation, and Transformers for the BraTS 2021 challenge",,https://arxiv.org/abs/2112.13054v1,https://github.com/LucasFidon/TRABIT_BraTS2021,19,,Papers With Code / arXiv,2112.13054,4,19
1.0,RESEARCH_PAPER,Lifelong Learning of Graph Neural Networks for Open-World Node Classification,,https://arxiv.org/abs/2006.14422v4,https://github.com/lgalke/lifelong-learning,29,,Papers With Code / arXiv,2006.14422,5,29
1.0,RESEARCH_PAPER,SAILOR: Scaling Anchors via Insights into Latent Object Representation,,https://arxiv.org/abs/2210.07811v2,https://github.com/malicd/sailor,9,,Papers With Code / arXiv,2210.07811,0,9
1.0,RESEARCH_PAPER,Multi-Task Learning Framework for Emotion Recognition in-the-wild,,https://arxiv.org/abs/2207.09373v3,https://github.com/AIM3-RUC/ABAW4,9,,Papers With Code / arXiv,2207.09373,2,9
1.0,RESEARCH_PAPER,Machine learning accelerated particle-in-cell plasma simulations,,https://arxiv.org/abs/2110.12444v1,https://github.com/rkube/picfun,9,,Papers With Code / arXiv,2110.12444,0,9
1.0,RESEARCH_PAPER,MRI Super-Resolution using Multi-Channel Total Variation,,https://arxiv.org/abs/1810.03422v6,https://github.com/WCHN/mtv-preproc,2,,Papers With Code / arXiv,1810.03422,0,2
1.0,RESEARCH_PAPER,Deep learning Local Reduced Density Matrices for Many-body Hamiltonian Estimation,,https://arxiv.org/abs/2012.03019v2,https://github.com/JoyeBNU/QubismNet,1,,Papers With Code / arXiv,2012.03019,0,1
1.0,RESEARCH_PAPER,"Lights, Camera, Action! A Framework to Improve NLP Accuracy over OCR documents",,https://arxiv.org/abs/2108.02899v1,https://github.com/microsoft/genalog,359,,Papers With Code / arXiv,2108.02899,36,359
1.0,RESEARCH_PAPER,Astronomaly Protege: Discovery Through Human-Machine Collaboration,,https://arxiv.org/abs/2411.04188v3,https://github.com/MichelleLochner/mgcls.protege,0,,Papers With Code / arXiv,2411.04188,0,0
1.0,RESEARCH_PAPER,Traffic4cast -- Large-scale Traffic Prediction using 3DResNet and Sparse-UNet,,https://arxiv.org/abs/2111.05990v1,https://github.com/resuly/Traffic4Cast-2021,3,,Papers With Code / arXiv,2111.05990,1,3
1.0,RESEARCH_PAPER,Monotonic Chunkwise Attention,,http://arxiv.org/abs/1712.05382v2,https://github.com/craffel/mocha,54,,Papers With Code / arXiv,1712.05382,12,54
1.0,RESEARCH_PAPER,Benchmarking Relief-Based Feature Selection Methods for Bioinformatics Data Mining,,http://arxiv.org/abs/1711.08477v2,https://github.com/EpistasisLab/ReBATE,32,,Papers With Code / arXiv,1711.08477,12,32
1.0,RESEARCH_PAPER,Adaptive Convolution Kernel for Artificial Neural Networks,,https://arxiv.org/abs/2009.06385v1,https://github.com/btekgit/AdaptiveCNN,5,,Papers With Code / arXiv,2009.06385,0,5
1.0,RESEARCH_PAPER,Developing a unified pipeline for large-scale structure data analysis with angular power spectra -- III. Implementing the multi-tracer technique to constrain neutrino masses,,http://arxiv.org/abs/2009.05584v2,https://github.com/ktanidis/Modified_CosmoSIS_for_galaxy_number_count_angular_power_spectra,1,,Papers With Code / arXiv,2009.05584,1,1
1.0,RESEARCH_PAPER,Learning to Diversify for Single Domain Generalization,,https://arxiv.org/abs/2108.11726v3,https://github.com/BUserName/Learning_to_diversify,92,,Papers With Code / arXiv,2108.11726,14,92
1.0,RESEARCH_PAPER,Lyra: A Benchmark for Turducken-Style Code Generation,,https://arxiv.org/abs/2108.12144v3,https://github.com/LIANGQINGYUAN/Lyra,15,,Papers With Code / arXiv,2108.12144,0,15
1.0,RESEARCH_PAPER,Emotion Prediction Oriented method with Multiple Supervisions for Emotion-Cause Pair Extraction,,https://arxiv.org/abs/2302.12417v1,https://github.com/LeMei/EPO-ECPE,6,,Papers With Code / arXiv,2302.12417,0,6
1.0,RESEARCH_PAPER,"Federated Reconnaissance: Efficient, Distributed, Class-Incremental Learning",,https://arxiv.org/abs/2109.00150v1,https://github.com/ml4ai/fed-recon,13,,Papers With Code / arXiv,2109.00150,3,13
1.0,RESEARCH_PAPER,Improving Multimodal Fusion with Hierarchical Mutual Information Maximization for Multimodal Sentiment Analysis,,https://arxiv.org/abs/2109.00412v2,https://github.com/declare-lab/Multimodal-Infomax,203,,Papers With Code / arXiv,2109.00412,36,203
1.0,RESEARCH_PAPER,Modular Retrieval for Generalization and Interpretation,,https://arxiv.org/abs/2303.13419v1,https://github.com/FreedomIntelligence/REMOP,14,,Papers With Code / arXiv,2303.13419,0,14
1.0,RESEARCH_PAPER,Scalable Feature Matching Across Large Data Collections,,https://arxiv.org/abs/2101.02035v1,https://github.com/ddegras/matchFeat,2,,Papers With Code / arXiv,2101.02035,1,2
1.0,RESEARCH_PAPER,Exploring the Role of BERT Token Representations to Explain Sentence Probing Results,,https://arxiv.org/abs/2104.01477v2,https://github.com/hmohebbi/explain-probing-results,4,,Papers With Code / arXiv,2104.01477,1,4
1.0,RESEARCH_PAPER,Total Recall: a Customized Continual Learning Method for Neural Semantic Parsers,,https://arxiv.org/abs/2109.05186v2,https://github.com/zhuang-li/cl_nsp,7,,Papers With Code / arXiv,2109.05186,2,7
1.0,RESEARCH_PAPER,Duluth UROP at SemEval-2018 Task 2: Multilingual Emoji Prediction with Ensemble Learning and Oversampling,,http://arxiv.org/abs/1805.10267v1,https://github.com/shuningjin/SemEval2018-Task2-EmojiDetection,2,,Papers With Code / arXiv,1805.10267,1,2
1.0,RESEARCH_PAPER,Fast Neural Architecture Search of Compact Semantic Segmentation Models via Auxiliary Cells,,https://arxiv.org/abs/1810.10804v3,https://github.com/DrSleep/nas-segm-pytorch,151,,Papers With Code / arXiv,1810.10804,23,151
1.0,RESEARCH_PAPER,Improving Response Selection in Multi-Turn Dialogue Systems by Incorporating Domain Knowledge,,http://arxiv.org/abs/1809.03194v3,https://github.com/SmartDataAnalytics/AK-DE-biGRU,58,,Papers With Code / arXiv,1809.03194,11,58
1.0,RESEARCH_PAPER,HyperMinHash: MinHash in LogLog space,,https://arxiv.org/abs/1710.08436v4,https://github.com/yunwilliamyu/hyperminhash,57,,Papers With Code / arXiv,1710.08436,8,57
1.0,RESEARCH_PAPER,Data compression in cosmology: A compressed likelihood for Planck data,,https://arxiv.org/abs/1909.05869v1,https://github.com/heatherprince/cosmoped,9,,Papers With Code / arXiv,1909.05869,2,9
1.0,RESEARCH_PAPER,Enhancing Discrete Choice Models with Representation Learning,,https://arxiv.org/abs/1812.09747v3,https://github.com/BSifringer/EnhancedDCM,45,,Papers With Code / arXiv,1812.09747,17,45
1.0,RESEARCH_PAPER,Sparse Perturbations for Improved Convergence in Stochastic Zeroth-Order Optimization,,https://arxiv.org/abs/2006.01759v2,https://github.com/StatNLP/sparse_szo,2,,Papers With Code / arXiv,2006.01759,1,2
1.0,RESEARCH_PAPER,Topics to Avoid: Demoting Latent Confounds in Text Classification,,https://arxiv.org/abs/1909.00453v2,https://github.com/Sachin19/adversarial-classify,9,,Papers With Code / arXiv,1909.00453,6,9
1.0,RESEARCH_PAPER,Depth-bounding is effective: Improvements and evaluation of unsupervised PCFG induction,,http://arxiv.org/abs/1809.03112v1,https://github.com/lifengjin/dimi_emnlp18,7,,Papers With Code / arXiv,1809.03112,4,7
1.0,RESEARCH_PAPER,CLFT: Camera-LiDAR Fusion Transformer for Semantic Segmentation in Autonomous Driving,,https://arxiv.org/abs/2404.17793v3,https://github.com/Claud1234/CLFT,38,,Papers With Code / arXiv,2404.17793,3,38
1.0,RESEARCH_PAPER,Efficient MDP Analysis for Selfish-Mining in Blockchains,,https://arxiv.org/abs/2007.05614v1,https://github.com/roibarzur/pto-selfish-mining,13,,Papers With Code / arXiv,2007.05614,5,13
1.0,RESEARCH_PAPER,Learning Latent Vector Spaces for Product Search,,http://arxiv.org/abs/1608.07253v1,https://github.com/cvangysel/SERT,111,,Papers With Code / arXiv,1608.07253,18,111
1.0,RESEARCH_PAPER,Reproducible Workflow on a Public Cloud for Computational Fluid Dynamics,,https://arxiv.org/abs/1904.07981v2,https://github.com/barbagroup/cloud-repro,9,,Papers With Code / arXiv,1904.07981,6,9
1.0,RESEARCH_PAPER,Sequential Feature Classification in the Context of Redundancies,,https://arxiv.org/abs/2004.00658v2,https://github.com/lpfann/squamish,0,,Papers With Code / arXiv,2004.00658,0,0
1.0,RESEARCH_PAPER,NUBES: A Corpus of Negation and Uncertainty in Spanish Clinical Texts,,https://arxiv.org/abs/2004.01092v1,https://github.com/Vicomtech/NUBes-negation-uncertainty-biomedical-corpus,7,,Papers With Code / arXiv,2004.01092,5,7
1.0,RESEARCH_PAPER,Nonnegative Gaussian process tomography for generalized segmented planar detectors,,https://arxiv.org/abs/1912.01058v1,https://github.com/decibelcooper/nngpt,7,,Papers With Code / arXiv,1912.01058,2,7
1.0,RESEARCH_PAPER,Learning an Optimally Reduced Formulation of OPF through Meta-optimization,,https://arxiv.org/abs/1911.06784v3,https://github.com/invenia/MetaOptOPF.jl,9,,Papers With Code / arXiv,1911.06784,3,9
1.0,RESEARCH_PAPER,k-Nearest Neighbour Classifiers: 2nd Edition (with Python examples),,https://arxiv.org/abs/2004.04523v2,https://github.com/PadraigC/kNNTutorial,19,,Papers With Code / arXiv,2004.04523,9,19
1.0,RESEARCH_PAPER,Constrained Concealment Attacks against Reconstruction-based Anomaly Detectors in Industrial Control Systems,,https://arxiv.org/abs/1907.07487v3,https://github.com/scy-phy/ICS-Evasion-Attacks,44,,Papers With Code / arXiv,1907.07487,8,44
1.0,RESEARCH_PAPER,Contextual Bandit with Adaptive Feature Extraction,,https://arxiv.org/abs/1802.00981v4,https://github.com/doerlbh/ABaCoDE,5,,Papers With Code / arXiv,1802.00981,1,5
1.0,RESEARCH_PAPER,MNIST-C: A Robustness Benchmark for Computer Vision,,https://arxiv.org/abs/1906.02337v1,https://github.com/google-research/mnist-c,72,,Papers With Code / arXiv,1906.02337,13,72
1.0,RESEARCH_PAPER,Deep Image Clustering with Category-Style Representation,,https://arxiv.org/abs/2007.10004v1,https://github.com/sKamiJ/DCCS,16,,Papers With Code / arXiv,2007.10004,2,16
1.0,RESEARCH_PAPER,QmeQ 1.0: An open-source Python package for calculations of transport through quantum dot devices,,http://arxiv.org/abs/1706.10104v2,https://github.com/gedaskir/qmeq,34,,Papers With Code / arXiv,1706.10104,23,34
1.0,RESEARCH_PAPER,Non-Gaussian Gaussian Processes for Few-Shot Regression,,https://arxiv.org/abs/2110.13561v1,https://github.com/gmum/non-gaussian-gaussian-processes,20,,Papers With Code / arXiv,2110.13561,2,20
1.0,RESEARCH_PAPER,Solving Inverse Problems With Deep Neural Networks -- Robustness Included?,,https://arxiv.org/abs/2011.04268v1,https://github.com/jmaces/robust-nets,30,,Papers With Code / arXiv,2011.04268,5,30
1.0,RESEARCH_PAPER,Interactive Classification by Asking Informative Questions,,https://arxiv.org/abs/1911.03598v2,https://github.com/asappresearch/interactive-classification,15,,Papers With Code / arXiv,1911.03598,4,15
1.0,RESEARCH_PAPER,ParAMS: Parameter Optimization for Atomistic and Molecular Simulations,,https://arxiv.org/abs/2102.08843v3,https://github.com/oiao/params_si,3,,Papers With Code / arXiv,2102.08843,0,3
1.0,RESEARCH_PAPER,LHCO_reader: A new code for reading and analyzing detector-level events stored in LHCO format,,http://arxiv.org/abs/1510.07319v2,https://github.com/andrewfowlie/LHCO_reader,3,,Papers With Code / arXiv,1510.07319,3,3
1.0,RESEARCH_PAPER,Approximate probabilistic verification of hybrid systems,,http://arxiv.org/abs/1412.6953v2,https://github.com/bgyori/hybrid,1,,Papers With Code / arXiv,1412.6953,0,1
1.0,RESEARCH_PAPER,Determining hyperbolicity of compact orientable 3-manifolds with torus boundary,,http://arxiv.org/abs/1410.7115v5,https://github.com/bobbycyiii/carrot,1,,Papers With Code / arXiv,1410.7115,0,1
1.0,RESEARCH_PAPER,Initial Semantics for Reduction Rules,,http://arxiv.org/abs/1212.5668v3,https://github.com/benediktahrens/monads,11,,Papers With Code / arXiv,1212.5668,2,11
1.0,RESEARCH_PAPER,Multiple Waves Propagate in Random Particulate Materials,,https://arxiv.org/abs/1810.10816v3,https://github.com/JuliaWaveScattering/EffectiveWaves.jl,19,,Papers With Code / arXiv,1810.10816,4,19
1.0,RESEARCH_PAPER,Slow cooling of hot polarons in halide perovskite solar cells,,http://arxiv.org/abs/1708.04158v1,https://github.com/WMD-group/hot-carrier-cooling,11,,Papers With Code / arXiv,1708.04158,5,11
1.0,RESEARCH_PAPER,Analysis of a certain polycyclic-group-based cryptosystem,,http://arxiv.org/abs/1504.05040v1,https://github.com/mkotov/polycyclic,0,,Papers With Code / arXiv,1504.05040,0,0
1.0,RESEARCH_PAPER,A Neuro-Inspired Autoencoding Defense Against Adversarial Perturbations,,https://arxiv.org/abs/2011.10867v2,https://github.com/canbakiskan/neuro-inspired-defense,0,,Papers With Code / arXiv,2011.10867,0,0
1.0,RESEARCH_PAPER,Denoising quantum states with Quantum Autoencoders -- Theory and Applications,,https://arxiv.org/abs/2012.14714v1,https://github.com/Tom-Achache/QAEs,1,,Papers With Code / arXiv,2012.14714,2,1
1.0,RESEARCH_PAPER,Multilingual Email Zoning,,https://arxiv.org/abs/2102.00461v2,https://github.com/cleverly-ai/multilingual-email-zoning,1,,Papers With Code / arXiv,2102.00461,0,1
1.0,RESEARCH_PAPER,Large-scale neural recordings call for new insights to link brain and behavior,,https://arxiv.org/abs/2103.14662v2,https://github.com/anne-urai/largescale_recordings,18,,Papers With Code / arXiv,2103.14662,2,18
1.0,RESEARCH_PAPER,Shellcode_IA32: A Dataset for Automatic Shellcode Generation,,https://arxiv.org/abs/2104.13100v4,https://github.com/dessertlab/Shellcode_IA32,42,,Papers With Code / arXiv,2104.13100,3,42
1.0,RESEARCH_PAPER,Of Models and Tin Men: A Behavioural Economics Study of Principal-Agent Problems in AI Alignment using Large-Language Models,,https://arxiv.org/abs/2307.11137v3,https://github.com/phelps-sg/llm-cooperation,13,,Papers With Code / arXiv,2307.11137,3,13
1.0,RESEARCH_PAPER,Aspect Sentiment Triplet Extraction Using Reinforcement Learning,,https://arxiv.org/abs/2108.06107v1,https://github.com/declare-lab/ASTE-RL,18,,Papers With Code / arXiv,2108.06107,3,18
1.0,RESEARCH_PAPER,ParC-Net: Position Aware Circular Convolution with Merits from ConvNets and Transformer,,https://arxiv.org/abs/2203.03952v5,https://github.com/hkzhang-git/ParC-Net,359,,Papers With Code / arXiv,2203.03952,53,359
1.0,RESEARCH_PAPER,DeepSplit: Scalable Verification of Deep Neural Networks via Operator Splitting,,https://arxiv.org/abs/2106.09117v3,https://github.com/ShaoruChen/DeepSplit,3,,Papers With Code / arXiv,2106.09117,1,3
1.0,RESEARCH_PAPER,Special subsets of addresses for blockchains using the secp256k1 curve,,https://arxiv.org/abs/2206.14107v1,https://github.com/GitGab19/blockchain-address-list-generation,2,,Papers With Code / arXiv,2206.14107,4,2
1.0,RESEARCH_PAPER,Verifiable Smart Contract Portability,,http://arxiv.org/abs/1902.03868v1,https://github.com/informartin/VeriSmart,5,,Papers With Code / arXiv,1902.03868,6,5
1.0,RESEARCH_PAPER,Deep Particulate Matter Forecasting Model Using Correntropy-Induced Loss,,https://arxiv.org/abs/2106.03032v2,https://github.com/appleparan/mise.py,1,,Papers With Code / arXiv,2106.03032,1,1
1.0,RESEARCH_PAPER,Optimal monomial quadratization for ODE systems,,https://arxiv.org/abs/2103.08013v3,https://github.com/AndreyBychkov/QBee,8,,Papers With Code / arXiv,2103.08013,2,8
1.0,RESEARCH_PAPER,Lessons on Parameter Sharing across Layers in Transformers,,https://arxiv.org/abs/2104.06022v4,https://github.com/takase/share_layer_params,28,,Papers With Code / arXiv,2104.06022,4,28
1.0,RESEARCH_PAPER,Energy-Efficient Parking Analytics System using Deep Reinforcement Learning,,https://arxiv.org/abs/2202.08973v2,https://github.com/pittcps/rl-parking,0,,Papers With Code / arXiv,2202.08973,0,0
1.0,RESEARCH_PAPER,Let there be a clock on the beach: Reducing Object Hallucination in Image Captioning,,https://arxiv.org/abs/2110.01705v2,https://github.com/furkanbiten/object-bias,15,,Papers With Code / arXiv,2110.01705,1,15
1.0,RESEARCH_PAPER,Semi-Supervised Domain Generalizable Person Re-Identification,,https://arxiv.org/abs/2108.05045v2,https://github.com/JDAI-CV/fast-reid,3989,,Papers With Code / arXiv,2108.05045,881,3989
1.0,RESEARCH_PAPER,Catch-A-Waveform: Learning to Generate Audio from a Single Short Example,,https://arxiv.org/abs/2106.06426v2,https://github.com/galgreshler/Catch-A-Waveform,190,,Papers With Code / arXiv,2106.06426,34,190
1.0,RESEARCH_PAPER,MedCare: Advancing Medical LLMs through Decoupling Clinical Alignment and Knowledge Aggregation,,https://arxiv.org/abs/2406.17484v3,https://github.com/BlueZeros/MedCare,4,,Papers With Code / arXiv,2406.17484,0,4
1.0,RESEARCH_PAPER,iCaRL: Incremental Classifier and Representation Learning,,http://arxiv.org/abs/1611.07725v2,https://github.com/srebuffi/iCaRL,273,,Papers With Code / arXiv,1611.07725,88,273
1.0,RESEARCH_PAPER,Deep learning approach for identification of HII regions during reionization in 21-cm observations,,https://arxiv.org/abs/2102.06713v2,https://github.com/micbia/SegU-Net,5,,Papers With Code / arXiv,2102.06713,1,5
1.0,RESEARCH_PAPER,Random Feature Stein Discrepancies,,https://arxiv.org/abs/1806.07788v5,https://bitbucket.org/jhhuggins/random-feature-stein-discrepancies,,,Papers With Code / arXiv,1806.07788,,
1.0,RESEARCH_PAPER,"A unified framework for closed-form nonparametric regression, classification, preference and mixed problems with Skew Gaussian Processes",,https://arxiv.org/abs/2012.06846v2,https://github.com/benavoli/SkewGP,16,,Papers With Code / arXiv,2012.06846,0,16
1.0,RESEARCH_PAPER,Domain-Specific Bias Filtering for Single Labeled Domain Generalization,,https://arxiv.org/abs/2110.00726v3,https://github.com/junkunyuan/DSBF,12,,Papers With Code / arXiv,2110.00726,0,12
1.0,RESEARCH_PAPER,"Benchmarking Chinese Text Recognition: Datasets, Baselines, and an Empirical Study",,https://arxiv.org/abs/2112.15093v2,https://github.com/FudanVI/benchmarking-chinese-text-recognition,506,,Papers With Code / arXiv,2112.15093,49,506
1.0,RESEARCH_PAPER,Visually Dehallucinative Instruction Generation: Know What You Don't Know,,https://arxiv.org/abs/2402.09717v1,https://github.com/ncsoft/idk,6,,Papers With Code / arXiv,2402.09717,2,6
1.0,RESEARCH_PAPER,Sub-Instruction Aware Vision-and-Language Navigation,,https://arxiv.org/abs/2004.02707v2,https://github.com/YicongHong/Fine-Grained-R2R,60,,Papers With Code / arXiv,2004.02707,4,60
1.0,RESEARCH_PAPER,Global Convergence and Generalization Bound of Gradient-Based Meta-Learning with Deep Neural Nets,,https://arxiv.org/abs/2006.14606v2,https://github.com/facebookresearch/higher,1625,,Papers With Code / arXiv,2006.14606,125,1625
1.0,RESEARCH_PAPER,PINTO: Faithful Language Reasoning Using Prompt-Generated Rationales,,https://arxiv.org/abs/2211.01562v3,https://github.com/wangpf3/pinto-faithful-language-reasoning,9,,Papers With Code / arXiv,2211.01562,3,9
1.0,RESEARCH_PAPER,Data Engineering for Scaling Language Models to 128K Context,,https://arxiv.org/abs/2402.10171v1,https://github.com/FranxYao/Long-Context-Data-Engineering,500,,Papers With Code / arXiv,2402.10171,33,500
1.0,RESEARCH_PAPER,Implicit Sparse Regularization: The Impact of Depth and Early Stopping,,https://arxiv.org/abs/2108.05574v2,https://github.com/jiangyuan-li/Implicit-Sparse-Regularization,2,,Papers With Code / arXiv,2108.05574,0,2
1.0,RESEARCH_PAPER,Multi-Agent Variational Occlusion Inference Using People as Sensors,,https://arxiv.org/abs/2109.02173v3,https://github.com/sisl/MultiAgentVariationalOcclusionInference,25,,Papers With Code / arXiv,2109.02173,8,25
1.0,RESEARCH_PAPER,Leveraging Locality in Abstractive Text Summarization,,https://arxiv.org/abs/2205.12476v2,https://github.com/yixinL7/PageSum,18,,Papers With Code / arXiv,2205.12476,2,18
1.0,RESEARCH_PAPER,Reflection from a multi-species material and its transmitted effective wavenumber,,http://arxiv.org/abs/1712.05427v3,https://github.com/JuliaWaveScattering/EffectiveWaves.jl,19,,Papers With Code / arXiv,1712.05427,4,19
1.0,RESEARCH_PAPER,Computational Performance of Deep Reinforcement Learning to find Nash Equilibria,,https://arxiv.org/abs/2104.12895v1,https://github.com/ckrk/bidding_learning,15,,Papers With Code / arXiv,2104.12895,7,15
1.0,RESEARCH_PAPER,Multimodal Knowledge Expansion,,https://arxiv.org/abs/2103.14431v3,https://github.com/zihuixue/MKE,10,,Papers With Code / arXiv,2103.14431,0,10
1.0,RESEARCH_PAPER,On Monte Carlo Tree Search for Weighted Vertex Coloring,,https://arxiv.org/abs/2202.01665v2,https://github.com/Cyril-Grelier/gc_wvcp_mcts,1,,Papers With Code / arXiv,2202.01665,1,1
1.0,RESEARCH_PAPER,A Perturbation-Based Kernel Approximation Framework,,https://arxiv.org/abs/2009.02955v2,https://github.com/roymitz/perturbation_kernel_approximation,1,,Papers With Code / arXiv,2009.02955,0,1
1.0,RESEARCH_PAPER,Panoptic SegFormer: Delving Deeper into Panoptic Segmentation with Transformers,,https://arxiv.org/abs/2109.03814v4,https://github.com/zhiqi-li/Panoptic-SegFormer,241,,Papers With Code / arXiv,2109.03814,33,241
1.0,RESEARCH_PAPER,Memory Efficient Meta-Learning with Large Images,,https://arxiv.org/abs/2107.01105v2,https://github.com/cambridge-mlg/LITE,11,,Papers With Code / arXiv,2107.01105,4,11
1.0,RESEARCH_PAPER,Reduced operator inference for nonlinear partial differential equations,,https://arxiv.org/abs/2102.00083v2,https://github.com/elizqian/operator-inference,13,,Papers With Code / arXiv,2102.00083,10,13
1.0,RESEARCH_PAPER,Learning to Compose with Professional Photographs on the Web,,http://arxiv.org/abs/1702.00503v2,https://github.com/yiling-chen/view-finding-network,76,,Papers With Code / arXiv,1702.00503,16,76
1.0,RESEARCH_PAPER,Towards Gradient-based Bilevel Optimization with Non-convex Followers and Beyond,,https://arxiv.org/abs/2110.00455v2,https://github.com/vis-opt-group/IAPTT-GM,0,,Papers With Code / arXiv,2110.00455,0,0
1.0,RESEARCH_PAPER,Fully convolutional Siamese neural networks for buildings damage assessment from satellite images,,https://arxiv.org/abs/2111.00508v1,https://github.com/BloodAxe/xView2-Solution,50,,Papers With Code / arXiv,2111.00508,10,50
1.0,RESEARCH_PAPER,ScienceMeter: Tracking Scientific Knowledge Updates in Language Models,,https://arxiv.org/abs/2505.24302v1,https://github.com/yikee/ScienceMeter,17,,Papers With Code / arXiv,2505.24302,0,17
1.0,RESEARCH_PAPER,A Unified View on Graph Neural Networks as Graph Signal Denoising,,https://arxiv.org/abs/2010.01777v2,https://github.com/alge24/ADA-UGNN,8,,Papers With Code / arXiv,2010.01777,3,8
1.0,RESEARCH_PAPER,Are Transformers More Robust Than CNNs?,,https://arxiv.org/abs/2111.05464v1,https://github.com/ytongbai/ViTs-vs-CNNs,180,,Papers With Code / arXiv,2111.05464,11,180
1.0,RESEARCH_PAPER,"$\texttt{express}$: extensible, high-level workflows for swifter $\textit{ab initio}$ materials modeling",,https://arxiv.org/abs/2109.11724v1,https://github.com/MineralsCloud/Express.jl,28,,Papers With Code / arXiv,2109.11724,1,28
1.0,RESEARCH_PAPER,ISSAFE: Improving Semantic Segmentation in Accidents by Fusing Event-based Data,,https://arxiv.org/abs/2008.08974v2,https://github.com/InSAI-Lab/ISSAFE,16,,Papers With Code / arXiv,2008.08974,4,16
1.0,RESEARCH_PAPER,Exploring Event-driven Dynamic Context for Accident Scene Segmentation,,https://arxiv.org/abs/2112.05006v1,https://github.com/InSAI-Lab/ISSAFE,16,,Papers With Code / arXiv,2112.05006,4,16
1.0,RESEARCH_PAPER,Utilising physics-guided deep learning to overcome data scarcity,,https://arxiv.org/abs/2211.15664v3,https://github.com/JinshuaiBai/PGDL_review,6,,Papers With Code / arXiv,2211.15664,1,6
1.0,RESEARCH_PAPER,Denoising of 3D MR images using a voxel-wise hybrid residual MLP-CNN model to improve small lesion diagnostic confidence,,https://arxiv.org/abs/2209.13818v1,https://github.com/laowangbobo/Residual_MLP_CNN_Mixer,18,,Papers With Code / arXiv,2209.13818,1,18
1.0,RESEARCH_PAPER,Size limits sensitivity in all kinetic schemes,,https://arxiv.org/abs/2112.07777v1,https://github.com/jaowen/nested-hysteresis,1,,Papers With Code / arXiv,2112.07777,0,1
1.0,RESEARCH_PAPER,Optab: Public code for generating gas opacity tables for radiation hydrodynamics simulations,,https://arxiv.org/abs/2112.05689v1,https://github.com/nombac/optab,20,,Papers With Code / arXiv,2112.05689,7,20
1.0,RESEARCH_PAPER,An Imaging Search for Post-Main-Sequence Planets of Sirius B,,https://arxiv.org/abs/2112.05234v1,https://github.com/mileslucas/sirius-b,2,,Papers With Code / arXiv,2112.05234,0,2
1.0,RESEARCH_PAPER,Online Mixed-Integer Optimization in Milliseconds,,https://arxiv.org/abs/1907.02206v4,https://github.com/bstellato/mlopt,105,,Papers With Code / arXiv,1907.02206,24,105
1.0,RESEARCH_PAPER,A twin-decoder structure for incompressible laminar flow reconstruction with uncertainty estimation around 2D obstacles,,https://arxiv.org/abs/2104.03619v2,https://github.com/cfl-minds/twin_autoencoder,2,,Papers With Code / arXiv,2104.03619,1,2
1.0,RESEARCH_PAPER,Product1M: Towards Weakly Supervised Instance-Level Product Retrieval via Cross-modal Pretraining,,https://arxiv.org/abs/2107.14572v2,https://github.com/zhanxlin/Product1M,89,,Papers With Code / arXiv,2107.14572,6,89
1.0,RESEARCH_PAPER,Exploiting Anti-monotonicity of Multi-label Evaluation Measures for Inducing Multi-label Rules,,http://arxiv.org/abs/1812.06833v1,https://github.com/keelm/SeCo-MLC,0,,Papers With Code / arXiv,1812.06833,3,0
1.0,RESEARCH_PAPER,Efficient Discovery of Expressive Multi-label Rules using Relaxed Pruning,,https://arxiv.org/abs/1908.06874v1,https://github.com/keelm/SeCo-MLC,0,,Papers With Code / arXiv,1908.06874,3,0
1.0,RESEARCH_PAPER,The R2D2 Prior for Generalized Linear Mixed Models,,https://arxiv.org/abs/2111.10718v3,https://github.com/eyanchenko/r2d2glmm,3,,Papers With Code / arXiv,2111.10718,0,3
1.0,RESEARCH_PAPER,Auto-Encoding Score Distribution Regression for Action Quality Assessment,,https://arxiv.org/abs/2111.11029v2,https://github.com/Luciferbobo/DAE-AQA,39,,Papers With Code / arXiv,2111.11029,5,39
1.0,RESEARCH_PAPER,Exploiting Adapters for Cross-lingual Low-resource Speech Recognition,,https://arxiv.org/abs/2105.11905v2,https://github.com/jindongwang/transferlearning,14351,,Papers With Code / arXiv,2105.11905,3835,14351
1.0,RESEARCH_PAPER,"Rate Coding or Direct Coding: Which One is Better for Accurate, Robust, and Energy-efficient Spiking Neural Networks?",,https://arxiv.org/abs/2202.03133v2,https://github.com/Intelligent-Computing-Lab-Panda/Rate-vs-Direct,20,,Papers With Code / arXiv,2202.03133,2,20
1.0,RESEARCH_PAPER,Narwhal and Tusk: A DAG-based Mempool and Efficient BFT Consensus,,https://arxiv.org/abs/2105.11827v4,https://github.com/asonnino/narwhal,116,,Papers With Code / arXiv,2105.11827,50,116
1.0,RESEARCH_PAPER,Multi-UAV Path Planning for Wireless Data Harvesting with Deep Reinforcement Learning,,https://arxiv.org/abs/2010.12461v3,https://github.com/hbayerlein/uav_data_harvesting,220,,Papers With Code / arXiv,2010.12461,49,220
1.0,RESEARCH_PAPER,Multivariate functional group sparse regression: functional predictor selection,,https://arxiv.org/abs/2107.02146v2,https://github.com/Ali-Mahzarnia/MFSGrp,1,,Papers With Code / arXiv,2107.02146,1,1
1.0,RESEARCH_PAPER,DDP-GCN: Multi-Graph Convolutional Network for Spatiotemporal Traffic Forecasting,,https://arxiv.org/abs/1905.12256v3,https://github.com/SNU-DRL/DDP-GCN,15,,Papers With Code / arXiv,1905.12256,5,15
1.0,RESEARCH_PAPER,Inferring dark matter substructure with astrometric lensing beyond the power spectrum,,https://arxiv.org/abs/2110.01620v2,https://github.com/smsharma/neural-global-astrometry,4,,Papers With Code / arXiv,2110.01620,1,4
1.0,RESEARCH_PAPER,3D Shape Reconstruction from Free-Hand Sketches,,https://arxiv.org/abs/2006.09694v2,https://github.com/samaonline/3D-Shape-Reconstruction-from-Free-Hand-Sketches,37,,Papers With Code / arXiv,2006.09694,4,37
1.0,RESEARCH_PAPER,Input Selection for Bandwidth-Limited Neural Network Inference,,https://arxiv.org/abs/1906.04673v2,https://github.com/StefOe/selection-masks,2,,Papers With Code / arXiv,1906.04673,0,2
1.0,RESEARCH_PAPER,On approximate data reduction for the Rural Postman Problem: Theory and experiments,,http://arxiv.org/abs/1812.10131v3,https://gitlab.com/rvb/rpp-psaks,,,Papers With Code / arXiv,1812.10131,,
1.0,RESEARCH_PAPER,AdaRNN: Adaptive Learning and Forecasting of Time Series,,https://arxiv.org/abs/2108.04443v2,https://github.com/jindongwang/transferlearning,14351,,Papers With Code / arXiv,2108.04443,3835,14351
1.0,RESEARCH_PAPER,AutoLabel: CLIP-based framework for Open-set Video Domain Adaptation,,https://arxiv.org/abs/2304.01110v2,https://github.com/gzaraunitn/autolabel,21,,Papers With Code / arXiv,2304.01110,0,21
1.0,RESEARCH_PAPER,Respecting Time Series Properties Makes Deep Time Series Forecasting Perfect,,https://arxiv.org/abs/2207.10941v1,https://github.com/OrigamiSL/RTNet2022,12,,Papers With Code / arXiv,2207.10941,4,12
1.0,RESEARCH_PAPER,ArgSciChat: A Dataset for Argumentative Dialogues on Scientific Papers,,https://arxiv.org/abs/2202.06690v3,https://github.com/federicoruggeri/argscichat_project,5,,Papers With Code / arXiv,2202.06690,0,5
1.0,RESEARCH_PAPER,Twitter Dataset for 2022 Russo-Ukrainian Crisis,,https://arxiv.org/abs/2203.02955v1,https://github.com/ehsanulhaq1/russo_ukraine_dataset,47,,Papers With Code / arXiv,2203.02955,12,47
1.0,RESEARCH_PAPER,How Much Does Attention Actually Attend? Questioning the Importance of Attention in Pretrained Transformers,,https://arxiv.org/abs/2211.03495v1,https://github.com/schwartz-lab-NLP/papa,27,,Papers With Code / arXiv,2211.03495,2,27
1.0,RESEARCH_PAPER,Semantics-Adaptive Activation Intervention for LLMs via Dynamic Steering Vectors,,https://arxiv.org/abs/2410.12299v1,https://github.com/weixuan-wang123/SADI,19,,Papers With Code / arXiv,2410.12299,1,19
1.0,RESEARCH_PAPER,DisCo: Remedy Self-supervised Learning on Lightweight Models with Distilled Contrastive Learning,,https://arxiv.org/abs/2104.09124v7,https://github.com/Yuting-Gao/DisCo-pytorch,102,,Papers With Code / arXiv,2104.09124,11,102
1.0,RESEARCH_PAPER,Interpretable Self-Aware Neural Networks for Robust Trajectory Prediction,,https://arxiv.org/abs/2211.08701v1,https://github.com/sisl/InterpretableSelfAwarePrediction,21,,Papers With Code / arXiv,2211.08701,1,21
1.0,RESEARCH_PAPER,Modeling microlensing events with MulensModel,,http://arxiv.org/abs/1803.01003v3,https://github.com/rpoleski/MulensModel,67,,Papers With Code / arXiv,1803.01003,20,67
1.0,RESEARCH_PAPER,Streaming Velocity Effects on the Post-reionization 21 cm Baryon Acoustic Oscillation Signal,,https://arxiv.org/abs/2107.07615v2,https://github.com/CosmoSheep/HIPowerSpectrum,0,,Papers With Code / arXiv,2107.07615,0,0
1.0,RESEARCH_PAPER,"A Unified Transformer Framework for Group-based Segmentation: Co-Segmentation, Co-Saliency Detection and Video Salient Object Detection",,https://arxiv.org/abs/2203.04708v2,https://github.com/suyukun666/UFO,302,,Papers With Code / arXiv,2203.04708,50,302
1.0,RESEARCH_PAPER,End-to-end symbolic regression with transformers,,https://arxiv.org/abs/2204.10532v1,https://github.com/facebookresearch/symbolicregression,133,,Papers With Code / arXiv,2204.10532,30,133
1.0,RESEARCH_PAPER,A Conflict-Based Search Framework for Multi-Objective Multi-Agent Path Finding,,https://arxiv.org/abs/2101.03805v5,https://github.com/rap-lab-org/public_cppmomapf,40,,Papers With Code / arXiv,2101.03805,2,40
1.0,RESEARCH_PAPER,Single-stream CNN with Learnable Architecture for Multi-source Remote Sensing Data,,https://arxiv.org/abs/2109.06094v2,https://github.com/yyyyangyi/CNNs-for-Multi-Source-Remote-Sensing-Data-Fusion,63,,Papers With Code / arXiv,2109.06094,6,63
1.0,RESEARCH_PAPER,On the performance of deep learning models for time series classification in streaming,,https://arxiv.org/abs/2003.02544v2,https://github.com/pedrolarben/ADLStream,16,,Papers With Code / arXiv,2003.02544,8,16
1.0,RESEARCH_PAPER,KTRL+F: Knowledge-Augmented In-Document Search,,https://arxiv.org/abs/2311.08329v4,https://github.com/kaistAI/KtrlF,23,,Papers With Code / arXiv,2311.08329,4,23
1.0,RESEARCH_PAPER,Transfer Learning with Gaussian Processes for Bayesian Optimization,,https://arxiv.org/abs/2111.11223v2,https://github.com/boschresearch/transfergpbo,7,,Papers With Code / arXiv,2111.11223,2,7
1.0,RESEARCH_PAPER,"Querying Inconsistent Prioritized Data with ORBITS: Algorithms, Implementation, and Experiments",,https://arxiv.org/abs/2202.07980v2,https://github.com/bourgaux/orbits,2,,Papers With Code / arXiv,2202.07980,1,2
1.0,RESEARCH_PAPER,ÚFAL CorPipe at CRAC 2022: Effectivity of Multilingual Models for Coreference Resolution,,https://arxiv.org/abs/2209.07278v3,https://github.com/ufal/crac2022-corpipe,4,,Papers With Code / arXiv,2209.07278,2,4
1.0,RESEARCH_PAPER,Formalization of a Stochastic Approximation Theorem,,https://arxiv.org/abs/2202.05959v2,https://github.com/IBM/FormalML,78,,Papers With Code / arXiv,2202.05959,18,78
1.0,RESEARCH_PAPER,Error Profile for Discontinuous Galerkin Time Stepping of Parabolic PDEs,,https://arxiv.org/abs/2208.03846v2,https://github.com/billmclean/DGErrorProfile,0,,Papers With Code / arXiv,2208.03846,0,0
1.0,RESEARCH_PAPER,Reinforcement Learned Distributed Multi-Robot Navigation with Reciprocal Velocity Obstacle Shaped Rewards,,https://arxiv.org/abs/2203.10229v1,https://github.com/hanruihua/rl_rvo_nav,296,,Papers With Code / arXiv,2203.10229,44,296
1.0,RESEARCH_PAPER,Metaphors in Pre-Trained Language Models: Probing and Generalization Across Datasets and Languages,,https://arxiv.org/abs/2203.14139v1,https://github.com/EhsanAghazadeh/Metaphors_in_PLMs,23,,Papers With Code / arXiv,2203.14139,4,23
1.0,RESEARCH_PAPER,fRegGAN with K-space Loss Regularization for Medical Image Translation,,https://arxiv.org/abs/2303.15938v2,https://github.com/Bayer-Group/fRegGAN,5,,Papers With Code / arXiv,2303.15938,0,5
1.0,RESEARCH_PAPER,Vakyansh: ASR Toolkit for Low Resource Indic languages,,https://arxiv.org/abs/2203.16512v2,https://github.com/Open-Speech-EkStep/vakyansh-models,329,,Papers With Code / arXiv,2203.16512,49,329
1.0,RESEARCH_PAPER,Forecast-MAE: Self-supervised Pre-training for Motion Forecasting with Masked Autoencoders,,https://arxiv.org/abs/2308.09882v1,https://github.com/jchengai/forecast-mae,223,,Papers With Code / arXiv,2308.09882,24,223
1.0,RESEARCH_PAPER,Graph Neural Networks in IoT: A Survey,,https://arxiv.org/abs/2203.15935v2,https://github.com/GuiminDong/GNN4IoT,74,,Papers With Code / arXiv,2203.15935,10,74
1.0,RESEARCH_PAPER,ICE-Score: Instructing Large Language Models to Evaluate Code,,https://arxiv.org/abs/2304.14317v2,https://github.com/terryyz/ice-score,80,,Papers With Code / arXiv,2304.14317,10,80
1.0,RESEARCH_PAPER,Discovering New Intents with Deep Aligned Clustering,,https://arxiv.org/abs/2012.08987v7,https://github.com/HanleiZhang/DeepAligned-Clustering,2,,Papers With Code / arXiv,2012.08987,0,2
1.0,RESEARCH_PAPER,Formalization of dependent type theory: The example of CaTT,,https://arxiv.org/abs/2111.14736v1,https://github.com/thibautbenjamin/catt-formalization,3,,Papers With Code / arXiv,2111.14736,1,3
1.0,RESEARCH_PAPER,Bimodal Distributed Binarized Neural Networks,,https://arxiv.org/abs/2204.02004v1,https://github.com/BlueAnon/BD-BNN,4,,Papers With Code / arXiv,2204.02004,0,4
1.0,RESEARCH_PAPER,NEVIS'22: A Stream of 100 Tasks Sampled from 30 Years of Computer Vision Research,,https://arxiv.org/abs/2211.11747v2,https://github.com/google-deepmind/dm_nevis,101,,Papers With Code / arXiv,2211.11747,5,101
1.0,RESEARCH_PAPER,Deformable Model-Driven Neural Rendering for High-Fidelity 3D Reconstruction of Human Heads Under Low-View Settings,,https://arxiv.org/abs/2303.13855v2,https://github.com/xubaixinxbx/3dheads,48,,Papers With Code / arXiv,2303.13855,4,48
1.0,RESEARCH_PAPER,Deep-Learning Density Functional Theory Hamiltonian for Efficient ab initio Electronic-Structure Calculation,,https://arxiv.org/abs/2104.03786v2,https://github.com/mzjb/DeepH-pack,340,,Papers With Code / arXiv,2104.03786,71,340
1.0,RESEARCH_PAPER,EHRCon: Dataset for Checking Consistency between Unstructured Notes and Structured Tables in Electronic Health Records,,https://arxiv.org/abs/2406.16341v2,https://github.com/dustn1259/EHRCon,31,,Papers With Code / arXiv,2406.16341,2,31
1.0,RESEARCH_PAPER,Devil is in Channels: Contrastive Single Domain Generalization for Medical Image Segmentation,,https://arxiv.org/abs/2306.05254v2,https://github.com/ShishuaiHu/CCSDG,37,,Papers With Code / arXiv,2306.05254,3,37
1.0,RESEARCH_PAPER,Easy and Efficient Transformer : Scalable Inference Solution For large NLP model,,https://arxiv.org/abs/2104.12470v5,https://github.com/NetEase-FuXi/EET,262,,Papers With Code / arXiv,2104.12470,44,262
1.0,RESEARCH_PAPER,A Fully Dynamic Algorithm for k-Regret Minimizing Sets,,https://arxiv.org/abs/2005.14493v1,https://github.com/yhwang1990/dynamic-rms,3,,Papers With Code / arXiv,2005.14493,1,3
1.0,RESEARCH_PAPER,TTS-CGAN: A Transformer Time-Series Conditional GAN for Biosignal Data Augmentation,,https://arxiv.org/abs/2206.13676v1,https://github.com/imics-lab/tts-cgan,88,,Papers With Code / arXiv,2206.13676,19,88
1.0,RESEARCH_PAPER,UMIFormer: Mining the Correlations between Similar Tokens for Multi-View 3D Reconstruction,,https://arxiv.org/abs/2302.13987v2,https://github.com/GaryZhu1996/UMIFormer,18,,Papers With Code / arXiv,2302.13987,1,18
1.0,RESEARCH_PAPER,$μ$AFL: Non-intrusive Feedback-driven Fuzzing for Microcontroller Firmware,,https://arxiv.org/abs/2202.03013v3,https://github.com/MCUSec/microAFL,48,,Papers With Code / arXiv,2202.03013,8,48
1.0,RESEARCH_PAPER,TAGLETS: A System for Automatic Semi-Supervised Learning with Auxiliary Data,,https://arxiv.org/abs/2111.04798v3,https://github.com/BatsResearch/piriyakulkij-mlsys22-code,4,,Papers With Code / arXiv,2111.04798,0,4
1.0,RESEARCH_PAPER,Hierarchical Representations and Explicit Memory: Learning Effective Navigation Policies on 3D Scene Graphs using Graph Neural Networks,,https://arxiv.org/abs/2108.01176v2,https://github.com/MIT-TESSE/dsg-rl,30,,Papers With Code / arXiv,2108.01176,4,30
1.0,RESEARCH_PAPER,Adversarial confound regression and uncertainty measurements to classify heterogeneous clinical MRI in Mass General Brigham,,https://arxiv.org/abs/2205.02885v2,https://github.com/mleming/MUCRAN,3,,Papers With Code / arXiv,2205.02885,1,3
1.0,RESEARCH_PAPER,Deep Radio Interferometric Imaging with POLISH: DSA-2000 and weak lensing,,https://arxiv.org/abs/2111.03249v2,https://github.com/liamconnor/polish-pub,2,,Papers With Code / arXiv,2111.03249,3,2
1.0,RESEARCH_PAPER,Simplifying approach to Node Classification in Graph Neural Networks,,https://arxiv.org/abs/2111.06748v1,https://github.com/sunilkmaurya/FSGNN,33,,Papers With Code / arXiv,2111.06748,9,33
1.0,RESEARCH_PAPER,Extract Free Dense Labels from CLIP,,https://arxiv.org/abs/2112.01071v2,https://github.com/chongzhou96/MaskCLIP,479,,Papers With Code / arXiv,2112.01071,30,479
1.0,RESEARCH_PAPER,Flexible and Fast Estimation of Binary Merger Population Distributions with Adaptive KDE,,https://arxiv.org/abs/2112.12659v3,https://github.com/jam-sadiq/PeakDetectionAlgorithm,0,,Papers With Code / arXiv,2112.12659,0,0
1.0,RESEARCH_PAPER,Extending the Design Space of Graph Neural Networks by Rethinking Folklore Weisfeiler-Lehman,,https://arxiv.org/abs/2306.03266v3,https://github.com/JiaruiFeng/N2GNN,9,,Papers With Code / arXiv,2306.03266,0,9
1.0,RESEARCH_PAPER,TransFuser: Imitation with Transformer-Based Sensor Fusion for Autonomous Driving,,https://arxiv.org/abs/2205.15997v1,https://github.com/autonomousvision/transfuser,1598,,Papers With Code / arXiv,2205.15997,244,1598
1.0,RESEARCH_PAPER,Constrained Variational Policy Optimization for Safe Reinforcement Learning,,https://arxiv.org/abs/2201.11927v3,https://github.com/liuzuxin/cvpo-safe-rl,81,,Papers With Code / arXiv,2201.11927,8,81
1.0,RESEARCH_PAPER,CycleMix: A Holistic Strategy for Medical Image Segmentation from Scribble Supervision,,https://arxiv.org/abs/2203.01475v2,https://github.com/BWGZK/CycleMix,99,,Papers With Code / arXiv,2203.01475,17,99
1.0,RESEARCH_PAPER,RecBole 2.0: Towards a More Up-to-Date Recommendation Library,,https://arxiv.org/abs/2206.07351v2,https://github.com/RUCAIBox/RecBole2.0,241,,Papers With Code / arXiv,2206.07351,26,241
1.0,RESEARCH_PAPER,BEVDet: High-performance Multi-camera 3D Object Detection in Bird-Eye-View,,https://arxiv.org/abs/2112.11790v3,https://github.com/HuangJunJie2017/BEVDet,1802,,Papers With Code / arXiv,2112.11790,312,1802
1.0,RESEARCH_PAPER,Automatic Correction of Human Translations,,https://arxiv.org/abs/2206.08593v1,https://github.com/lilt/tec,19,,Papers With Code / arXiv,2206.08593,0,19
1.0,RESEARCH_PAPER,Panoramic Panoptic Segmentation: Insights Into Surrounding Parsing for Mobile Agents via Unsupervised Contrastive Learning,,https://arxiv.org/abs/2206.10711v2,https://github.com/alexanderjaus/PPS,15,,Papers With Code / arXiv,2206.10711,1,15
1.0,RESEARCH_PAPER,Symmetric Network with Spatial Relationship Modeling for Natural Language-based Vehicle Retrieval,,https://arxiv.org/abs/2206.10879v1,https://github.com/hbchen121/AICITY2022_Track2_SSM,12,,Papers With Code / arXiv,2206.10879,4,12
1.0,RESEARCH_PAPER,VisFIS: Visual Feature Importance Supervision with Right-for-the-Right-Reason Objectives,,https://arxiv.org/abs/2206.11212v2,https://github.com/zfying/visfis,5,,Papers With Code / arXiv,2206.11212,1,5
1.0,RESEARCH_PAPER,Uncertainty Calibration for Deep Audio Classifiers,,https://arxiv.org/abs/2206.13071v1,https://github.com/shijing001/Uncertainty_calibration_audio_classifiers,2,,Papers With Code / arXiv,2206.13071,0,2
1.0,RESEARCH_PAPER,Feature Overcorrelation in Deep Graph Neural Networks: A New Perspective,,https://arxiv.org/abs/2206.07743v1,https://github.com/ChandlerBang/DeCorr,45,,Papers With Code / arXiv,2206.07743,3,45
1.0,RESEARCH_PAPER,Sparse Distillation: Speeding Up Text Classification by Using Bigger Student Models,,https://arxiv.org/abs/2110.08536v2,https://github.com/INK-USC/sparse-distillation,11,,Papers With Code / arXiv,2110.08536,3,11
1.0,RESEARCH_PAPER,Serendipity in dark photon searches,,https://arxiv.org/abs/1801.04847v2,https://gitlab.com/philten/darkcast,,,Papers With Code / arXiv,1801.04847,,
1.0,RESEARCH_PAPER,Probabilistic Embeddings for Cross-Modal Retrieval,,https://arxiv.org/abs/2101.05068v2,https://github.com/naver-ai/pcme,142,,Papers With Code / arXiv,2101.05068,19,142
1.0,RESEARCH_PAPER,Meta Networks,,http://arxiv.org/abs/1703.00837v2,https://bitbucket.org/tsendeemts/metanet,,,Papers With Code / arXiv,1703.00837,,
1.0,RESEARCH_PAPER,Bootstrap State Representation using Style Transfer for Better Generalization in Deep Reinforcement Learning,,https://arxiv.org/abs/2207.07749v1,https://github.com/masud99r/thinker,1,,Papers With Code / arXiv,2207.07749,2,1
1.0,RESEARCH_PAPER,Dual-branch Hybrid Learning Network for Unbiased Scene Graph Generation,,https://arxiv.org/abs/2207.07913v1,https://github.com/aa200647963/SGG-DHL,17,,Papers With Code / arXiv,2207.07913,0,17
1.0,RESEARCH_PAPER,Clustered Federated Learning via Generalized Total Variation Minimization,,https://arxiv.org/abs/2105.12769v4,https://github.com/sahelyiyi/FederatedLearning,8,,Papers With Code / arXiv,2105.12769,3,8
1.0,RESEARCH_PAPER,A hierarchical semantic segmentation framework for computer vision-based bridge damage detection,,https://arxiv.org/abs/2207.08878v2,https://github.com/jingxiaoliu/bridge-damage-segmentation,18,,Papers With Code / arXiv,2207.08878,3,18
1.0,RESEARCH_PAPER,KOLD: Korean Offensive Language Dataset,,https://arxiv.org/abs/2205.11315v2,https://github.com/boychaboy/KOLD,84,,Papers With Code / arXiv,2205.11315,5,84
1.0,RESEARCH_PAPER,WeNet 2.0: More Productive End-to-End Speech Recognition Toolkit,,https://arxiv.org/abs/2203.15455v2,https://github.com/wenet-e2e/wenet,5235,,Papers With Code / arXiv,2203.15455,1189,5235
1.0,RESEARCH_PAPER,Interpretable Semantic Photo Geolocation,,https://arxiv.org/abs/2104.14995v2,https://github.com/jtheiner/semantic_geo_partitioning,16,,Papers With Code / arXiv,2104.14995,3,16
1.0,RESEARCH_PAPER,Un-Mix: Rethinking Image Mixtures for Unsupervised Visual Representation Learning,,https://arxiv.org/abs/2003.05438v5,https://github.com/szq0214/Un-Mix,150,,Papers With Code / arXiv,2003.05438,14,150
1.0,RESEARCH_PAPER,TriStereoNet: A Trinocular Framework for Multi-baseline Disparity Estimation,,https://arxiv.org/abs/2111.12502v2,https://github.com/cogsys-tuebingen/tristereonet,12,,Papers With Code / arXiv,2111.12502,1,12
1.0,RESEARCH_PAPER,Robot Fleet Learning via Policy Merging,,https://arxiv.org/abs/2310.01362v3,https://github.com/liruiw/Fleet-Tools,29,,Papers With Code / arXiv,2310.01362,2,29
1.0,RESEARCH_PAPER,Multiclass-SGCN: Sparse Graph-based Trajectory Prediction with Agent Class Embedding,,https://arxiv.org/abs/2206.15275v1,https://github.com/Carrotsniper/Multiclass-SGCN,14,,Papers With Code / arXiv,2206.15275,5,14
1.0,RESEARCH_PAPER,Accurate Explanation Model for Image Classifiers using Class Association Embedding,,https://arxiv.org/abs/2406.07961v3,https://github.com/xrt11/XAI-CODE,9,,Papers With Code / arXiv,2406.07961,0,9
1.0,RESEARCH_PAPER,BAT-LZ Out of Hell,,https://arxiv.org/abs/2403.09893v2,https://github.com/fmasillo/BAT-LZ,3,,Papers With Code / arXiv,2403.09893,1,3
1.0,RESEARCH_PAPER,Explainable Reinforcement Learning via Model Transforms,,https://arxiv.org/abs/2209.12006v2,https://github.com/sarah-keren/RLPE,2,,Papers With Code / arXiv,2209.12006,0,2
1.0,RESEARCH_PAPER,Semi-supervised Conditional GAN for Simultaneous Generation and Detection of Phishing URLs: A Game theoretic Perspective,,https://arxiv.org/abs/2108.01852v3,https://github.com/SharifAmit/Semi-supervised-Phishing-Detection-GAN,11,,Papers With Code / arXiv,2108.01852,2,11
1.0,RESEARCH_PAPER,NSNet: A General Neural Probabilistic Framework for Satisfiability Problems,,https://arxiv.org/abs/2211.03880v1,https://github.com/zhaoyu-li/NSNet,19,,Papers With Code / arXiv,2211.03880,3,19
1.0,RESEARCH_PAPER,A practical guide and software for analysing pairwise comparison experiments,,http://arxiv.org/abs/1712.03686v2,https://github.com/mantiuk/pwcmp,49,,Papers With Code / arXiv,1712.03686,11,49
1.0,RESEARCH_PAPER,An adaptive kernel estimator for the intensity function of spatio-temporal point processes,,https://arxiv.org/abs/2208.12026v1,https://github.com/jagm03/kernstadapt,6,,Papers With Code / arXiv,2208.12026,1,6
1.0,RESEARCH_PAPER,An Active Learning Reliability Method for Systems with Partially Defined Performance Functions,,https://arxiv.org/abs/2210.02168v2,https://github.com/fiveai/hGP_experiments,8,,Papers With Code / arXiv,2210.02168,1,8
1.0,RESEARCH_PAPER,3D VSG: Long-term Semantic Scene Change Prediction through 3D Variable Scene Graphs,,https://arxiv.org/abs/2209.07896v2,https://github.com/ethz-asl/3d_vsg,101,,Papers With Code / arXiv,2209.07896,5,101
1.0,RESEARCH_PAPER,D&D: Learning Human Dynamics from Dynamic Camera,,https://arxiv.org/abs/2209.08790v1,https://github.com/jeffffffli/DnD,117,,Papers With Code / arXiv,2209.08790,4,117
1.0,RESEARCH_PAPER,Cerberus: Low-Drift Visual-Inertial-Leg Odometry For Agile Locomotion,,https://arxiv.org/abs/2209.07654v1,https://github.com/ShuoYangRobotics/Cerberus,383,,Papers With Code / arXiv,2209.07654,50,383
1.0,RESEARCH_PAPER,MonaCoBERT: Monotonic attention based ConvBERT for Knowledge Tracing,,https://arxiv.org/abs/2208.12615v2,https://github.com/codingchild2424/MonaCoBERT,16,,Papers With Code / arXiv,2208.12615,5,16
1.0,RESEARCH_PAPER,RuCoLA: Russian Corpus of Linguistic Acceptability,,https://arxiv.org/abs/2210.12814v1,https://github.com/RussianNLP/RuCoLA,50,,Papers With Code / arXiv,2210.12814,4,50
1.0,RESEARCH_PAPER,Panoramic Panoptic Segmentation: Towards Complete Surrounding Understanding via Unsupervised Contrastive Learning,,https://arxiv.org/abs/2103.00868v2,https://github.com/alexanderjaus/PPS,15,,Papers With Code / arXiv,2103.00868,1,15
1.0,RESEARCH_PAPER,Generating astronomical spectra from photometry with conditional diffusion models,,https://arxiv.org/abs/2211.05556v1,https://github.com/LarsDoorenbos/generate-spectra,17,,Papers With Code / arXiv,2211.05556,2,17
1.0,RESEARCH_PAPER,Fully Hyperbolic Convolutional Neural Networks for Computer Vision,,https://arxiv.org/abs/2303.15919v3,https://github.com/kschwethelm/HyperbolicCV,80,,Papers With Code / arXiv,2303.15919,9,80
1.0,RESEARCH_PAPER,Towards Interactive and Learnable Cooperative Driving Automation: a Large Language Model-Driven Decision-Making Framework,,https://arxiv.org/abs/2409.12812v2,https://github.com/FanGShiYuu/CoDrivingLLM,93,,Papers With Code / arXiv,2409.12812,6,93
1.0,RESEARCH_PAPER,Efficient Scale-Invariant Generator with Column-Row Entangled Pixel Synthesis,,https://arxiv.org/abs/2303.14157v3,https://github.com/VinAIResearch/CREPS,32,,Papers With Code / arXiv,2303.14157,1,32
1.0,RESEARCH_PAPER,Cascaded Debiasing: Studying the Cumulative Effect of Multiple Fairness-Enhancing Interventions,,https://arxiv.org/abs/2202.03734v2,https://github.com/bhavyaghai/Cascaded-Debiasing,4,,Papers With Code / arXiv,2202.03734,0,4
1.0,RESEARCH_PAPER,Incorporating Texture Information into Dimensionality Reduction for High-Dimensional Images,,https://arxiv.org/abs/2202.09179v2,https://github.com/biovault/Spidr,5,,Papers With Code / arXiv,2202.09179,0,5
1.0,RESEARCH_PAPER,Bi-directional Weakly Supervised Knowledge Distillation for Whole Slide Image Classification,,https://arxiv.org/abs/2210.03664v2,https://github.com/miccaiif/WENO,68,,Papers With Code / arXiv,2210.03664,13,68
1.0,RESEARCH_PAPER,Longtonotes: OntoNotes with Longer Coreference Chains,,https://arxiv.org/abs/2210.03650v1,https://github.com/kumar-shridhar/LongtoNotes,11,,Papers With Code / arXiv,2210.03650,0,11
1.0,RESEARCH_PAPER,Hate Speech and Offensive Language Detection in Bengali,,https://arxiv.org/abs/2210.03479v1,https://github.com/hate-alert/Bengali_Hate,1,,Papers With Code / arXiv,2210.03479,1,1
1.0,RESEARCH_PAPER,Self-Supervised Visual Representation Learning with Semantic Grouping,,https://arxiv.org/abs/2205.15288v2,https://github.com/CVMI-Lab/SlotCon,97,,Papers With Code / arXiv,2205.15288,11,97
1.0,RESEARCH_PAPER,Integrating Random Effects in Deep Neural Networks,,https://arxiv.org/abs/2206.03314v3,https://github.com/gsimchoni/lmmnn,40,,Papers With Code / arXiv,2206.03314,9,40
1.0,RESEARCH_PAPER,MetaDrive: Composing Diverse Driving Scenarios for Generalizable Reinforcement Learning,,https://arxiv.org/abs/2109.12674v3,https://github.com/metadriverse/metadrive,1244,,Papers With Code / arXiv,2109.12674,201,1244
1.0,RESEARCH_PAPER,Incremental Non-Gaussian Inference for SLAM Using Normalizing Flows,,https://arxiv.org/abs/2110.00876v2,https://github.com/MarineRoboticsGroup/NF-iSAM,29,,Papers With Code / arXiv,2110.00876,7,29
1.0,RESEARCH_PAPER,FETA: A Benchmark for Few-Sample Task Transfer in Open-Domain Dialogue,,https://arxiv.org/abs/2205.06262v2,https://github.com/alon-albalak/TLiDB,14,,Papers With Code / arXiv,2205.06262,5,14
1.0,RESEARCH_PAPER,Towards Few-shot Entity Recognition in Document Images: A Label-aware Sequence-to-Sequence Framework,,https://arxiv.org/abs/2204.05819v1,https://github.com/zlwang-cs/LASER-release,14,,Papers With Code / arXiv,2204.05819,2,14
1.0,RESEARCH_PAPER,Robustness Certification of Visual Perception Models via Camera Motion Smoothing,,https://arxiv.org/abs/2210.04625v2,https://github.com/HanjiangHu/camera-motion-smoothing,11,,Papers With Code / arXiv,2210.04625,0,11
1.0,RESEARCH_PAPER,SubeventWriter: Iterative Sub-event Sequence Generation with Coherence Controller,,https://arxiv.org/abs/2210.06694v3,https://github.com/HKUST-KnowComp/SubeventWriter,11,,Papers With Code / arXiv,2210.06694,0,11
1.0,RESEARCH_PAPER,KERPLE: Kernelized Relative Positional Embedding for Length Extrapolation,,https://arxiv.org/abs/2205.09921v2,https://github.com/chijames/KERPLE,20,,Papers With Code / arXiv,2205.09921,1,20
1.0,RESEARCH_PAPER,OneFormer: One Transformer to Rule Universal Image Segmentation,,https://arxiv.org/abs/2211.06220v2,https://github.com/SHI-Labs/OneFormer,1737,,Papers With Code / arXiv,2211.06220,154,1737
1.0,RESEARCH_PAPER,Quantum Approximate Optimization Algorithm Parameter Prediction Using a Convolutional Neural Network,,https://arxiv.org/abs/2211.09513v3,https://github.com/NingyiXie/Parameter-to-Parameter-Convolutional-Neural-Network,6,,Papers With Code / arXiv,2211.09513,0,6
1.0,RESEARCH_PAPER,Towards A Unified Conformer Structure: from ASR to ASV Task,,https://arxiv.org/abs/2211.07201v2,https://github.com/Snowdar/asv-subtools,636,,Papers With Code / arXiv,2211.07201,131,636
1.0,RESEARCH_PAPER,Harvesting BAT-GUANO with NITRATES (Non-Imaging Transient Reconstruction And TEmporal Search): Detecting and localizing the faintest GRBs with a likelihood framework,,https://arxiv.org/abs/2111.01769v2,https://github.com/Swift-BAT/NITRATES,21,,Papers With Code / arXiv,2111.01769,7,21
1.0,RESEARCH_PAPER,Universal EHR Federated Learning Framework,,https://arxiv.org/abs/2211.07300v1,https://github.com/starmpcc/UniFL,11,,Papers With Code / arXiv,2211.07300,3,11
1.0,RESEARCH_PAPER,AltCLIP: Altering the Language Encoder in CLIP for Extended Language Capabilities,,https://arxiv.org/abs/2211.06679v2,https://github.com/FlagAI-Open/FlagAI,3870,,Papers With Code / arXiv,2211.06679,417,3870
1.0,RESEARCH_PAPER,PKU-GoodsAD: A Supermarket Goods Dataset for Unsupervised Anomaly Detection and Segmentation,,https://arxiv.org/abs/2307.04956v2,https://github.com/jianzhang96/GoodsAD,41,,Papers With Code / arXiv,2307.04956,3,41
1.0,RESEARCH_PAPER,Hypergraphs for multiscale cycles in structured data,,https://arxiv.org/abs/2210.07545v1,https://github.com/irishryoon/minimal_generators_curves,2,,Papers With Code / arXiv,2210.07545,1,2
1.0,RESEARCH_PAPER,Bayesian additive regression trees for probabilistic programming,,https://arxiv.org/abs/2206.03619v4,https://github.com/Grupo-de-modelado-probabilista/BART,7,,Papers With Code / arXiv,2206.03619,7,7
1.0,RESEARCH_PAPER,A More Fine-Grained Aspect-Sentiment-Opinion Triplet Extraction Task,,https://arxiv.org/abs/2103.15255v5,https://github.com/l294265421/GTS-ASOTE,0,,Papers With Code / arXiv,2103.15255,0,0
1.0,RESEARCH_PAPER,How to Synthesize a Large-Scale and Trainable Micro-Expression Dataset?,,https://arxiv.org/abs/2112.01730v7,https://github.com/liuyvchi/MiE-X,16,,Papers With Code / arXiv,2112.01730,1,16
1.0,RESEARCH_PAPER,"RGB-T Semantic Segmentation with Location, Activation, and Sharpening",,https://arxiv.org/abs/2210.14530v1,https://github.com/MathLee/LASNet,32,,Papers With Code / arXiv,2210.14530,4,32
1.0,RESEARCH_PAPER,Improving Large Language Models in Event Relation Logical Prediction,,https://arxiv.org/abs/2310.09158v2,https://github.com/chenmeiqii/Teach-LLM-LR,33,,Papers With Code / arXiv,2310.09158,2,33
1.0,RESEARCH_PAPER,BEVPoolv2: A Cutting-edge Implementation of BEVDet Toward Deployment,,https://arxiv.org/abs/2211.17111v1,https://github.com/HuangJunJie2017/BEVDet,1802,,Papers With Code / arXiv,2211.17111,312,1802
1.0,RESEARCH_PAPER,kogito: A Commonsense Knowledge Inference Toolkit,,https://arxiv.org/abs/2211.08451v3,https://github.com/epfl-nlp/kogito,63,,Papers With Code / arXiv,2211.08451,6,63
1.0,RESEARCH_PAPER,Mixed integer linear optimization formulations for learning optimal binary classification trees,,https://arxiv.org/abs/2206.04857v2,https://github.com/brandalston/OBCT,2,,Papers With Code / arXiv,2206.04857,0,2
1.0,RESEARCH_PAPER,Applying Machine Learning to Crowd-sourced Data from Earthquake Detective,,https://arxiv.org/abs/2011.04740v2,https://github.com/Omkar-Ranadive/Earthquake-Detective,2,,Papers With Code / arXiv,2011.04740,0,2
1.0,RESEARCH_PAPER,LSG-CPD: Coherent Point Drift with Local Surface Geometry for Point Cloud Registration,,https://arxiv.org/abs/2103.15039v2,https://github.com/ChirikjianLab/LSG-CPD,43,,Papers With Code / arXiv,2103.15039,10,43
1.0,RESEARCH_PAPER,Neural Network Approach to Scaling Analysis of Critical Phenomena,,https://arxiv.org/abs/2209.01777v3,https://github.com/yonesuke/jaxfss,16,,Papers With Code / arXiv,2209.01777,0,16
1.0,RESEARCH_PAPER,ImageNet Pre-training also Transfers Non-Robustness,,https://arxiv.org/abs/2106.10989v4,https://github.com/jiamingzhang94/ImageNet-Pretraining-transfers-non-robustness,0,,Papers With Code / arXiv,2106.10989,1,0
1.0,RESEARCH_PAPER,"Roboflow 100: A Rich, Multi-Domain Object Detection Benchmark",,https://arxiv.org/abs/2211.13523v3,https://github.com/roboflow/roboflow-100-benchmark,305,,Papers With Code / arXiv,2211.13523,33,305
1.0,RESEARCH_PAPER,Characterizing Verbatim Short-Term Memory in Neural Language Models,,https://arxiv.org/abs/2210.13569v2,https://github.com/KristijanArmeni/verbatim-memory-in-NLMs,3,,Papers With Code / arXiv,2210.13569,1,3
1.0,RESEARCH_PAPER,FIXED: Frustratingly Easy Domain Generalization with Mixup,,https://arxiv.org/abs/2211.05228v2,https://github.com/jindongwang/transferlearning,14351,,Papers With Code / arXiv,2211.05228,3835,14351
1.0,RESEARCH_PAPER,Editing Models with Task Arithmetic,,https://arxiv.org/abs/2212.04089v3,https://github.com/mlfoundations/task_vectors,554,,Papers With Code / arXiv,2212.04089,54,554
1.0,RESEARCH_PAPER,A Mixture-Based Framework for Guiding Diffusion Models,,https://arxiv.org/abs/2502.03332v1,https://github.com/Badr-MOUFAD/mgdm,16,,Papers With Code / arXiv,2502.03332,0,16
1.0,RESEARCH_PAPER,Classification and transformations of quantum circuit decompositions for permutation operations,,https://arxiv.org/abs/2312.11644v1,https://github.com/QuCoNot/QuCoNot,2,,Papers With Code / arXiv,2312.11644,0,2
1.0,RESEARCH_PAPER,MegaCRN: Meta-Graph Convolutional Recurrent Network for Spatio-Temporal Modeling,,https://arxiv.org/abs/2212.05989v2,https://github.com/deepkashiwa20/MegaCRN,148,,Papers With Code / arXiv,2212.05989,27,148
1.0,RESEARCH_PAPER,ELISa: A new tool for fast modelling of eclipsing binaries,,https://arxiv.org/abs/2106.10116v1,https://github.com/mikecokina/elisa,24,,Papers With Code / arXiv,2106.10116,8,24
1.0,RESEARCH_PAPER,An Efficient Workflow for Modelling High-Dimensional Spatial Extremes,,https://arxiv.org/abs/2210.00760v2,https://github.com/siliusmv/spatialConditionalExtremes,0,,Papers With Code / arXiv,2210.00760,0,0
1.0,RESEARCH_PAPER,Designing Stable Neural Networks using Convex Analysis and ODEs,,https://arxiv.org/abs/2306.17332v2,https://github.com/fsherry/non-expansive-odes,1,,Papers With Code / arXiv,2306.17332,0,1
1.0,RESEARCH_PAPER,Nezha: Deployable and High-Performance Consensus Using Synchronized Clocks,,https://arxiv.org/abs/2206.03285v10,https://github.com/New-Consensus-Concurrency-Control/Nezha,144,,Papers With Code / arXiv,2206.03285,12,144
1.0,RESEARCH_PAPER,Robustness of LiDAR-Based Pose Estimation: Evaluating and Improving Odometry and Localization Under Common Point Cloud Corruptions,,https://arxiv.org/abs/2409.10824v2,https://github.com/boyang9602/LiDARLocRobustness,18,,Papers With Code / arXiv,2409.10824,0,18
1.0,RESEARCH_PAPER,Weakly supervised training of universal visual concepts for multi-domain semantic segmentation,,https://arxiv.org/abs/2212.10340v3,https://github.com/UNIZG-FER-D307/universal_taxonomies,4,,Papers With Code / arXiv,2212.10340,0,4
1.0,RESEARCH_PAPER,Safe and Smooth: Certified Continuous-Time Range-Only Localization,,https://arxiv.org/abs/2209.04266v5,https://github.com/utiasASRL/safe_and_smooth,7,,Papers With Code / arXiv,2209.04266,4,7
1.0,RESEARCH_PAPER,Towards Long-term Fairness in Recommendation,,https://arxiv.org/abs/2101.03584v1,https://github.com/TobyGE/FCPO,23,,Papers With Code / arXiv,2101.03584,10,23
1.0,RESEARCH_PAPER,Weakly Supervised Learning of Cortical Surface Reconstruction from Segmentations,,https://arxiv.org/abs/2406.12650v1,https://github.com/m-qiang/CoSeg,12,,Papers With Code / arXiv,2406.12650,1,12
1.0,RESEARCH_PAPER,"RGB-D-Based Categorical Object Pose and Shape Estimation: Methods, Datasets, and Evaluation",,https://arxiv.org/abs/2301.08147v1,https://github.com/roym899/pose_and_shape_evaluation,28,,Papers With Code / arXiv,2301.08147,2,28
1.0,RESEARCH_PAPER,Measuring Faithful and Plausible Visual Grounding in VQA,,https://arxiv.org/abs/2305.15015v2,https://github.com/dreichCSL/FPVG,1,,Papers With Code / arXiv,2305.15015,0,1
1.0,RESEARCH_PAPER,Moment-based Kalman Filter: Nonlinear Kalman Filtering with Exact Moment Propagation,,https://arxiv.org/abs/2301.09130v1,https://github.com/purewater0901/MKF,35,,Papers With Code / arXiv,2301.09130,6,35
1.0,RESEARCH_PAPER,Data Consistent Deep Rigid MRI Motion Correction,,https://arxiv.org/abs/2301.10365v2,https://github.com/nalinimsingh/neuroMoCo,37,,Papers With Code / arXiv,2301.10365,7,37
1.0,RESEARCH_PAPER,Inductive Reasoning for Coinductive Types,,https://arxiv.org/abs/2301.09802v2,https://github.com/bagnalla/algco,3,,Papers With Code / arXiv,2301.09802,0,3
1.0,RESEARCH_PAPER,Closing the Loop: Testing ChatGPT to Generate Model Explanations to Improve Human Labelling of Sponsored Content on Social Media,,https://arxiv.org/abs/2306.05115v1,https://github.com/thalesbertaglia/chatgpt-explanations-sponsored-content,1,,Papers With Code / arXiv,2306.05115,0,1
1.0,RESEARCH_PAPER,Complex Network for Complex Problems: A comparative study of CNN and Complex-valued CNN,,https://arxiv.org/abs/2302.04584v1,https://github.com/soumickmj/pytorch-complex,56,,Papers With Code / arXiv,2302.04584,8,56
1.0,RESEARCH_PAPER,Sparse Bayesian Optimization,,https://arxiv.org/abs/2203.01900v2,https://github.com/facebookresearch/SparseBO,27,,Papers With Code / arXiv,2203.01900,5,27
1.0,RESEARCH_PAPER,Towards Democratizing Joint-Embedding Self-Supervised Learning,,https://arxiv.org/abs/2303.01986v1,https://github.com/facebookresearch/FFCV-SSL,215,,Papers With Code / arXiv,2303.01986,20,215
1.0,RESEARCH_PAPER,"SCONNA: A Stochastic Computing Based Optical Accelerator for Ultra-Fast, Energy-Efficient Inference of Integer-Quantized CNNs",,https://arxiv.org/abs/2302.07036v1,https://github.com/uky-UCAT/SC_ONN_SIM,4,,Papers With Code / arXiv,2302.07036,0,4
1.0,RESEARCH_PAPER,Team DETR: Guide Queries as a Professional Team in Detection Transformers,,https://arxiv.org/abs/2302.07116v3,https://github.com/horrible-dong/TeamDETR,21,,Papers With Code / arXiv,2302.07116,2,21
1.0,RESEARCH_PAPER,DP-BART for Privatized Text Rewriting under Local Differential Privacy,,https://arxiv.org/abs/2302.07636v2,https://github.com/trusthlt/dp-bart-private-rewriting,18,,Papers With Code / arXiv,2302.07636,6,18
1.0,RESEARCH_PAPER,Optical flow estimation from event-based cameras and spiking neural networks,,https://arxiv.org/abs/2302.06492v2,https://github.com/J-Cuadrado/OF_EV_SNN,37,,Papers With Code / arXiv,2302.06492,8,37
1.0,RESEARCH_PAPER,Human Guided Ground-truth Generation for Realistic Image Super-resolution,,https://arxiv.org/abs/2303.13069v1,https://github.com/ChrisDud0257/HGGT,131,,Papers With Code / arXiv,2303.13069,6,131
1.0,RESEARCH_PAPER,"Multi3WOZ: A Multilingual, Multi-Domain, Multi-Parallel Dataset for Training and Evaluating Culturally Adapted Task-Oriented Dialog Systems",,https://arxiv.org/abs/2307.14031v1,https://github.com/cambridgeltl/multi3woz,17,,Papers With Code / arXiv,2307.14031,2,17
1.0,RESEARCH_PAPER,RGBD Object Tracking: An In-depth Review,,https://arxiv.org/abs/2203.14134v1,https://github.com/memoryunreal/RGBD-tracking-review,57,,Papers With Code / arXiv,2203.14134,6,57
1.0,RESEARCH_PAPER,Alias-Free Convnets: Fractional Shift Invariance via Polynomial Activations,,https://arxiv.org/abs/2303.08085v2,https://github.com/hmichaeli/alias_free_convnets,21,,Papers With Code / arXiv,2303.08085,4,21
1.0,RESEARCH_PAPER,Marginalised Gaussian Processes with Nested Sampling,,https://arxiv.org/abs/2010.16344v2,https://github.com/frgsimpson/nsampling,0,,Papers With Code / arXiv,2010.16344,0,0
1.0,RESEARCH_PAPER,"Filtering, Distillation, and Hard Negatives for Vision-Language Pre-Training",,https://arxiv.org/abs/2301.02280v2,https://github.com/facebookresearch/diht,139,,Papers With Code / arXiv,2301.02280,3,139
1.0,RESEARCH_PAPER,Multi-Modal Self-Supervised Learning for Recommendation,,https://arxiv.org/abs/2302.10632v5,https://github.com/HKUDS/MMSSL,226,,Papers With Code / arXiv,2302.10632,24,226
1.0,RESEARCH_PAPER,Quantifying uncertainties in the solar axion flux and their impact on determining axion model parameters,,https://arxiv.org/abs/2101.08789v3,https://github.com/sebhoof/SolarAxionFlux,11,,Papers With Code / arXiv,2101.08789,4,11
1.0,RESEARCH_PAPER,Axion Helioscopes as Solar Thermometers,,https://arxiv.org/abs/2306.00077v2,https://github.com/sebhoof/SolarAxionFlux,11,,Papers With Code / arXiv,2306.00077,4,11
1.0,RESEARCH_PAPER,Domain Adaptation of Echocardiography Segmentation Via Reinforcement Learning,,https://arxiv.org/abs/2406.17902v1,https://github.com/arnaudjudge/RL4Seg,16,,Papers With Code / arXiv,2406.17902,3,16
1.0,RESEARCH_PAPER,"Face: Fast, Accurate and Context-Aware Audio Annotation and Classification",,https://arxiv.org/abs/2303.03666v1,https://github.com/gitmehrdad/FACE,8,,Papers With Code / arXiv,2303.03666,4,8
1.0,RESEARCH_PAPER,On Slicing Sorted Integer Sequences,,https://arxiv.org/abs/1907.01032v2,https://github.com/jermp/s_indexes,18,,Papers With Code / arXiv,1907.01032,2,18
1.0,RESEARCH_PAPER,EvoTorch: Scalable Evolutionary Computation in Python,,https://arxiv.org/abs/2302.12600v3,https://github.com/nnaisense/evotorch,1146,,Papers With Code / arXiv,2302.12600,79,1146
1.0,RESEARCH_PAPER,"Semantic Segmentation for Autonomous Driving: Model Evaluation, Dataset Generation, Perspective Comparison, and Real-Time Capability",,https://arxiv.org/abs/2207.12939v1,https://github.com/Sinop97/drive_sim_road_generation,0,,Papers With Code / arXiv,2207.12939,0,0
1.0,RESEARCH_PAPER,Universal construction of decoders from encoding black boxes,,https://arxiv.org/abs/2110.00258v5,https://github.com/sy3104/isometry_inversion,1,,Papers With Code / arXiv,2110.00258,0,1
1.0,RESEARCH_PAPER,Conserved currents for Kerr and orthogonality of quasinormal modes,,https://arxiv.org/abs/2210.15935v3,https://github.com/sprogl/H-K-Tensors,0,,Papers With Code / arXiv,2210.15935,0,0
1.0,RESEARCH_PAPER,StyleGANEX: StyleGAN-Based Manipulation Beyond Cropped Aligned Faces,,https://arxiv.org/abs/2303.06146v2,https://github.com/williamyang1991/StyleGANEX,526,,Papers With Code / arXiv,2303.06146,40,526
1.0,RESEARCH_PAPER,Bandwidth Selection for Gaussian Kernel Ridge Regression via Jacobian Control,,https://arxiv.org/abs/2205.11956v4,https://github.com/allerbo/jacobian_bandwidth_selection,0,,Papers With Code / arXiv,2205.11956,0,0
1.0,RESEARCH_PAPER,UniFusion: Unified Multi-view Fusion Transformer for Spatial-Temporal Representation in Bird's-Eye-View,,https://arxiv.org/abs/2207.08536v2,https://github.com/cfzd/UniFusion,27,,Papers With Code / arXiv,2207.08536,2,27
1.0,RESEARCH_PAPER,CLIP goes 3D: Leveraging Prompt Tuning for Language Grounded 3D Recognition,,https://arxiv.org/abs/2303.11313v3,https://github.com/deeptibhegde/CLIP-goes-3D,241,,Papers With Code / arXiv,2303.11313,14,241
1.0,RESEARCH_PAPER,Generative Semantic Segmentation,,https://arxiv.org/abs/2303.11316v2,https://github.com/fudan-zvg/GSS,222,,Papers With Code / arXiv,2303.11316,14,222
1.0,RESEARCH_PAPER,Self-Supervised Learning for Multimodal Non-Rigid 3D Shape Matching,,https://arxiv.org/abs/2303.10971v1,https://github.com/dongliangcao/Self-Supervised-Multimodal-Shape-Matching,43,,Papers With Code / arXiv,2303.10971,8,43
1.0,RESEARCH_PAPER,Less is More: Reducing Task and Model Complexity for 3D Point Cloud Semantic Segmentation,,https://arxiv.org/abs/2303.11203v2,https://github.com/l1997i/LiM3D,96,,Papers With Code / arXiv,2303.11203,6,96
1.0,RESEARCH_PAPER,Generative Multiplane Neural Radiance for 3D-Aware Image Generation,,https://arxiv.org/abs/2304.01172v1,https://github.com/amandpkr/GMNR,18,,Papers With Code / arXiv,2304.01172,2,18
1.0,RESEARCH_PAPER,TabRet: Pre-training Transformer-based Tabular Models for Unseen Columns,,https://arxiv.org/abs/2303.15747v4,https://github.com/pfnet-research/tabret,9,,Papers With Code / arXiv,2303.15747,1,9
1.0,RESEARCH_PAPER,How to Boost Face Recognition with StyleGAN?,,https://arxiv.org/abs/2210.10090v2,https://github.com/seva100/stylegan-for-facerec,26,,Papers With Code / arXiv,2210.10090,8,26
1.0,RESEARCH_PAPER,Defending LLMs against Jailbreaking Attacks via Backtranslation,,https://arxiv.org/abs/2402.16459v3,https://github.com/YihanWang617/llm-jailbreaking-defense,61,,Papers With Code / arXiv,2402.16459,7,61
1.0,RESEARCH_PAPER,Music demixing with the sliCQ transform,,https://arxiv.org/abs/2112.05509v1,https://github.com/sevagh/xumx-sliCQ,32,,Papers With Code / arXiv,2112.05509,6,32
1.0,RESEARCH_PAPER,AirLoc: Object-based Indoor Relocalization,,https://arxiv.org/abs/2304.00954v1,https://github.com/sair-lab/AirLoc,27,,Papers With Code / arXiv,2304.00954,4,27
1.0,RESEARCH_PAPER,Bi-Mapper: Holistic BEV Semantic Mapping for Autonomous Driving,,https://arxiv.org/abs/2305.04205v3,https://github.com/lynn-yu/Bi-Mapper,49,,Papers With Code / arXiv,2305.04205,4,49
1.0,RESEARCH_PAPER,Evaluating generative models in high energy physics,,https://arxiv.org/abs/2211.10295v2,https://github.com/jet-net/JetNet,31,,Papers With Code / arXiv,2211.10295,14,31
1.0,RESEARCH_PAPER,Monocular 3D Human Pose Estimation for Sports Broadcasts using Partial Sports Field Registration,,https://arxiv.org/abs/2304.04437v1,https://github.com/tobibaum/PartialSportsFieldReg_3DHPE,33,,Papers With Code / arXiv,2304.04437,5,33
1.0,RESEARCH_PAPER,Learning to Estimate External Forces of Human Motion in Video,,https://arxiv.org/abs/2207.05845v1,https://github.com/MichiganCOG/ForcePose,20,,Papers With Code / arXiv,2207.05845,2,20
1.0,RESEARCH_PAPER,"ACE, a generic constraint solver",,https://arxiv.org/abs/2302.05405v2,https://github.com/xcsp3team/ACE,39,,Papers With Code / arXiv,2302.05405,9,39
1.0,RESEARCH_PAPER,A Unified Framework for Quantifying Privacy Risk in Synthetic Data,,https://arxiv.org/abs/2211.10459v1,https://github.com/statice/anonymeter,109,,Papers With Code / arXiv,2211.10459,27,109
1.0,RESEARCH_PAPER,Diffusion Explainer: Visual Explanation for Text-to-image Stable Diffusion,,https://arxiv.org/abs/2305.03509v3,https://github.com/poloclub/diffusion-explainer,493,,Papers With Code / arXiv,2305.03509,63,493
1.0,RESEARCH_PAPER,Autoregressive GAN for Semantic Unconditional Head Motion Generation,,https://arxiv.org/abs/2211.00987v2,https://github.com/LouisBearing/UnconditionalHeadMotion,15,,Papers With Code / arXiv,2211.00987,0,15
1.0,RESEARCH_PAPER,Learning Navigational Visual Representations with Semantic Map Supervision,,https://arxiv.org/abs/2307.12335v1,https://github.com/YicongHong/Ego2Map-NaViT,28,,Papers With Code / arXiv,2307.12335,2,28
1.0,RESEARCH_PAPER,2PCNet: Two-Phase Consistency Training for Day-to-Night Unsupervised Domain Adaptive Object Detection,,https://arxiv.org/abs/2303.13853v1,https://github.com/mecarill/2pcnet,97,,Papers With Code / arXiv,2303.13853,23,97
1.0,RESEARCH_PAPER,Efficient Reachability Analysis of Closed-Loop Systems with Neural Network Controllers,,https://arxiv.org/abs/2101.01815v2,https://github.com/neu-autonomy/nfl_veripy,86,,Papers With Code / arXiv,2101.01815,17,86
1.0,RESEARCH_PAPER,Learning Representative Trajectories of Dynamical Systems via Domain-Adaptive Imitation,,https://arxiv.org/abs/2304.10260v1,https://github.com/DLR-MI/dati,0,,Papers With Code / arXiv,2304.10260,0,0
1.0,RESEARCH_PAPER,Learning permutation symmetries with gips in R,,https://arxiv.org/abs/2307.00790v3,https://github.com/PrzeChoj/gips_replication_code,0,,Papers With Code / arXiv,2307.00790,0,0
1.0,RESEARCH_PAPER,Scaling Up Dynamic Graph Representation Learning via Spiking Neural Networks,,https://arxiv.org/abs/2208.10364v3,https://github.com/EdisonLeeeee/SpikeNet,80,,Papers With Code / arXiv,2208.10364,7,80
1.0,RESEARCH_PAPER,Uncertainty-based Detection of Adversarial Attacks in Semantic Segmentation,,https://arxiv.org/abs/2305.12825v2,https://github.com/kmaag/Adversarial-Attack-Detection-Uncertainty,0,,Papers With Code / arXiv,2305.12825,0,0
1.0,RESEARCH_PAPER,CL-UZH at SemEval-2023 Task 10: Sexism Detection through Incremental Fine-Tuning and Multi-Task Learning with Label Descriptions,,https://arxiv.org/abs/2306.03907v1,https://github.com/jagol/CL-UZH-EDOS-2023,2,,Papers With Code / arXiv,2306.03907,0,2
1.0,RESEARCH_PAPER,Robust Imaging Sonar-based Place Recognition and Localization in Underwater Environments,,https://arxiv.org/abs/2305.14773v1,https://github.com/sparolab/sonar_context,60,,Papers With Code / arXiv,2305.14773,5,60
1.0,RESEARCH_PAPER,PyGWalker: On-the-fly Assistant for Exploratory Visual Data Analysis,,https://arxiv.org/abs/2406.11637v1,https://github.com/Kanaries/pygwalker,15961,,Papers With Code / arXiv,2406.11637,887,15961
1.0,RESEARCH_PAPER,Computational methods for fast Bayesian model assessment via calibrated posterior p-values,,https://arxiv.org/abs/2306.04866v2,https://github.com/salleuska/fastCPPP,3,,Papers With Code / arXiv,2306.04866,0,3
1.0,RESEARCH_PAPER,Deepening gamma-ray point-source catalogues with sub-threshold information,,https://arxiv.org/abs/2306.16483v2,https://github.com/aurelio-amerio/gPCS,2,,Papers With Code / arXiv,2306.16483,0,2
1.0,RESEARCH_PAPER,On a tropicalization of planar polynomial ODEs with finitely many structurally stable phase portraits,,https://arxiv.org/abs/2305.18002v3,https://github.com/AHSarantaris/tropical-phase-plane,1,,Papers With Code / arXiv,2305.18002,0,1
1.0,RESEARCH_PAPER,Estimating Lexical Complexity from Document-Level Distributions,,https://arxiv.org/abs/2404.01196v1,https://github.com/SondreWold/lexical_complexity_estimation,0,,Papers With Code / arXiv,2404.01196,0,0
1.0,RESEARCH_PAPER,Liquid Structural State-Space Models,,https://arxiv.org/abs/2209.12951v1,https://github.com/raminmh/liquid-s4,396,,Papers With Code / arXiv,2209.12951,67,396
1.0,RESEARCH_PAPER,Generative downscaling of PDE solvers with physics-guided diffusion models,,https://arxiv.org/abs/2404.05009v1,https://github.com/woodssss/Generative-downsscaling-PDE-solvers,8,,Papers With Code / arXiv,2404.05009,1,8
1.0,RESEARCH_PAPER,Improved Benthic Classification using Resolution Scaling and SymmNet Unsupervised Domain Adaptation,,https://arxiv.org/abs/2303.10960v1,https://github.com/hdoi5324/benthic-uda,2,,Papers With Code / arXiv,2303.10960,0,2
1.0,RESEARCH_PAPER,TC-GNN: Bridging Sparse GNN Computation and Dense Tensor Cores on GPUs,,https://arxiv.org/abs/2112.02052v4,https://github.com/YukeWang96/TC-GNN_ATC23,59,,Papers With Code / arXiv,2112.02052,18,59
1.0,RESEARCH_PAPER,Minority-Oriented Vicinity Expansion with Attentive Aggregation for Video Long-Tailed Recognition,,https://arxiv.org/abs/2211.13471v1,https://github.com/wjun0830/MOVE,13,,Papers With Code / arXiv,2211.13471,2,13
1.0,RESEARCH_PAPER,$py$GWBSE: A high throughput workflow package for GW-BSE calculations,,https://arxiv.org/abs/2210.00152v2,https://github.com/cmdlab/pyGWBSE,32,,Papers With Code / arXiv,2210.00152,13,32
1.0,RESEARCH_PAPER,Iterative Graph Alignment,,https://arxiv.org/abs/2408.16667v1,https://github.com/fangyuan-ksgk/RuleAlign,3,,Papers With Code / arXiv,2408.16667,0,3
1.0,RESEARCH_PAPER,Generative Modeling Helps Weak Supervision (and Vice Versa),,https://arxiv.org/abs/2203.12023v6,https://github.com/benbo/WSGAN-paper,7,,Papers With Code / arXiv,2203.12023,0,7
1.0,RESEARCH_PAPER,Magic NeRF Lens: Interactive Fusion of Neural Radiance Fields for Virtual Facility Inspection,,https://arxiv.org/abs/2307.09860v1,https://github.com/uhhhci/immersive-ngp,313,,Papers With Code / arXiv,2307.09860,24,313
1.0,RESEARCH_PAPER,Learning to Paraphrase Sentences to Different Complexity Levels,,https://arxiv.org/abs/2308.02226v1,https://github.com/alisonhc/change-complexity,5,,Papers With Code / arXiv,2308.02226,0,5
1.0,RESEARCH_PAPER,Better speech synthesis through scaling,,https://arxiv.org/abs/2305.07243v2,https://github.com/neonbjb/tortoise-tts,14872,,Papers With Code / arXiv,2305.07243,2038,14872
1.0,RESEARCH_PAPER,Synthesis of separation processes with reinforcement learning,,https://arxiv.org/abs/2211.04327v1,https://github.com/lollcat/Aspen-RL,20,,Papers With Code / arXiv,2211.04327,7,20
1.0,RESEARCH_PAPER,Compose and Conquer: Diffusion-Based 3D Depth Aware Composable Image Synthesis,,https://arxiv.org/abs/2401.09048v1,https://github.com/tomtom1103/compose-and-conquer,103,,Papers With Code / arXiv,2401.09048,6,103
1.0,RESEARCH_PAPER,Rebalanced Zero-shot Learning,,https://arxiv.org/abs/2210.07031v2,https://github.com/FouriYe/ReZSL-TIP23,9,,Papers With Code / arXiv,2210.07031,0,9
1.0,RESEARCH_PAPER,Legal Syllogism Prompting: Teaching Large Language Models for Legal Judgment Prediction,,https://arxiv.org/abs/2307.08321v1,https://github.com/jiangcongpku/Legal-Syllogism-Prompting,9,,Papers With Code / arXiv,2307.08321,0,9
1.0,RESEARCH_PAPER,Multimodal brain age estimation using interpretable adaptive population-graph learning,,https://arxiv.org/abs/2307.04639v2,https://github.com/bintsi/adaptive-graph-learning,10,,Papers With Code / arXiv,2307.04639,0,10
1.0,RESEARCH_PAPER,XFlow: Benchmarking Flow Behaviors over Graphs,,https://arxiv.org/abs/2308.03819v1,https://github.com/XGraph-Team/XFlow,145,,Papers With Code / arXiv,2308.03819,16,145
1.0,RESEARCH_PAPER,Neural Networks for Programming Quantum Annealers,,https://arxiv.org/abs/2308.06807v1,https://github.com/BoschSamuel/NNforProgrammingQuantumAnnealers,4,,Papers With Code / arXiv,2308.06807,3,4
1.0,RESEARCH_PAPER,Hierarchy Flow For High-Fidelity Image-to-Image Translation,,https://arxiv.org/abs/2308.06909v1,https://github.com/WeichenFan/HierarchyFlow,41,,Papers With Code / arXiv,2308.06909,5,41
1.0,RESEARCH_PAPER,Global Features are All You Need for Image Retrieval and Reranking,,https://arxiv.org/abs/2308.06954v2,https://github.com/ShihaoShao-GH/SuperGlobal,249,,Papers With Code / arXiv,2308.06954,19,249
1.0,RESEARCH_PAPER,Boosting DNN Cold Inference on Edge Devices,,https://arxiv.org/abs/2206.07446v2,https://github.com/UbiquitousLearning/NNV12,13,,Papers With Code / arXiv,2206.07446,2,13
1.0,RESEARCH_PAPER,Are current long-term video understanding datasets long-term?,,https://arxiv.org/abs/2308.11244v1,https://github.com/ombretta/longterm_datasets,1,,Papers With Code / arXiv,2308.11244,0,1
1.0,RESEARCH_PAPER,Protein-DNA binding sites prediction based on pre-trained protein language model and contrastive learning,,https://arxiv.org/abs/2306.15912v1,https://github.com/YAndrewL/CLAPE,37,,Papers With Code / arXiv,2306.15912,5,37
1.0,RESEARCH_PAPER,ExtractGPT: Exploring the Potential of Large Language Models for Product Attribute Value Extraction,,https://arxiv.org/abs/2310.12537v5,https://github.com/wbsg-uni-mannheim/ExtractGPT,29,,Papers With Code / arXiv,2310.12537,11,29
1.0,RESEARCH_PAPER,StratMed: Relevance Stratification between Biomedical Entities for Sparsity on Medication Recommendation,,https://arxiv.org/abs/2308.16781v4,https://github.com/lixiang-222/StratMed,12,,Papers With Code / arXiv,2308.16781,2,12
1.0,RESEARCH_PAPER,ViStruct: Visual Structural Knowledge Extraction via Curriculum Guided Code-Vision Representation,,https://arxiv.org/abs/2311.13258v1,https://github.com/Yangyi-Chen/vi-struct,7,,Papers With Code / arXiv,2311.13258,0,7
1.0,RESEARCH_PAPER,Post-OCR Document Correction with large Ensembles of Character Sequence-to-Sequence Models,,https://arxiv.org/abs/2109.06264v3,https://github.com/jarobyte91/post_ocr_correction,39,,Papers With Code / arXiv,2109.06264,5,39
1.0,RESEARCH_PAPER,Self-distillation Regularized Connectionist Temporal Classification Loss for Text Recognition: A Simple Yet Effective Approach,,https://arxiv.org/abs/2308.08806v4,https://github.com/zzyhlyoko/DCTC,42,,Papers With Code / arXiv,2308.08806,3,42
1.0,RESEARCH_PAPER,How Susceptible are Large Language Models to Ideological Manipulation?,,https://arxiv.org/abs/2402.11725v3,https://github.com/kaichen23/llm_ideo_manipulate,7,,Papers With Code / arXiv,2402.11725,1,7
1.0,RESEARCH_PAPER,ImFace++: A Sophisticated Nonlinear 3D Morphable Face Model with Implicit Neural Representations,,https://arxiv.org/abs/2312.04028v3,https://github.com/MingwuZheng/ImFace,177,,Papers With Code / arXiv,2312.04028,9,177
1.0,RESEARCH_PAPER,NormDial: A Comparable Bilingual Synthetic Dialog Dataset for Modeling Social Norm Adherence and Violation,,https://arxiv.org/abs/2310.14563v2,https://github.com/Aochong-Li/NormDial,8,,Papers With Code / arXiv,2310.14563,0,8
1.0,RESEARCH_PAPER,The convergence of stochastic differential equations to their linearisation in small noise limits,,https://arxiv.org/abs/2309.16334v2,https://github.com/liamblake/sde-linearisation-bounds,0,,Papers With Code / arXiv,2309.16334,0,0
1.0,RESEARCH_PAPER,Second-order group knockoffs with applications to GWAS,,https://arxiv.org/abs/2310.15069v2,https://github.com/biona001/knockoffspy,1,,Papers With Code / arXiv,2310.15069,0,1
1.0,RESEARCH_PAPER,"ALMA Lensing Cluster Survey: average dust, gas, and star formation properties of cluster and field galaxies from stacking analysis",,https://arxiv.org/abs/2309.16832v1,https://github.com/guerrero-andrea/stacking_codes,1,,Papers With Code / arXiv,2309.16832,0,1
1.0,RESEARCH_PAPER,Improved Anisotropic Gaussian Filters,,https://arxiv.org/abs/2303.13278v2,https://github.com/akeilmann/aniGauss,3,,Papers With Code / arXiv,2303.13278,0,3
1.0,RESEARCH_PAPER,The Partial Entropy Decomposition: Decomposing multivariate entropy and mutual information via pointwise common surprisal,,http://arxiv.org/abs/1702.01591v2,https://github.com/robince/partial-info-decomp,50,,Papers With Code / arXiv,1702.01591,16,50
1.0,RESEARCH_PAPER,Measuring multivariate redundant information with pointwise common change in surprisal,,http://arxiv.org/abs/1602.05063v3,https://github.com/robince/partial-info-decomp,50,,Papers With Code / arXiv,1602.05063,16,50
1.0,RESEARCH_PAPER,Engineering Serendipity through Recommendations of Items with Atypical Aspects,,https://arxiv.org/abs/2505.23580v1,https://github.com/ramituncc49er/ATARS,1,,Papers With Code / arXiv,2505.23580,0,1
1.0,RESEARCH_PAPER,Object-aware Adaptive-Positivity Learning for Audio-Visual Question Answering,,https://arxiv.org/abs/2312.12816v1,https://github.com/zhangbin-ai/APL,8,,Papers With Code / arXiv,2312.12816,1,8
1.0,RESEARCH_PAPER,Linear Recurrent Units for Sequential Recommendation,,https://arxiv.org/abs/2310.02367v2,https://github.com/yueqirex/LRURec,70,,Papers With Code / arXiv,2310.02367,12,70
1.0,RESEARCH_PAPER,Quark: Controllable Text Generation with Reinforced Unlearning,,https://arxiv.org/abs/2205.13636v2,https://github.com/GXimingLu/Quark,76,,Papers With Code / arXiv,2205.13636,10,76
1.0,RESEARCH_PAPER,Towards Fair Graph Neural Networks via Graph Counterfactual,,https://arxiv.org/abs/2307.04937v2,https://github.com/TimeLovercc/CAF-GNN,14,,Papers With Code / arXiv,2307.04937,5,14
1.0,RESEARCH_PAPER,Out-of-Distribution Detection by Leveraging Between-Layer Transformation Smoothness,,https://arxiv.org/abs/2310.02832v2,https://github.com/fjelenic/between-layer-ood,0,,Papers With Code / arXiv,2310.02832,0,0
1.0,RESEARCH_PAPER,Stella Nera: Achieving 161 TOp/s/W with Multiplier-free DNN Acceleration based on Approximate Matrix Multiplication,,https://arxiv.org/abs/2311.10207v1,https://github.com/joennlae/halutmatmul,215,,Papers With Code / arXiv,2311.10207,14,215
1.0,RESEARCH_PAPER,Toward Sufficient Spatial-Frequency Interaction for Gradient-aware Underwater Image Enhancement,,https://arxiv.org/abs/2309.04089v2,https://github.com/ChenzhaoNju/SFGNet,20,,Papers With Code / arXiv,2309.04089,1,20
1.0,RESEARCH_PAPER,Improving the TENOR of Labeling: Re-evaluating Topic Models for Content Analysis,,https://arxiv.org/abs/2401.16348v2,https://github.com/zli12321/TENOR,11,,Papers With Code / arXiv,2401.16348,0,11
1.0,RESEARCH_PAPER,"GalaPy, the highly optimised C++/Python spectral modelling tool for galaxies - I - Library presentation and photometric fitting",,https://arxiv.org/abs/2402.12427v1,https://github.com/TommasoRonconi/galapy,11,,Papers With Code / arXiv,2402.12427,2,11
1.0,RESEARCH_PAPER,Facial expression and attributes recognition based on multi-task learning of lightweight neural networks,,https://arxiv.org/abs/2103.17107v3,https://github.com/sb-ai-lab/EmotiEffLib,1057,,Papers With Code / arXiv,2103.17107,157,1057
1.0,RESEARCH_PAPER,HSE-NN Team at the 4th ABAW Competition: Multi-task Emotion Recognition and Learning from Synthetic Images,,https://arxiv.org/abs/2207.09508v3,https://github.com/sb-ai-lab/EmotiEffLib,1057,,Papers With Code / arXiv,2207.09508,157,1057
1.0,RESEARCH_PAPER,RecipeGPT: Generative Pre-training Based Cooking Recipe Generation and Evaluation System,,https://arxiv.org/abs/2003.02498v1,https://github.com/LARC-CMU-SMU/RecipeGPT-exp,22,,Papers With Code / arXiv,2003.02498,6,22
1.0,RESEARCH_PAPER,Finite element hybridization of port-Hamiltonian systems,,https://arxiv.org/abs/2302.06239v4,https://github.com/a-brugnoli/ph-hybridization,1,,Papers With Code / arXiv,2302.06239,0,1
1.0,RESEARCH_PAPER,DeeLeMa: Missing information search with Deep Learning for Mass estimation,,https://arxiv.org/abs/2212.12836v3,https://github.com/Yonsei-HEP-COSMO/DeeLeMa,3,,Papers With Code / arXiv,2212.12836,2,3
1.0,RESEARCH_PAPER,Corrective Machine Unlearning,,https://arxiv.org/abs/2402.14015v2,https://github.com/drimpossible/corrective-unlearning-bench,24,,Papers With Code / arXiv,2402.14015,9,24
1.0,RESEARCH_PAPER,A Pattern to Align Them All: Integrating Different Modalities to Define Multi-Modal Entities,,https://arxiv.org/abs/2410.13803v1,https://github.com/IDA-FBK/MultiModalPattern,0,,Papers With Code / arXiv,2410.13803,0,0
1.0,RESEARCH_PAPER,Mixed-Integer Optimal Control via Reinforcement Learning: A Case Study on Hybrid Electric Vehicle Energy Management,,https://arxiv.org/abs/2305.01461v3,https://github.com/xujinming01/TD3AQ,5,,Papers With Code / arXiv,2305.01461,0,5
1.0,RESEARCH_PAPER,Unsupervised Learning of Phylogenetic Trees via Split-Weight Embedding,,https://arxiv.org/abs/2312.16074v2,https://github.com/solislemuslab/PhyloClustering.jl,3,,Papers With Code / arXiv,2312.16074,1,3
1.0,RESEARCH_PAPER,The use of the Higher Order Singular Value Decomposition of the 4-cumulant's tensors in features selection and outlier detection,,http://arxiv.org/abs/1804.00541v3,https://github.com/iitis/CumulantsFeatures.jl,6,,Papers With Code / arXiv,1804.00541,4,6
1.0,RESEARCH_PAPER,Uni-MoE: Scaling Unified Multimodal LLMs with Mixture of Experts,,https://arxiv.org/abs/2405.11273v1,https://github.com/HITsz-TMG/Uni-MoE,1116,,Papers With Code / arXiv,2405.11273,71,1116
1.0,RESEARCH_PAPER,Multi-order Graph Clustering with Adaptive Node-level Weight Learning,,https://arxiv.org/abs/2405.12183v1,https://github.com/YeLiu-Lab/MOGC,0,,Papers With Code / arXiv,2405.12183,0,0
1.0,RESEARCH_PAPER,An iterative sample scenario approach for the dynamic dispatch waves problem,,https://arxiv.org/abs/2308.14476v3,https://github.com/leonlan/dynamic-dispatch-waves,10,,Papers With Code / arXiv,2308.14476,0,10
1.0,RESEARCH_PAPER,RenderMe-360: A Large Digital Asset Library and Benchmarks Towards High-fidelity Head Avatars,,https://arxiv.org/abs/2305.13353v1,https://github.com/RenderMe-360/RenderMe-360,255,,Papers With Code / arXiv,2305.13353,5,255
1.0,RESEARCH_PAPER,MolecularGPT: Open Large Language Model (LLM) for Few-Shot Molecular Property Prediction,,https://arxiv.org/abs/2406.12950v2,https://github.com/NYUSHCS/MolecularGPT,41,,Papers With Code / arXiv,2406.12950,3,41
1.0,RESEARCH_PAPER,Can LLMs Speak For Diverse People? Tuning LLMs via Debate to Generate Controllable Controversial Statements,,https://arxiv.org/abs/2402.10614v2,https://github.com/tianyi-lab/DEBATunE,25,,Papers With Code / arXiv,2402.10614,3,25
1.0,RESEARCH_PAPER,Pareto Actor-Critic for Equilibrium Selection in Multi-Agent Reinforcement Learning,,https://arxiv.org/abs/2209.14344v3,https://github.com/uoe-agents/epymarl,732,,Papers With Code / arXiv,2209.14344,191,732
1.0,RESEARCH_PAPER,Removing Biases from Molecular Representations via Information Maximization,,https://arxiv.org/abs/2312.00718v1,https://github.com/uhlerlab/InfoCORE,21,,Papers With Code / arXiv,2312.00718,0,21
1.0,RESEARCH_PAPER,FAMO: Fast Adaptive Multitask Optimization,,https://arxiv.org/abs/2306.03792v3,https://github.com/Cranial-XIX/FAMO,132,,Papers With Code / arXiv,2306.03792,19,132
1.0,RESEARCH_PAPER,Improving the astrometric solution of the Hyper Suprime-Cam with anisotropic Gaussian processes,,https://arxiv.org/abs/2103.09881v1,https://github.com/PFLeget/treegp,5,,Papers With Code / arXiv,2103.09881,6,5
1.0,RESEARCH_PAPER,Automated Detection of Label Errors in Semantic Segmentation Datasets via Deep Learning and Uncertainty Quantification,,https://arxiv.org/abs/2207.06104v2,https://github.com/mrcoee/Automatic-Label-Error-Detection,4,,Papers With Code / arXiv,2207.06104,3,4
1.0,RESEARCH_PAPER,Leveraging Vision-Centric Multi-Modal Expertise for 3D Object Detection,,https://arxiv.org/abs/2310.15670v1,https://github.com/OpenDriveLab/Birds-eye-view-Perception,1383,,Papers With Code / arXiv,2310.15670,122,1383
1.0,RESEARCH_PAPER,Shape-IoU: More Accurate Metric considering Bounding Box Shape and Scale,,https://arxiv.org/abs/2312.17663v2,https://github.com/malagoutou/Shape-IoU,44,,Papers With Code / arXiv,2312.17663,4,44
1.0,RESEARCH_PAPER,Attention Beats Linear for Fast Implicit Neural Representation Generation,,https://arxiv.org/abs/2407.15355v1,https://github.com/Roninton/ANR,16,,Papers With Code / arXiv,2407.15355,1,16
1.0,RESEARCH_PAPER,Growing Urban Bicycle Networks,,https://arxiv.org/abs/2107.02185v3,https://github.com/mszell/bikenwgrowth,80,,Papers With Code / arXiv,2107.02185,14,80
1.0,RESEARCH_PAPER,Towards Efficient and Effective Deep Clustering with Dynamic Grouping and Prototype Aggregation,,https://arxiv.org/abs/2401.13581v2,https://github.com/Regan-Zhang/DigPro,3,,Papers With Code / arXiv,2401.13581,1,3
1.0,RESEARCH_PAPER,ÌròyìnSpeech: A multi-purpose Yorùbá Speech Corpus,,https://arxiv.org/abs/2307.16071v2,https://github.com/Niger-Volta-LTI/yoruba-voice,13,,Papers With Code / arXiv,2307.16071,3,13
1.0,RESEARCH_PAPER,Domain Private Transformers for Multi-Domain Dialog Systems,,https://arxiv.org/abs/2305.14208v2,https://github.com/asappresearch/domain-private-transformers,2,,Papers With Code / arXiv,2305.14208,0,2
1.0,RESEARCH_PAPER,LabelBench: A Comprehensive Framework for Benchmarking Adaptive Label-Efficient Learning,,https://arxiv.org/abs/2306.09910v4,https://github.com/EfficientTraining/LabelBench,52,,Papers With Code / arXiv,2306.09910,5,52
1.0,RESEARCH_PAPER,Exploring the Impact of Human Evaluator Group on Chat-Oriented Dialogue Evaluation,,https://arxiv.org/abs/2309.07998v1,https://github.com/sefinch/DialogueEval-AnnotatorImpact,1,,Papers With Code / arXiv,2309.07998,0,1
1.0,RESEARCH_PAPER,Learning to Estimate Critical Gait Parameters from Single-View RGB Videos with Transformer-Based Attention Network,,https://arxiv.org/abs/2312.00398v2,https://github.com/vinuni-vishc/transformer-gait-analysis,3,,Papers With Code / arXiv,2312.00398,0,3
1.0,RESEARCH_PAPER,Toxicity Detection for Free,,https://arxiv.org/abs/2405.18822v2,https://github.com/WhoTHU/detection_logits,4,,Papers With Code / arXiv,2405.18822,0,4
1.0,RESEARCH_PAPER,Machine learning classification of CHIME fast radio bursts: II. Unsupervised Methods,,https://arxiv.org/abs/2210.02471v3,https://github.com/JiamingZhuge/FRB_ML_unsp,7,,Papers With Code / arXiv,2210.02471,1,7
1.0,RESEARCH_PAPER,Filling holes in LoD2 building models,,https://arxiv.org/abs/2404.15892v1,https://github.com/tudelft3d/Automatic-Repair-of-LoD2-Building-Models,12,,Papers With Code / arXiv,2404.15892,2,12
1.0,RESEARCH_PAPER,Merging uncertainty sets via majority vote,,https://arxiv.org/abs/2401.09379v5,https://github.com/matteogaspa/MergingUncertaintySets,1,,Papers With Code / arXiv,2401.09379,0,1
1.0,RESEARCH_PAPER,Generalized Population-Based Training for Hyperparameter Optimization in Reinforcement Learning,,https://arxiv.org/abs/2404.08233v2,https://github.com/EMI-Group/gpbt-pl,9,,Papers With Code / arXiv,2404.08233,1,9
1.0,RESEARCH_PAPER,A unified test for regression discontinuity designs,,https://arxiv.org/abs/2205.04345v5,https://github.com/SMasa11/rdtest,1,,Papers With Code / arXiv,2205.04345,0,1
1.0,RESEARCH_PAPER,"Knowledge-based in silico models and dataset for the comparative evaluation of mammography AI for a range of breast characteristics, lesion conspicuities and doses",,https://arxiv.org/abs/2310.18494v1,https://github.com/DIDSR/msynth-release,12,,Papers With Code / arXiv,2310.18494,4,12
1.0,RESEARCH_PAPER,Convergent autoencoder approximation of low bending and low distortion manifold embeddings,,https://arxiv.org/abs/2208.10193v2,https://gitlab.com/jubrau/lbd,,,Papers With Code / arXiv,2208.10193,,
1.0,RESEARCH_PAPER,Efficient Deformable ConvNets: Rethinking Dynamic and Sparse Operator for Vision Applications,,https://arxiv.org/abs/2401.06197v1,https://github.com/OpenGVLab/DCNv4,746,,Papers With Code / arXiv,2401.06197,46,746
1.0,RESEARCH_PAPER,"tttrlib: modular software for integrating fluorescence spectroscopy, imaging, and molecular modeling",,https://arxiv.org/abs/2402.17252v2,https://github.com/Fluorescence-Tools/tttrlib,23,,Papers With Code / arXiv,2402.17252,3,23
1.0,RESEARCH_PAPER,How We Refute Claims: Automatic Fact-Checking through Flaw Identification and Explanation,,https://arxiv.org/abs/2401.15312v1,https://github.com/NYCU-NLP-Lab/FlawCheck,2,,Papers With Code / arXiv,2401.15312,0,2
1.0,RESEARCH_PAPER,"Immunohistochemistry guided segmentation of benign epithelial cells, in situ lesions, and invasive epithelial cells in breast cancer slides",,https://arxiv.org/abs/2311.13261v4,https://github.com/AICAN-Research/breast-epithelium-segmentation,11,,Papers With Code / arXiv,2311.13261,4,11
1.0,RESEARCH_PAPER,MAGDi: Structured Distillation of Multi-Agent Interaction Graphs Improves Reasoning in Smaller Language Models,,https://arxiv.org/abs/2402.01620v2,https://github.com/dinobby/MAGDi,40,,Papers With Code / arXiv,2402.01620,10,40
1.0,RESEARCH_PAPER,Learning Explicitly Conditioned Sparsifying Transforms,,https://arxiv.org/abs/2403.03168v1,https://github.com/pirofti/ConditionedTransformLearning,1,,Papers With Code / arXiv,2403.03168,0,1
1.0,RESEARCH_PAPER,GeReA: Question-Aware Prompt Captions for Knowledge-based Visual Question Answering,,https://arxiv.org/abs/2402.02503v1,https://github.com/Upper9527/GeReA,114,,Papers With Code / arXiv,2402.02503,31,114
1.0,RESEARCH_PAPER,LSK3DNet: Towards Effective and Efficient 3D Perception with Large Sparse Kernels,,https://arxiv.org/abs/2403.15173v1,https://github.com/FengZicai/LSK3DNet,75,,Papers With Code / arXiv,2403.15173,13,75
1.0,RESEARCH_PAPER,TFLEX: Temporal Feature-Logic Embedding Framework for Complex Reasoning over Temporal Knowledge Graph,,https://arxiv.org/abs/2205.14307v3,https://github.com/LinXueyuanStdio/TFLEX,45,,Papers With Code / arXiv,2205.14307,4,45
1.0,RESEARCH_PAPER,Splitting probabilities as optimal controllers of rare reactive events,,https://arxiv.org/abs/2402.05414v3,https://github.com/ansingh1214/Splitting-Optimal,0,,Papers With Code / arXiv,2402.05414,0,0
1.0,RESEARCH_PAPER,ConceptMath: A Bilingual Concept-wise Benchmark for Measuring Mathematical Reasoning of Large Language Models,,https://arxiv.org/abs/2402.14660v2,https://github.com/conceptmath/conceptmath,26,,Papers With Code / arXiv,2402.14660,1,26
1.0,RESEARCH_PAPER,Fast ODE-based Sampling for Diffusion Models in Around 5 Steps,,https://arxiv.org/abs/2312.00094v3,https://github.com/zju-pi/diff-sampler,364,,Papers With Code / arXiv,2312.00094,19,364
1.0,RESEARCH_PAPER,Large-Scale-Exploit of GitHub Repository Metadata and Preventive Measures,,https://arxiv.org/abs/1908.05354v2,https://github.com/cirosantilli/all-github-commit-emails,58,,Papers With Code / arXiv,1908.05354,8,58
1.0,RESEARCH_PAPER,Beyond Film Subtitles: Is YouTube the Best Approximation of Spoken Vocabulary?,,https://arxiv.org/abs/2410.03240v2,https://github.com/naist-nlp/tubelex,14,,Papers With Code / arXiv,2410.03240,2,14
1.0,RESEARCH_PAPER,ICP-Flow: LiDAR Scene Flow Estimation with ICP,,https://arxiv.org/abs/2402.17351v2,https://github.com/yanconglin/ICP-Flow,128,,Papers With Code / arXiv,2402.17351,6,128
1.0,RESEARCH_PAPER,HeySQuAD: A Spoken Question Answering Dataset,,https://arxiv.org/abs/2304.13689v2,https://github.com/yijingjoanna/HeySQuAD,6,,Papers With Code / arXiv,2304.13689,1,6
1.0,RESEARCH_PAPER,PaDeLLM-NER: Parallel Decoding in Large Language Models for Named Entity Recognition,,https://arxiv.org/abs/2402.04838v5,https://github.com/GeorgeLuImmortal/PaDeLLM_NER,11,,Papers With Code / arXiv,2402.04838,0,11
1.0,RESEARCH_PAPER,A comprehensive calculation of the Primakoff process and the solar axion flux,,https://arxiv.org/abs/2402.16083v2,https://github.com/Fenyutanchan/Solar-Axion-Primakoff-Flux,2,,Papers With Code / arXiv,2402.16083,0,2
1.0,RESEARCH_PAPER,PECC: Problem Extraction and Coding Challenges,,https://arxiv.org/abs/2404.18766v1,https://github.com/HallerPatrick/pecc,14,,Papers With Code / arXiv,2404.18766,0,14
1.0,RESEARCH_PAPER,MAC: Graph Sparsification by Maximizing Algebraic Connectivity,,https://arxiv.org/abs/2403.19879v2,https://github.com/MarineRoboticsGroup/mac,68,,Papers With Code / arXiv,2403.19879,11,68
1.0,RESEARCH_PAPER,IntactKV: Improving Large Language Model Quantization by Keeping Pivot Tokens Intact,,https://arxiv.org/abs/2403.01241v2,https://github.com/ruikangliu/IntactKV,46,,Papers With Code / arXiv,2403.01241,1,46
1.0,RESEARCH_PAPER,Salute the Classic: Revisiting Challenges of Machine Translation in the Age of Large Language Models,,https://arxiv.org/abs/2401.08350v2,https://github.com/pangjh3/LLM4MT,9,,Papers With Code / arXiv,2401.08350,1,9
1.0,RESEARCH_PAPER,From Density to Geometry: YOLOv8 Instance Segmentation for Reverse Engineering of Optimized Structures,,https://arxiv.org/abs/2404.18763v1,https://github.com/COSIM-Lab/YOLOv8-TO,5,,Papers With Code / arXiv,2404.18763,0,5
1.0,RESEARCH_PAPER,GE-AdvGAN: Improving the transferability of adversarial samples by gradient editing-based adversarial generative model,,https://arxiv.org/abs/2401.06031v2,https://github.com/LMBTough/GE-advGAN,26,,Papers With Code / arXiv,2401.06031,0,26
1.0,RESEARCH_PAPER,Changing the Kernel During Training Leads to Double Descent in Kernel Regression,,https://arxiv.org/abs/2311.01762v3,https://github.com/allerbo/non_constant_kgd,0,,Papers With Code / arXiv,2311.01762,0,0
1.0,RESEARCH_PAPER,PEEB: Part-based Image Classifiers with an Explainable and Editable Language Bottleneck,,https://arxiv.org/abs/2403.05297v3,https://github.com/anguyen8/peeb,13,,Papers With Code / arXiv,2403.05297,3,13
1.0,RESEARCH_PAPER,$\text{R}^2$-Bench: Benchmarking the Robustness of Referring Perception Models under Perturbations,,https://arxiv.org/abs/2403.04924v1,https://github.com/lxa9867/r2bench,11,,Papers With Code / arXiv,2403.04924,1,11
1.0,RESEARCH_PAPER,Joint control variate for faster black-box variational inference,,https://arxiv.org/abs/2210.07290v4,https://github.com/xidulu/JointCV,3,,Papers With Code / arXiv,2210.07290,0,3
1.0,RESEARCH_PAPER,Agile Multi-Source-Free Domain Adaptation,,https://arxiv.org/abs/2403.05062v1,https://github.com/TL-UESTC/Bi-ATEN,8,,Papers With Code / arXiv,2403.05062,3,8
1.0,RESEARCH_PAPER,RSMamba: Remote Sensing Image Classification with State Space Model,,https://arxiv.org/abs/2403.19654v1,https://github.com/KyanChen/RSMamba,306,,Papers With Code / arXiv,2403.19654,23,306
1.0,RESEARCH_PAPER,Wavelet-based Fourier Information Interaction with Frequency Diffusion Adjustment for Underwater Image Restoration,,https://arxiv.org/abs/2311.16845v1,https://github.com/ChenzhaoNju/WF-Diff,160,,Papers With Code / arXiv,2311.16845,5,160
1.0,RESEARCH_PAPER,Dynamic Implicit Image Function for Efficient Arbitrary-Scale Image Representation,,https://arxiv.org/abs/2306.12321v2,https://github.com/HeZongyao/DIIF,13,,Papers With Code / arXiv,2306.12321,1,13
1.0,RESEARCH_PAPER,Decoupling Static and Hierarchical Motion Perception for Referring Video Segmentation,,https://arxiv.org/abs/2404.03645v1,https://github.com/heshuting555/DsHmp,83,,Papers With Code / arXiv,2404.03645,3,83
1.0,RESEARCH_PAPER,Configurable Safety Tuning of Language Models with Synthetic Preference Data,,https://arxiv.org/abs/2404.00495v1,https://github.com/vicgalle/configurable-safety-tuning,17,,Papers With Code / arXiv,2404.00495,3,17
1.0,RESEARCH_PAPER,SelfPose3d: Self-Supervised Multi-Person Multi-View 3d Pose Estimation,,https://arxiv.org/abs/2404.02041v2,https://github.com/CAMMA-public/SelfPose3d,84,,Papers With Code / arXiv,2404.02041,7,84
1.0,RESEARCH_PAPER,CameraCtrl: Enabling Camera Control for Text-to-Video Generation,,https://arxiv.org/abs/2404.02101v1,https://github.com/hehao13/CameraCtrl,662,,Papers With Code / arXiv,2404.02101,38,662
1.0,RESEARCH_PAPER,Humanizing Machine-Generated Content: Evading AI-Text Detection through Adversarial Attack,,https://arxiv.org/abs/2404.01907v1,https://github.com/zhouying20/HMGC,60,,Papers With Code / arXiv,2404.01907,5,60
1.0,RESEARCH_PAPER,A New Benchmark and Model for Challenging Image Manipulation Detection,,https://arxiv.org/abs/2311.14218v2,https://github.com/ZhenfeiZ/CIMD,18,,Papers With Code / arXiv,2311.14218,0,18
1.0,RESEARCH_PAPER,A Transformer approach for Electricity Price Forecasting,,https://arxiv.org/abs/2403.16108v2,https://github.com/osllogon/epf-transformers,59,,Papers With Code / arXiv,2403.16108,9,59
1.0,RESEARCH_PAPER,Robust Offline Reinforcement learning with Heavy-Tailed Rewards,,https://arxiv.org/abs/2310.18715v2,https://github.com/Mamba413/ROOM,4,,Papers With Code / arXiv,2310.18715,1,4
1.0,RESEARCH_PAPER,Long-form evaluation of model editing,,https://arxiv.org/abs/2402.09394v2,https://github.com/domenicrosati/longform-evaluation-model-editing,6,,Papers With Code / arXiv,2402.09394,0,6
1.0,RESEARCH_PAPER,CAGES: Cost-Aware Gradient Entropy Search for Efficient Local Multi-Fidelity Bayesian Optimization,,https://arxiv.org/abs/2405.07760v1,https://github.com/PaulsonLab/CAGES,3,,Papers With Code / arXiv,2405.07760,0,3
1.0,RESEARCH_PAPER,Enhancing Semantic Fidelity in Text-to-Image Synthesis: Attention Regulation in Diffusion Models,,https://arxiv.org/abs/2403.06381v1,https://github.com/YaNgZhAnG-V5/attention_regulation,19,,Papers With Code / arXiv,2403.06381,5,19
1.0,RESEARCH_PAPER,Eye-gaze Guided Multi-modal Alignment for Medical Representation Learning,,https://arxiv.org/abs/2403.12416v3,https://github.com/MoMarky/EGMA,18,,Papers With Code / arXiv,2403.12416,6,18
1.0,RESEARCH_PAPER,LUCID: LLM-Generated Utterances for Complex and Interesting Dialogues,,https://arxiv.org/abs/2403.00462v2,https://github.com/apple/ml-lucid-datagen,31,,Papers With Code / arXiv,2403.00462,4,31
1.0,RESEARCH_PAPER,How well can a large language model explain business processes as perceived by users?,,https://arxiv.org/abs/2401.12846v4,https://github.com/IBM/sax4bpm,14,,Papers With Code / arXiv,2401.12846,4,14
1.0,RESEARCH_PAPER,LaMPilot: An Open Benchmark Dataset for Autonomous Driving with Language Model Programs,,https://arxiv.org/abs/2312.04372v2,https://github.com/PurdueDigitalTwin/LaMPilot,43,,Papers With Code / arXiv,2312.04372,2,43
1.0,RESEARCH_PAPER,BCAmirs at SemEval-2024 Task 4: Beyond Words: A Multimodal and Multilingual Exploration of Persuasion in Memes,,https://arxiv.org/abs/2404.03022v2,https://github.com/AmirAbaskohi/Beyond-Words-A-Multimodal-Exploration-of-Persuasion-in-Memes,12,,Papers With Code / arXiv,2404.03022,1,12
1.0,RESEARCH_PAPER,Uncertainty Estimation for Path Loss and Radio Metric Models,,https://arxiv.org/abs/2501.06308v1,https://github.com/ic-crc/uncertainty-estimation,0,,Papers With Code / arXiv,2501.06308,0,0
1.0,RESEARCH_PAPER,Challenges for Reinforcement Learning in Quantum Circuit Design,,https://arxiv.org/abs/2312.11337v3,https://github.com/philippaltmann/QCD,13,,Papers With Code / arXiv,2312.11337,2,13
1.0,RESEARCH_PAPER,Multi-Objective Transmission Expansion: An Offshore Wind Power Integration Case Study,,https://arxiv.org/abs/2311.09563v3,https://github.com/SarojKhanal/MOTEP-OSW,3,,Papers With Code / arXiv,2311.09563,1,3
1.0,RESEARCH_PAPER,When Do Prompting and Prefix-Tuning Work? A Theory of Capabilities and Limitations,,https://arxiv.org/abs/2310.19698v2,https://github.com/AleksandarPetrov/prefix-tuning-theory,6,,Papers With Code / arXiv,2310.19698,0,6
1.0,RESEARCH_PAPER,RaffeSDG: Random Frequency Filtering enabled Single-source Domain Generalization for Medical Image Segmentation,,https://arxiv.org/abs/2405.01228v2,https://github.com/liamheng/Non-IID_Medical_Image_Segmentation,38,,Papers With Code / arXiv,2405.01228,3,38
1.0,RESEARCH_PAPER,Causal Structural Hypothesis Testing and Data Generation Models,,https://arxiv.org/abs/2210.11275v2,https://github.com/SunayBhat1/Causal-Structural-Hypothesis-Testing,4,,Papers With Code / arXiv,2210.11275,0,4
1.0,RESEARCH_PAPER,"Deep learning phase recovery: data-driven, physics-driven, or combining both?",,https://arxiv.org/abs/2404.01360v2,https://github.com/kqwang/DLPR,53,,Papers With Code / arXiv,2404.01360,4,53
1.0,RESEARCH_PAPER,Symmetric observations without symmetric causal explanations,,https://arxiv.org/abs/2502.14950v1,https://github.com/apozas/symmetric-causal,1,,Papers With Code / arXiv,2502.14950,0,1
1.0,RESEARCH_PAPER,Semantic Segmentation in Satellite Hyperspectral Imagery by Deep Learning,,https://arxiv.org/abs/2310.16210v4,https://github.com/NTNU-SmallSat-Lab/s_l_c_segm_hyp_img,5,,Papers With Code / arXiv,2310.16210,2,5
1.0,RESEARCH_PAPER,"When big data actually are low-rank, or entrywise approximation of certain function-generated matrices",,https://arxiv.org/abs/2407.03250v4,https://github.com/sbudzinskiy/low-rank-big-data,0,,Papers With Code / arXiv,2407.03250,0,0
1.0,RESEARCH_PAPER,ZONE: Zero-Shot Instruction-Guided Local Editing,,https://arxiv.org/abs/2312.16794v2,https://github.com/lsl001006/ZONE,83,,Papers With Code / arXiv,2312.16794,0,83
1.0,RESEARCH_PAPER,Large Language Models Streamline Automated Machine Learning for Clinical Studies,,https://arxiv.org/abs/2308.14120v5,https://github.com/tayebiarasteh/LLMmed,13,,Papers With Code / arXiv,2308.14120,5,13
1.0,RESEARCH_PAPER,Autonomous LLM-driven research from data to human-verifiable research papers,,https://arxiv.org/abs/2404.17605v1,https://github.com/Technion-Kishony-lab/data-to-paper,821,,Papers With Code / arXiv,2404.17605,95,821
1.0,RESEARCH_PAPER,DESlib: A Dynamic ensemble selection library in Python,,http://arxiv.org/abs/1802.04967v3,https://github.com/scikit-learn-contrib/DESlib,507,,Papers With Code / arXiv,1802.04967,111,507
1.0,RESEARCH_PAPER,Elucidating the theoretical underpinnings of surrogate gradient learning in spiking neural networks,,https://arxiv.org/abs/2404.14964v3,https://github.com/fmi-basel/surrogate-gradient-theory,5,,Papers With Code / arXiv,2404.14964,1,5
1.0,RESEARCH_PAPER,ASTROPOP: the ASTROnomical POlarimetry and Photometry pipeline,,https://arxiv.org/abs/1811.01408v1,https://github.com/juliotux/astropop,20,,Papers With Code / arXiv,1811.01408,13,20
1.0,RESEARCH_PAPER,VMamba: Visual State Space Model,,https://arxiv.org/abs/2401.10166v4,https://github.com/MzeroMiko/VMamba,3223,,Papers With Code / arXiv,2401.10166,239,3223
1.0,RESEARCH_PAPER,Personality Alignment of Large Language Models,,https://arxiv.org/abs/2408.11779v1,https://github.com/zhu-minjun/PAlign,55,,Papers With Code / arXiv,2408.11779,7,55
1.0,RESEARCH_PAPER,AVM-SLAM: Semantic Visual SLAM with Multi-Sensor Fusion in a Bird's Eye View for Automated Valet Parking,,https://arxiv.org/abs/2309.08180v2,https://github.com/yale-cv/avm-slam_dataset,19,,Papers With Code / arXiv,2309.08180,1,19
1.0,RESEARCH_PAPER,On the Power of Adaptive Weighted Aggregation in Heterogeneous Federated Learning and Beyond,,https://arxiv.org/abs/2310.02702v4,https://github.com/dunzeng/FedAWARE,14,,Papers With Code / arXiv,2310.02702,2,14
1.0,RESEARCH_PAPER,SEED-Data-Edit Technical Report: A Hybrid Dataset for Instructional Image Editing,,https://arxiv.org/abs/2405.04007v1,https://github.com/AILab-CVC/SEED-X,560,,Papers With Code / arXiv,2405.04007,24,560
1.0,RESEARCH_PAPER,AttenCraft: Attention-guided Disentanglement of Multiple Concepts for Text-to-Image Customization,,https://arxiv.org/abs/2405.17965v1,https://github.com/junjie-shentu/AttenCraft,8,,Papers With Code / arXiv,2405.17965,0,8
1.0,RESEARCH_PAPER,Bayesian Detector Combination for Object Detection with Crowdsourced Annotations,,https://arxiv.org/abs/2407.07958v1,https://github.com/zhiqin1998/bdc,9,,Papers With Code / arXiv,2407.07958,2,9
1.0,RESEARCH_PAPER,LLM Maybe LongLM: Self-Extend LLM Context Window Without Tuning,,https://arxiv.org/abs/2401.01325v3,https://github.com/datamllab/LongLM,668,,Papers With Code / arXiv,2401.01325,62,668
1.0,RESEARCH_PAPER,ISFL: Federated Learning for Non-i.i.d. Data with Local Importance Sampling,,https://arxiv.org/abs/2210.02119v3,https://github.com/Zhuzzq/ISFL,5,,Papers With Code / arXiv,2210.02119,1,5
1.0,RESEARCH_PAPER,TUNeS: A Temporal U-Net with Self-Attention for Video-based Surgical Phase Recognition,,https://arxiv.org/abs/2307.09997v6,https://gitlab.com/nct_tso_public/tunes,,,Papers With Code / arXiv,2307.09997,,
1.0,RESEARCH_PAPER,Conformal Prediction for Causal Effects of Continuous Treatments,,https://arxiv.org/abs/2407.03094v3,https://github.com/m-schroder/ContinuousCausalCP,7,,Papers With Code / arXiv,2407.03094,2,7
1.0,RESEARCH_PAPER,Multivariate Probabilistic Time Series Forecasting with Correlated Errors,,https://arxiv.org/abs/2402.01000v4,https://github.com/rottenivy/mv_pts_correlatederr,17,,Papers With Code / arXiv,2402.01000,1,17
1.0,RESEARCH_PAPER,CausalConceptTS: Causal Attributions for Time Series Classification using High Fidelity Diffusion Models,,https://arxiv.org/abs/2405.15871v1,https://github.com/AI4HealthUOL/CausalConceptTS,12,,Papers With Code / arXiv,2405.15871,0,12
1.0,RESEARCH_PAPER,Do-Not-Answer: A Dataset for Evaluating Safeguards in LLMs,,https://arxiv.org/abs/2308.13387v2,https://github.com/Libr-AI/do-not-answer,343,,Papers With Code / arXiv,2308.13387,29,343
1.0,RESEARCH_PAPER,On Fairness of Medical Image Classification with Multiple Sensitive Attributes via Learning Orthogonal Representations,,https://arxiv.org/abs/2301.01481v3,https://github.com/ubc-tea/FCRO-Fair-Classification-Orthogonal-Representation,9,,Papers With Code / arXiv,2301.01481,1,9
1.0,RESEARCH_PAPER,Cross-view Masked Diffusion Transformers for Person Image Synthesis,,https://arxiv.org/abs/2402.01516v2,https://github.com/trungpx/xmdpt,53,,Papers With Code / arXiv,2402.01516,6,53
1.0,RESEARCH_PAPER,LatentMan: Generating Consistent Animated Characters using Image Diffusion Models,,https://arxiv.org/abs/2312.07133v2,https://github.com/abdo-eldesokey/latentman,22,,Papers With Code / arXiv,2312.07133,0,22
1.0,RESEARCH_PAPER,PGDS: Pose-Guidance Deep Supervision for Mitigating Clothes-Changing in Person Re-Identification,,https://arxiv.org/abs/2312.05634v3,https://github.com/huyquoctrinh/PGDS,5,,Papers With Code / arXiv,2312.05634,0,5
1.0,RESEARCH_PAPER,Generative Parameter-Efficient Fine-Tuning,,https://arxiv.org/abs/2312.00700v4,https://github.com/savadikarc/wegeft,23,,Papers With Code / arXiv,2312.00700,2,23
1.0,RESEARCH_PAPER,GrootVL: Tree Topology is All You Need in State Space Model,,https://arxiv.org/abs/2406.02395v1,https://github.com/EasonXiao-888/MambaTree,112,,Papers With Code / arXiv,2406.02395,6,112
1.0,RESEARCH_PAPER,SpecExec: Massively Parallel Speculative Decoding for Interactive LLM Inference on Consumer Devices,,https://arxiv.org/abs/2406.02532v3,https://github.com/yandex-research/specexec,68,,Papers With Code / arXiv,2406.02532,8,68
1.0,RESEARCH_PAPER,An Information Theoretic Approach to Machine Unlearning,,https://arxiv.org/abs/2402.01401v4,https://github.com/jwf40/Information-Theoretic-Unlearning,24,,Papers With Code / arXiv,2402.01401,1,24
1.0,RESEARCH_PAPER,TopViewRS: Vision-Language Models as Top-View Spatial Reasoners,,https://arxiv.org/abs/2406.02537v1,https://github.com/cambridgeltl/topviewrs,15,,Papers With Code / arXiv,2406.02537,2,15
1.0,RESEARCH_PAPER,Tackling Non-Stationarity in Reinforcement Learning via Causal-Origin Representation,,https://arxiv.org/abs/2306.02747v3,https://github.com/PKU-RL/COREP,12,,Papers With Code / arXiv,2306.02747,0,12
1.0,RESEARCH_PAPER,AdaFisher: Adaptive Second Order Optimization via Fisher Information,,https://arxiv.org/abs/2405.16397v3,https://github.com/AtlasAnalyticsLab/AdaFisher,53,,Papers With Code / arXiv,2405.16397,3,53
1.0,RESEARCH_PAPER,Automated Focused Feedback Generation for Scientific Writing Assistance,,https://arxiv.org/abs/2405.20477v2,https://github.com/ericchamoun/FocusedFeedbackGeneration,9,,Papers With Code / arXiv,2405.20477,1,9
1.0,RESEARCH_PAPER,TTM-RE: Memory-Augmented Document-Level Relation Extraction,,https://arxiv.org/abs/2406.05906v1,https://github.com/chufangao/TTM-RE,20,,Papers With Code / arXiv,2406.05906,5,20
1.0,RESEARCH_PAPER,Multi-Swap $k$-Means++,,https://arxiv.org/abs/2309.16384v2,https://github.com/lorenzo2beretta/multi-swap-k-means-pp,5,,Papers With Code / arXiv,2309.16384,0,5
1.0,RESEARCH_PAPER,Score-based Causal Representation Learning: Linear and General Transformations,,https://arxiv.org/abs/2402.00849v3,https://github.com/acarturk-e/score-based-crl,6,,Papers With Code / arXiv,2402.00849,3,6
1.0,RESEARCH_PAPER,A modelling framework for the analysis of the SARS-CoV2 transmission dynamics,,https://arxiv.org/abs/2203.03773v3,https://github.com/anastasiachtz/seir-gbm,1,,Papers With Code / arXiv,2203.03773,0,1
1.0,RESEARCH_PAPER,TOGS: Gaussian Splatting with Temporal Opacity Offset for Real-Time 4D DSA Rendering,,https://arxiv.org/abs/2403.19586v2,https://github.com/hustvl/TOGS,35,,Papers With Code / arXiv,2403.19586,2,35
1.0,RESEARCH_PAPER,Vript: A Video Is Worth Thousands of Words,,https://arxiv.org/abs/2406.06040v2,https://github.com/mutonix/Vript,162,,Papers With Code / arXiv,2406.06040,3,162
1.0,RESEARCH_PAPER,Q-Ground: Image Quality Grounding with Large Multi-modality Models,,https://arxiv.org/abs/2407.17035v1,https://github.com/Q-Future/Q-Ground,48,,Papers With Code / arXiv,2407.17035,0,48
1.0,RESEARCH_PAPER,Persistent Homology for Structural Characterization in Disordered Systems,,https://arxiv.org/abs/2411.14390v8,https://github.com/anwanguow/PH_structural,4,,Papers With Code / arXiv,2411.14390,0,4
1.0,RESEARCH_PAPER,Open-Vocabulary Calibration for Fine-tuned CLIP,,https://arxiv.org/abs/2402.04655v4,https://github.com/ml-stat-Sustech/CLIP_Calibration,18,,Papers With Code / arXiv,2402.04655,2,18
1.0,RESEARCH_PAPER,Enhancing End-to-End Autonomous Driving with Latent World Model,,https://arxiv.org/abs/2406.08481v1,https://github.com/BraveGroup/LAW,390,,Papers With Code / arXiv,2406.08481,30,390
1.0,RESEARCH_PAPER,Combining Graph Neural Network and Mamba to Capture Local and Global Tissue Spatial Relationships in Whole Slide Images,,https://arxiv.org/abs/2406.04377v1,https://github.com/rina-ding/gat-mamba,37,,Papers With Code / arXiv,2406.04377,3,37
1.0,RESEARCH_PAPER,Autoregressive Pretraining with Mamba in Vision,,https://arxiv.org/abs/2406.07537v1,https://github.com/OliverRensu/ARM,92,,Papers With Code / arXiv,2406.07537,3,92
1.0,RESEARCH_PAPER,"No Train, all Gain: Self-Supervised Gradients Improve Deep Frozen Representations",,https://arxiv.org/abs/2407.10964v2,https://github.com/WalterSimoncini/fungivision,40,,Papers With Code / arXiv,2407.10964,0,40
1.0,RESEARCH_PAPER,Video Diffusion Alignment via Reward Gradients,,https://arxiv.org/abs/2407.08737v1,https://github.com/mihirp1998/VADER,318,,Papers With Code / arXiv,2407.08737,15,318
1.0,RESEARCH_PAPER,The Scandinavian Embedding Benchmarks: Comprehensive Assessment of Multilingual and Monolingual Text Embedding,,https://arxiv.org/abs/2406.02396v1,https://github.com/KennethEnevoldsen/scandinavian-embedding-benchmark,46,,Papers With Code / arXiv,2406.02396,9,46
1.0,RESEARCH_PAPER,HARP: A Large-Scale Higher-Order Ambisonic Room Impulse Response Dataset,,https://arxiv.org/abs/2411.14207v2,https://github.com/whojavumusic/HARP,35,,Papers With Code / arXiv,2411.14207,3,35
1.0,RESEARCH_PAPER,Stranger Danger! Identifying and Avoiding Unpredictable Pedestrians in RL-based Social Robot Navigation,,https://arxiv.org/abs/2407.06056v1,https://github.com/sarapohland/stranger-danger,18,,Papers With Code / arXiv,2407.06056,0,18
1.0,RESEARCH_PAPER,Adversarial Illusions in Multi-Modal Embeddings,,https://arxiv.org/abs/2308.11804v4,https://github.com/ebagdasa/adversarial_illusions,32,,Papers With Code / arXiv,2308.11804,2,32
1.0,RESEARCH_PAPER,ECLIPSE: Expunging Clean-label Indiscriminate Poisons via Sparse Diffusion Purification,,https://arxiv.org/abs/2406.15093v2,https://github.com/CGCL-codes/ECLIPSE,4,,Papers With Code / arXiv,2406.15093,1,4
1.0,RESEARCH_PAPER,Learning Difference-of-Convex Regularizers for Inverse Problems: A Flexible Framework with Theoretical Guarantees,,https://arxiv.org/abs/2502.00240v1,https://github.com/YasminZhang/ADCR,5,,Papers With Code / arXiv,2502.00240,0,5
1.0,RESEARCH_PAPER,The BrowserGym Ecosystem for Web Agent Research,,https://arxiv.org/abs/2412.05467v4,https://github.com/ServiceNow/AgentLab,633,,Papers With Code / arXiv,2412.05467,130,633
1.0,RESEARCH_PAPER,Discovering Minimal Reinforcement Learning Environments,,https://arxiv.org/abs/2406.12589v1,https://github.com/keraJLi/synthetic-gymnax,22,,Papers With Code / arXiv,2406.12589,1,22
1.0,RESEARCH_PAPER,"Advancing continual lifelong learning in neural information retrieval: definition, dataset, framework, and empirical evaluation",,https://arxiv.org/abs/2308.08378v2,https://github.com/JingruiHou/CLNIR,0,,Papers With Code / arXiv,2308.08378,0,0
1.0,RESEARCH_PAPER,Neural Concept Binder,,https://arxiv.org/abs/2406.09949v2,https://github.com/ml-research/NeuralConceptBinder,11,,Papers With Code / arXiv,2406.09949,1,11
1.0,RESEARCH_PAPER,Spach Transformer: Spatial and Channel-wise Transformer Based on Local and Global Self-attentions for PET Image Denoising,,https://arxiv.org/abs/2209.03300v2,https://github.com/sijang/SpachTransformer,13,,Papers With Code / arXiv,2209.03300,1,13
1.0,RESEARCH_PAPER,GLAD: Global-Local View Alignment and Background Debiasing for Unsupervised Video Domain Adaptation with Large Domain Gap,,https://arxiv.org/abs/2311.12467v2,https://github.com/KHU-VLL/GLAD,5,,Papers With Code / arXiv,2311.12467,1,5
1.0,RESEARCH_PAPER,MicroFlow: An Efficient Rust-Based Inference Engine for TinyML,,https://arxiv.org/abs/2409.19432v3,https://github.com/matteocarnelos/microflow-rs,191,,Papers With Code / arXiv,2409.19432,31,191
1.0,RESEARCH_PAPER,Discovering Local Hidden-Variable Models for Arbitrary Multipartite Entangled States and Arbitrary Measurements,,https://arxiv.org/abs/2407.04673v1,https://github.com/Nick-von-Selzam/AutoLHVs,7,,Papers With Code / arXiv,2407.04673,1,7
1.0,RESEARCH_PAPER,Room Impulse Response as a Prompt for Acoustic Echo Cancellation,,https://arxiv.org/abs/2505.19480v1,https://github.com/ZhaoF-i/RIR-Prompt-AEC,6,,Papers With Code / arXiv,2505.19480,2,6
1.0,RESEARCH_PAPER,VANP: Learning Where to See for Navigation with Self-Supervised Vision-Action Pre-Training,,https://arxiv.org/abs/2403.08109v3,https://github.com/mhnazeri/VANP,24,,Papers With Code / arXiv,2403.08109,2,24
1.0,RESEARCH_PAPER,VulDetectBench: Evaluating the Deep Capability of Vulnerability Detection with Large Language Models,,https://arxiv.org/abs/2406.07595v4,https://github.com/Sweetaroo/VulDetectBench,38,,Papers With Code / arXiv,2406.07595,6,38
1.0,RESEARCH_PAPER,MasterWeaver: Taming Editability and Face Identity for Personalized Text-to-Image Generation,,https://arxiv.org/abs/2405.05806v3,https://github.com/csyxwei/MasterWeaver,133,,Papers With Code / arXiv,2405.05806,2,133
1.0,RESEARCH_PAPER,Procedurally Optimised ZX-Diagram Cutting for Efficient T-Decomposition in Classical Simulation,,https://arxiv.org/abs/2403.10964v2,https://github.com/mjsutcliffe99/ProcOptCut,1,,Papers With Code / arXiv,2403.10964,1,1
1.0,RESEARCH_PAPER,Lumen: Unleashing Versatile Vision-Centric Capabilities of Large Multimodal Models,,https://arxiv.org/abs/2403.07304v2,https://github.com/SxJyJay/Lumen,26,,Papers With Code / arXiv,2403.07304,0,26
1.0,RESEARCH_PAPER,MedSAM2: Segment Anything in 3D Medical Images and Videos,,https://arxiv.org/abs/2504.03600v1,https://github.com/bowang-lab/MedSAM2,718,,Papers With Code / arXiv,2504.03600,137,718
1.0,RESEARCH_PAPER,Self-interpreting Adversarial Images,,https://arxiv.org/abs/2407.08970v4,https://github.com/Tingwei-Zhang/Soft-Prompts-Go-Hard,11,,Papers With Code / arXiv,2407.08970,2,11
1.0,RESEARCH_PAPER,NuPlanQA: A Large-Scale Dataset and Benchmark for Multi-View Driving Scene Understanding in Multi-Modal Large Language Models,,https://arxiv.org/abs/2503.12772v1,https://github.com/sungyeonparkk/NuPlanQA,20,,Papers With Code / arXiv,2503.12772,1,20
1.0,RESEARCH_PAPER,Cycle-Configuration: A Novel Graph-theoretic Descriptor Set for Molecular Inference,,https://arxiv.org/abs/2408.05136v1,https://github.com/ku-dml/mol-infer,10,,Papers With Code / arXiv,2408.05136,10,10
1.0,RESEARCH_PAPER,Black-Hole Cartography,,https://arxiv.org/abs/2410.13935v2,https://github.com/eliotfinch/qnmfits,5,,Papers With Code / arXiv,2410.13935,7,5
1.0,RESEARCH_PAPER,EMID: An Emotional Aligned Dataset in Audio-Visual Modality,,https://arxiv.org/abs/2308.07622v2,https://github.com/ecnu-aigc/EMID,7,,Papers With Code / arXiv,2308.07622,0,7
1.0,RESEARCH_PAPER,BrainSegFounder: Towards 3D Foundation Models for Neuroimage Segmentation,,https://arxiv.org/abs/2406.10395v3,https://github.com/lab-smile/BrainSegFounder,16,,Papers With Code / arXiv,2406.10395,5,16
1.0,RESEARCH_PAPER,The Yin-Yang dataset,,https://arxiv.org/abs/2102.08211v2,https://github.com/lkriener/yin_yang_data_set,33,,Papers With Code / arXiv,2102.08211,9,33
1.0,RESEARCH_PAPER,SALSA: Swift Adaptive Lightweight Self-Attention for Enhanced LiDAR Place Recognition,,https://arxiv.org/abs/2407.08260v2,https://github.com/raktimgg/SALSA,19,,Papers With Code / arXiv,2407.08260,3,19
1.0,RESEARCH_PAPER,Fast and energy-efficient neuromorphic deep learning with first-spike times,,https://arxiv.org/abs/1912.11443v4,https://github.com/lkriener/yin_yang_data_set,33,,Papers With Code / arXiv,1912.11443,9,33
1.0,RESEARCH_PAPER,Two-Step Mixed-Type Multivariate Bayesian Sparse Variable Selection with Shrinkage Priors,,https://arxiv.org/abs/2201.12839v8,https://github.com/raybai07/MtMBSP,2,,Papers With Code / arXiv,2201.12839,1,2
1.0,RESEARCH_PAPER,Graph GOSPA metric: a metric to measure the discrepancy between graphs of different sizes,,https://arxiv.org/abs/2311.07596v2,https://github.com/JinhaoGu/The-graph-GOSPA-metric,2,,Papers With Code / arXiv,2311.07596,1,2
1.0,RESEARCH_PAPER,Envisioning Beyond the Pixels: Benchmarking Reasoning-Informed Visual Editing,,https://arxiv.org/abs/2504.02826v1,https://github.com/PhoenixZ810/RISEBench,154,,Papers With Code / arXiv,2504.02826,7,154
1.0,RESEARCH_PAPER,Struc2mapGAN: improving synthetic cryo-EM density maps with generative adversarial networks,,https://arxiv.org/abs/2407.17674v2,https://github.com/chenwei-zhang/struc2mapGAN,8,,Papers With Code / arXiv,2407.17674,1,8
1.0,RESEARCH_PAPER,RHLE: Modular Deductive Verification of Relational $\forall\exists$ Properties,,https://arxiv.org/abs/2002.02904v5,https://github.com/rcdickerson/rhle-benchmarks,0,,Papers With Code / arXiv,2002.02904,0,0
1.0,RESEARCH_PAPER,Efficient mapping of phase diagrams with conditional Boltzmann Generators,,https://arxiv.org/abs/2406.12378v2,https://github.com/maxschebek/flow_diagrams,8,,Papers With Code / arXiv,2406.12378,6,8
1.0,RESEARCH_PAPER,When to Extract ReID Features: A Selective Approach for Improved Multiple Object Tracking,,https://arxiv.org/abs/2409.06617v2,https://github.com/emirhanbayar/Fast-StrongSORT,16,,Papers With Code / arXiv,2409.06617,1,16
1.0,RESEARCH_PAPER,On Kemeny's constant and stochastic complement,,https://arxiv.org/abs/2312.13201v2,https://github.com/Cirdans-Home/Kemeny-and-Conquer,0,,Papers With Code / arXiv,2312.13201,0,0
1.0,RESEARCH_PAPER,Integrating Graph Neural Networks and Many-Body Expansion Theory for Potential Energy Surfaces,,https://arxiv.org/abs/2411.01578v1,https://github.com/Lin-Group-at-UMass/FBGNN-MBE,3,,Papers With Code / arXiv,2411.01578,2,3
1.0,RESEARCH_PAPER,Optimal Regret Is Achievable with Bounded Approximate Inference Error: An Enhanced Bayesian Upper Confidence Bound Framework,,https://arxiv.org/abs/2201.12955v4,https://github.com/HZ0000/EBUCB,1,,Papers With Code / arXiv,2201.12955,0,1
1.0,RESEARCH_PAPER,A Double Machine Learning Approach for the Evaluation of COVID-19 Vaccine Effectiveness under the Test-Negative Design: Analysis of Québec Administrative Data,,https://arxiv.org/abs/2310.04578v2,https://github.com/CONGJIANG/TNDDR,0,,Papers With Code / arXiv,2310.04578,0,0
1.0,RESEARCH_PAPER,"BGE M3-Embedding: Multi-Lingual, Multi-Functionality, Multi-Granularity Text Embeddings Through Self-Knowledge Distillation",,https://arxiv.org/abs/2402.03216v4,https://github.com/FlagOpen/FlagEmbedding,12153,,Papers With Code / arXiv,2402.03216,915,12153
1.0,RESEARCH_PAPER,The classification of smooth well-formed Fano weighted complete intersections,,https://arxiv.org/abs/2006.05666v5,https://github.com/MikhailOvcharenko/fano-WCI,0,,Papers With Code / arXiv,2006.05666,0,0
1.0,RESEARCH_PAPER,EGVD: Event-Guided Video Deraining,,https://arxiv.org/abs/2309.17239v1,https://github.com/booker-max/EGVD,8,,Papers With Code / arXiv,2309.17239,1,8
1.0,RESEARCH_PAPER,An efficient framework based on large foundation model for cervical cytopathology whole slide image screening,,https://arxiv.org/abs/2407.11486v1,https://github.com/CVIU-CSU/TCT-InfoNCE,6,,Papers With Code / arXiv,2407.11486,2,6
1.0,RESEARCH_PAPER,VEXIR2Vec: An Architecture-Neutral Embedding Framework for Binary Similarity,,https://arxiv.org/abs/2312.00507v2,https://github.com/SystemSecurityStorm/Awesome-Binary-Similarity,616,,Papers With Code / arXiv,2312.00507,82,616
1.0,RESEARCH_PAPER,Bayesian Parameter-Efficient Fine-Tuning for Overcoming Catastrophic Forgetting,,https://arxiv.org/abs/2402.12220v3,https://github.com/idiap/bayesian-peft,3,,Papers With Code / arXiv,2402.12220,0,3
1.0,RESEARCH_PAPER,Generalized Measures of Anticipation and Responsivity in Online Language Processing,,https://arxiv.org/abs/2409.10728v2,https://github.com/rycolab/generalized-surprisal,2,,Papers With Code / arXiv,2409.10728,1,2
1.0,RESEARCH_PAPER,Feature Re-Embedding: Towards Foundation Model-Level Performance in Computational Pathology,,https://arxiv.org/abs/2402.17228v4,https://github.com/DearCaat/RRT-MIL,140,,Papers With Code / arXiv,2402.17228,13,140
1.0,RESEARCH_PAPER,Self-Supervised Diffusion MRI Denoising via Iterative and Stable Refinement,,https://arxiv.org/abs/2501.13514v3,https://github.com/FouierL/Di-Fusion,30,,Papers With Code / arXiv,2501.13514,0,30
1.0,RESEARCH_PAPER,Sum-of-Parts: Faithful Attributions for Groups of Features,,https://arxiv.org/abs/2310.16316v2,https://github.com/BrachioLab/sop,5,,Papers With Code / arXiv,2310.16316,1,5
1.0,RESEARCH_PAPER,CoVoMix: Advancing Zero-Shot Speech Generation for Human-like Multi-talker Conversations,,https://arxiv.org/abs/2404.06690v3,https://github.com/vivian556123/NeurIPS2024-CoVoMix,67,,Papers With Code / arXiv,2404.06690,3,67
1.0,RESEARCH_PAPER,Less is More: A Simple yet Effective Token Reduction Method for Efficient Multi-modal LLMs,,https://arxiv.org/abs/2409.10994v3,https://github.com/FreedomIntelligence/TRIM,22,,Papers With Code / arXiv,2409.10994,1,22
1.0,RESEARCH_PAPER,Experience and Evidence are the eyes of an excellent summarizer! Towards Knowledge Infused Multi-modal Clinical Conversation Summarization,,https://arxiv.org/abs/2309.15739v1,https://github.com/NLP-RL/MM-CliConSummation,2,,Papers With Code / arXiv,2309.15739,1,2
1.0,RESEARCH_PAPER,Unraveling Cross-Modality Knowledge Conflicts in Large Vision-Language Models,,https://arxiv.org/abs/2410.03659v2,https://github.com/luka-group/vlm-knowledge-conflict,55,,Papers With Code / arXiv,2410.03659,4,55
1.0,RESEARCH_PAPER,A Simple Image Segmentation Framework via In-Context Examples,,https://arxiv.org/abs/2410.04842v2,https://github.com/aim-uofa/SINE,68,,Papers With Code / arXiv,2410.04842,5,68
1.0,RESEARCH_PAPER,StreamGen: Connecting Populations of Streams and Shells to Their Host Galaxies,,https://arxiv.org/abs/2409.13810v1,https://github.com/adropulic/StreamGen,0,,Papers With Code / arXiv,2409.13810,1,0
1.0,RESEARCH_PAPER,Scaling Up Your Kernels: Large Kernel Design in ConvNets towards Universal Representations,,https://arxiv.org/abs/2410.08049v1,https://github.com/AILab-CVC/UniRepLKNet,1073,,Papers With Code / arXiv,2410.08049,63,1073
1.0,RESEARCH_PAPER,Optimal-state Dynamics Estimation for Physics-based Human Motion Capture from Videos,,https://arxiv.org/abs/2410.07795v4,https://github.com/cuongle1206/OSDCap,23,,Papers With Code / arXiv,2410.07795,2,23
1.0,RESEARCH_PAPER,MEMSDuino: An Arduino-Based MEMS Switch Controller,,https://arxiv.org/abs/2501.03340v1,https://github.com/lafefspietz/MEMSduino,0,,Papers With Code / arXiv,2501.03340,0,0
1.0,RESEARCH_PAPER,Aligning Few-Step Diffusion Models with Dense Reward Difference Learning,,https://arxiv.org/abs/2411.11727v1,https://github.com/ZiyiZhang27/sdpo,22,,Papers With Code / arXiv,2411.11727,0,22
1.0,RESEARCH_PAPER,Extreme values of the mass distribution associated with $d$-quasi-copulas via linear programming,,https://arxiv.org/abs/2410.19339v2,https://gitlab.com/mrcinv/quasicopula.jl,,,Papers With Code / arXiv,2410.19339,,
1.0,RESEARCH_PAPER,Physics-informed Neural Networks for Functional Differential Equations: Cylindrical Approximation and Its Convergence Guarantees,,https://arxiv.org/abs/2410.18153v1,https://github.com/TaikiMiyagawa/FunctionalPINN,12,,Papers With Code / arXiv,2410.18153,2,12
1.0,RESEARCH_PAPER,A Survey of Medical Vision-and-Language Applications and Their Techniques,,https://arxiv.org/abs/2411.12195v1,https://github.com/YtongXie/Medical-Vision-and-Language-Tasks-and-Methodologies-A-Survey,32,,Papers With Code / arXiv,2411.12195,1,32
1.0,RESEARCH_PAPER,Multi-Type Preference Learning: Empowering Preference-Based Reinforcement Learning with Equal Preferences,,https://arxiv.org/abs/2409.07268v2,https://github.com/FeiCuiLengMMbb/paper_MTPL,7,,Papers With Code / arXiv,2409.07268,0,7
1.0,RESEARCH_PAPER,Denial-of-Service Poisoning Attacks against Large Language Models,,https://arxiv.org/abs/2410.10760v1,https://github.com/sail-sg/P-DoS,23,,Papers With Code / arXiv,2410.10760,3,23
1.0,RESEARCH_PAPER,AR-TTA: A Simple Method for Real-World Continual Test-Time Adaptation,,https://arxiv.org/abs/2309.10109v2,https://github.com/dmn-sjk/AR-TTA,0,,Papers With Code / arXiv,2309.10109,0,0
1.0,RESEARCH_PAPER,V2M: Visual 2-Dimensional Mamba for Image Representation Learning,,https://arxiv.org/abs/2410.10382v1,https://github.com/wangck20/V2M,27,,Papers With Code / arXiv,2410.10382,2,27
1.0,RESEARCH_PAPER,Geometry-Informed Neural Networks,,https://arxiv.org/abs/2402.14009v3,https://github.com/ml-jku/GINNs-Geometry-informed-Neural-Networks,192,,Papers With Code / arXiv,2402.14009,27,192
1.0,RESEARCH_PAPER,A Quick Primer on Machine Learning in Wireless Communications,,https://arxiv.org/abs/2312.17713v6,https://github.com/farismismar/deepwireless,20,,Papers With Code / arXiv,2312.17713,6,20
1.0,RESEARCH_PAPER,Subjective and Objective Analysis of Indian Social Media Video Quality,,https://arxiv.org/abs/2401.02794v1,https://github.com/sandeep-sm/LIVE-SC,0,,Papers With Code / arXiv,2401.02794,0,0
1.0,RESEARCH_PAPER,TOPA: Extending Large Language Models for Video Understanding via Text-Only Pre-Alignment,,https://arxiv.org/abs/2405.13911v2,https://github.com/dhg-wei/TOPA,29,,Papers With Code / arXiv,2405.13911,2,29
1.0,RESEARCH_PAPER,Unsupervised Homography Estimation on Multimodal Image Pair via Alternating Optimization,,https://arxiv.org/abs/2411.13036v1,https://github.com/songsang7/AltO,15,,Papers With Code / arXiv,2411.13036,0,15
1.0,RESEARCH_PAPER,ViSTa Dataset: Do vision-language models understand sequential tasks?,,https://arxiv.org/abs/2411.13211v2,https://github.com/Eugleo/vista-dataset,2,,Papers With Code / arXiv,2411.13211,0,2
1.0,RESEARCH_PAPER,Gaze-Guided Learning: Avoiding Shortcut Bias in Visual Classification,,https://arxiv.org/abs/2504.05583v1,https://github.com/rekkles2/Gaze-CIFAR-10,6,,Papers With Code / arXiv,2504.05583,0,6
1.0,RESEARCH_PAPER,FlipSketch: Flipping Static Drawings to Text-Guided Sketch Animations,,https://arxiv.org/abs/2411.10818v1,https://github.com/hmrishavbandy/FlipSketch,359,,Papers With Code / arXiv,2411.10818,39,359
1.0,RESEARCH_PAPER,Intruding with Words: Towards Understanding Graph Injection Attacks at the Text Level,,https://arxiv.org/abs/2405.16405v2,https://github.com/Leirunlin/Text-level-Graph-Attack,8,,Papers With Code / arXiv,2405.16405,3,8
1.0,RESEARCH_PAPER,A LLM-Based Ranking Method for the Evaluation of Automatic Counter-Narrative Generation,,https://arxiv.org/abs/2406.15227v3,https://github.com/hitz-zentroa/cn-eval,2,,Papers With Code / arXiv,2406.15227,0,2
1.0,RESEARCH_PAPER,AdjointDEIS: Efficient Gradients for Diffusion Models,,https://arxiv.org/abs/2405.15020v3,https://github.com/zblasingame/AdjointDEIS,1,,Papers With Code / arXiv,2405.15020,0,1
1.0,RESEARCH_PAPER,Diffusion-based Reinforcement Learning for Edge-enabled AI-Generated Content Services,,https://arxiv.org/abs/2303.13052v3,https://github.com/lizonghang/agod,,,Papers With Code / arXiv,2303.13052,,
1.0,RESEARCH_PAPER,Normalization Layer Per-Example Gradients are Sufficient to Predict Gradient Noise Scale in Transformers,,https://arxiv.org/abs/2411.00999v1,https://github.com/CerebrasResearch/nanoGNS,9,,Papers With Code / arXiv,2411.00999,1,9
1.0,RESEARCH_PAPER,Interpreting CLIP with Sparse Linear Concept Embeddings (SpLiCE),,https://arxiv.org/abs/2402.10376v2,https://github.com/AI4LIFE-GROUP/SpLiCE,134,,Papers With Code / arXiv,2402.10376,16,134
1.0,RESEARCH_PAPER,Gateformer: Advancing Multivariate Time Series Forecasting through Temporal and Variate-Wise Attention with Gated Representations,,https://arxiv.org/abs/2505.00307v2,https://github.com/nyuolab/Gateformer,17,,Papers With Code / arXiv,2505.00307,3,17
1.0,RESEARCH_PAPER,C-PMI: Conditional Pointwise Mutual Information for Turn-level Dialogue Evaluation,,https://arxiv.org/abs/2306.15245v3,https://github.com/renll/C-PMI,1,,Papers With Code / arXiv,2306.15245,0,1
1.0,RESEARCH_PAPER,Steerable Conditional Diffusion for Out-of-Distribution Adaptation in Medical Image Reconstruction,,https://arxiv.org/abs/2308.14409v3,https://github.com/alexdenker/SteerableConditionalDiffusion,17,,Papers With Code / arXiv,2308.14409,0,17
1.0,RESEARCH_PAPER,DEFT: Efficient Fine-Tuning of Diffusion Models by Learning the Generalised $h$-transform,,https://arxiv.org/abs/2406.01781v5,https://github.com/alexdenker/DEFT,15,,Papers With Code / arXiv,2406.01781,0,15
1.0,RESEARCH_PAPER,Mozart's Touch: A Lightweight Multi-modal Music Generation Framework Based on Pre-Trained Large Models,,https://arxiv.org/abs/2405.02801v3,https://github.com/TiffanyBlews/MozartsTouch,43,,Papers With Code / arXiv,2405.02801,8,43
1.0,RESEARCH_PAPER,Enhancing Large Language Models through Neuro-Symbolic Integration and Ontological Reasoning,,https://arxiv.org/abs/2504.07640v1,https://github.com/ruslanmv/Neuro-symbolic-interaction,1,,Papers With Code / arXiv,2504.07640,1,1
1.0,RESEARCH_PAPER,Tracking Changing Probabilities via Dynamic Learners,,https://arxiv.org/abs/2402.10142v3,https://github.com/omadaniTet/sparse-moving-averages,0,,Papers With Code / arXiv,2402.10142,0,0
1.0,RESEARCH_PAPER,"Joinable Search over Multi-source Spatial Datasets: Overlap, Coverage, and Efficiency",,https://arxiv.org/abs/2311.13383v4,https://github.com/whu-totemdb/DITS_code,0,,Papers With Code / arXiv,2311.13383,0,0
1.0,RESEARCH_PAPER,DepGraph: Towards Any Structural Pruning,,https://arxiv.org/abs/2301.12900v2,https://github.com/VainF/Torch-Pruning,3355,,Papers With Code / arXiv,2301.12900,387,3355
1.0,RESEARCH_PAPER,Language Guided Concept Bottleneck Models for Interpretable Continual Learning,,https://arxiv.org/abs/2503.23283v1,https://github.com/FisherCats/CLG-CBM,37,,Papers With Code / arXiv,2503.23283,4,37
1.0,RESEARCH_PAPER,CT-Mamba: A Hybrid Convolutional State Space Model for Low-Dose CT Denoising,,https://arxiv.org/abs/2411.07930v4,https://github.com/linxuan-li/CT-Mamba,20,,Papers With Code / arXiv,2411.07930,1,20
1.0,RESEARCH_PAPER,"Open Eyes, Then Reason: Fine-grained Visual Mathematical Understanding in MLLMs",,https://arxiv.org/abs/2501.06430v1,https://github.com/AI4Math-ShanZhang/SVE-Math,12,,Papers With Code / arXiv,2501.06430,1,12
1.0,RESEARCH_PAPER,CoMPaSS: Enhancing Spatial Understanding in Text-to-Image Diffusion Models,,https://arxiv.org/abs/2412.13195v1,https://github.com/blurgyy/CoMPaSS,94,,Papers With Code / arXiv,2412.13195,8,94
1.0,RESEARCH_PAPER,Demystify Transformers & Convolutions in Modern Image Deep Networks,,https://arxiv.org/abs/2211.05781v3,https://github.com/OpenGVLab/STM-Evaluation,70,,Papers With Code / arXiv,2211.05781,6,70
1.0,RESEARCH_PAPER,Long-Tailed Out-of-Distribution Detection: Prioritizing Attention to Tail,,https://arxiv.org/abs/2408.06742v3,https://github.com/InaR-design/PATT,7,,Papers With Code / arXiv,2408.06742,0,7
1.0,RESEARCH_PAPER,A Real-Time System for Scheduling and Managing UAV Delivery in Urban,,https://arxiv.org/abs/2412.11590v1,https://github.com/chengji253/UAVDeliverySystem,7,,Papers With Code / arXiv,2412.11590,2,7
1.0,RESEARCH_PAPER,SfM-Free 3D Gaussian Splatting via Hierarchical Training,,https://arxiv.org/abs/2412.01553v1,https://github.com/jibo27/3DGS_Hierarchical_Training,77,,Papers With Code / arXiv,2412.01553,7,77
1.0,RESEARCH_PAPER,CWEval: Outcome-driven Evaluation on Functionality and Security of LLM Code Generation,,https://arxiv.org/abs/2501.08200v1,https://github.com/Co1lin/CWEval,44,,Papers With Code / arXiv,2501.08200,8,44
1.0,RESEARCH_PAPER,The KFIoU Loss for Rotated Object Detection,,https://arxiv.org/abs/2201.12558v6,https://github.com/Jittor/JDet,211,,Papers With Code / arXiv,2201.12558,36,211
1.0,RESEARCH_PAPER,H-vmunet: High-order Vision Mamba UNet for Medical Image Segmentation,,https://arxiv.org/abs/2403.13642v1,https://github.com/wurenkai/H-vmunet,141,,Papers With Code / arXiv,2403.13642,10,141
1.0,RESEARCH_PAPER,Can Out-of-Domain data help to Learn Domain-Specific Prompts for Multimodal Misinformation Detection?,,https://arxiv.org/abs/2311.16496v4,https://github.com/scviab/DPOD,1,,Papers With Code / arXiv,2311.16496,1,1
1.0,RESEARCH_PAPER,ICM-Assistant: Instruction-tuning Multimodal Large Language Models for Rule-based Explainable Image Content Moderation,,https://arxiv.org/abs/2412.18216v2,https://github.com/zhaoyuzhi/ICM-Assistant,16,,Papers With Code / arXiv,2412.18216,2,16
1.0,RESEARCH_PAPER,MCBench: A Benchmark Suite for Monte Carlo Sampling Algorithms,,https://arxiv.org/abs/2501.03138v1,https://github.com/tudo-physik-e4/MCBench.jl,1,,Papers With Code / arXiv,2501.03138,2,1
1.0,RESEARCH_PAPER,Stability of Data-Dependent Ridge-Regularization for Inverse Problems,,https://arxiv.org/abs/2406.12289v2,https://github.com/FabianAltekrueger/DataAdaptiveRR,4,,Papers With Code / arXiv,2406.12289,0,4
1.0,RESEARCH_PAPER,Normalizing Batch Normalization for Long-Tailed Recognition,,https://arxiv.org/abs/2501.03122v1,https://github.com/yuxiangbao/NBN,19,,Papers With Code / arXiv,2501.03122,0,19
1.0,RESEARCH_PAPER,SLowcal-SGD: Slow Query Points Improve Local-SGD for Stochastic Convex Optimization,,https://arxiv.org/abs/2304.04169v2,https://github.com/dahan198/slowcal-sgd,0,,Papers With Code / arXiv,2304.04169,0,0
1.0,RESEARCH_PAPER,FigStep: Jailbreaking Large Vision-Language Models via Typographic Visual Prompts,,https://arxiv.org/abs/2311.05608v3,https://github.com/CryptoAILab/FigStep,215,,Papers With Code / arXiv,2311.05608,14,215
1.0,RESEARCH_PAPER,Generating Structured Outputs from Language Models: Benchmark and Studies,,https://arxiv.org/abs/2501.10868v1,https://github.com/guidance-ai/llguidance,859,,Papers With Code / arXiv,2501.10868,84,859
1.0,RESEARCH_PAPER,Evaluating Knowledge Generation and Self-Refinement Strategies for LLM-based Column Type Annotation,,https://arxiv.org/abs/2503.02718v1,https://github.com/wbsg-uni-mannheim/TabAnnGPT,12,,Papers With Code / arXiv,2503.02718,2,12
1.0,RESEARCH_PAPER,Reasoning Language Models: A Blueprint,,https://arxiv.org/abs/2501.11223v3,https://github.com/spcl/x1,97,,Papers With Code / arXiv,2501.11223,15,97
1.0,RESEARCH_PAPER,Efficient Training of Large Vision Models via Advanced Automated Progressive Learning,,https://arxiv.org/abs/2410.00350v1,https://github.com/changlin31/AutoProg-Zero,4,,Papers With Code / arXiv,2410.00350,0,4
1.0,RESEARCH_PAPER,HDEE: Heterogeneous Domain Expert Ensemble,,https://arxiv.org/abs/2502.19385v1,https://github.com/gensyn-ai/hdee,33,,Papers With Code / arXiv,2502.19385,10,33
1.0,RESEARCH_PAPER,FinTSB: A Comprehensive and Practical Benchmark for Financial Time Series Forecasting,,https://arxiv.org/abs/2502.18834v1,https://github.com/TongjiFinLab/FinTSB,130,,Papers With Code / arXiv,2502.18834,25,130
1.0,RESEARCH_PAPER,Semi-Truths: A Large-Scale Dataset of AI-Augmented Images for Evaluating Robustness of AI-Generated Image detectors,,https://arxiv.org/abs/2411.07472v1,https://github.com/J-Kruk/SemiTruths,6,,Papers With Code / arXiv,2411.07472,0,6
1.0,RESEARCH_PAPER,Invariant derivations and trace bounds,,https://arxiv.org/abs/2312.03101v4,https://github.com/skipgaribaldi/invariant-derivations,0,,Papers With Code / arXiv,2312.03101,0,0
1.0,RESEARCH_PAPER,Edicho: Consistent Image Editing in the Wild,,https://arxiv.org/abs/2412.21079v3,https://github.com/ant-research/edicho,128,,Papers With Code / arXiv,2412.21079,3,128
1.0,RESEARCH_PAPER,Exploiting Music Source Separation for Automatic Lyrics Transcription with Whisper,,https://arxiv.org/abs/2506.15514v1,https://github.com/jaza-syed/mss-alt,3,,Papers With Code / arXiv,2506.15514,1,3
1.0,RESEARCH_PAPER,Identifying Spurious Correlations using Counterfactual Alignment,,https://arxiv.org/abs/2312.02186v3,https://github.com/ieee8023/latentshift,11,,Papers With Code / arXiv,2312.02186,1,11
1.0,RESEARCH_PAPER,A Unified Post-Processing Framework for Group Fairness in Classification,,https://arxiv.org/abs/2405.04025v2,https://github.com/uiuctml/fair-classification,16,,Papers With Code / arXiv,2405.04025,2,16
1.0,RESEARCH_PAPER,Teaching LMMs for Image Quality Scoring and Interpreting,,https://arxiv.org/abs/2503.09197v1,https://github.com/zzc-1998/Q-SiT,99,,Papers With Code / arXiv,2503.09197,2,99
1.0,RESEARCH_PAPER,Pretraining Language Models to Ponder in Continuous Space,,https://arxiv.org/abs/2505.20674v1,https://github.com/LUMIA-Group/PonderingLM,27,,Papers With Code / arXiv,2505.20674,0,27
1.0,RESEARCH_PAPER,ChatBench: From Static Benchmarks to Human-AI Evaluation,,https://arxiv.org/abs/2504.07114v1,https://github.com/serinachang5/interactive-eval,1,,Papers With Code / arXiv,2504.07114,1,1
1.0,RESEARCH_PAPER,GENERator: A Long-Context Generative Genomic Foundation Model,,https://arxiv.org/abs/2502.07272v3,https://github.com/GenerTeam/GENERator,464,,Papers With Code / arXiv,2502.07272,75,464
1.0,RESEARCH_PAPER,FRNet: Frustum-Range Networks for Scalable LiDAR Segmentation,,https://arxiv.org/abs/2312.04484v3,https://github.com/Xiangxu-0103/FRNet,106,,Papers With Code / arXiv,2312.04484,12,106
1.0,RESEARCH_PAPER,Continual Deep Reinforcement Learning with Task-Agnostic Policy Distillation,,https://arxiv.org/abs/2411.16532v1,https://github.com/wabbajack1/TAPD,6,,Papers With Code / arXiv,2411.16532,2,6
1.0,RESEARCH_PAPER,DarkELF: A python package for dark matter scattering in dielectric targets,,https://arxiv.org/abs/2104.12786v1,https://github.com/tongylin/DarkELF,12,,Papers With Code / arXiv,2104.12786,5,12
1.0,RESEARCH_PAPER,Dark matter direct detection from the single phonon to the nuclear recoil regime,,https://arxiv.org/abs/2205.02250v2,https://github.com/tongylin/DarkELF,12,,Papers With Code / arXiv,2205.02250,5,12
1.0,RESEARCH_PAPER,SegAgent: Exploring Pixel Understanding Capabilities in MLLMs by Imitating Human Annotator Trajectories,,https://arxiv.org/abs/2503.08625v1,https://github.com/aim-uofa/SegAgent,110,,Papers With Code / arXiv,2503.08625,4,110
1.0,RESEARCH_PAPER,Earth-Adapter: Bridge the Geospatial Domain Gaps with Mixture of Frequency Adaptation,,https://arxiv.org/abs/2504.06220v3,https://github.com/VisionXLab/Earth-Adapter,65,,Papers With Code / arXiv,2504.06220,1,65
1.0,RESEARCH_PAPER,CyberLLMInstruct: A New Dataset for Analysing Safety of Fine-Tuned LLMs Using Cyber Security Data,,https://arxiv.org/abs/2503.09334v2,https://github.com/Adelsamir01/CyberLLMInstruct,49,,Papers With Code / arXiv,2503.09334,17,49
1.0,RESEARCH_PAPER,FusionAudio-1.2M: Towards Fine-grained Audio Captioning with Multimodal Contextual Fusion,,https://arxiv.org/abs/2506.01111v1,https://github.com/FreedomIntelligence/FusionAudio,90,,Papers With Code / arXiv,2506.01111,5,90
1.0,RESEARCH_PAPER,fastabx: A library for efficient computation of ABX discriminability,,https://arxiv.org/abs/2505.02692v1,https://github.com/bootphon/fastabx,21,,Papers With Code / arXiv,2505.02692,2,21
1.0,RESEARCH_PAPER,An Invitation to Tropical Alexandrov Curvature,,https://arxiv.org/abs/2105.07423v3,https://github.com/antheamonod/TropAlex,1,,Papers With Code / arXiv,2105.07423,2,1
1.0,RESEARCH_PAPER,A Multi-Modal Neural Geometric Solver with Textual Clauses Parsed from Diagram,,https://arxiv.org/abs/2302.11097v2,https://github.com/mingliangzhang2018/PGPS,30,,Papers With Code / arXiv,2302.11097,3,30
1.0,RESEARCH_PAPER,SocialJax: An Evaluation Suite for Multi-agent Reinforcement Learning in Sequential Social Dilemmas,,https://arxiv.org/abs/2503.14576v2,https://github.com/cooperativex/SocialJax,90,,Papers With Code / arXiv,2503.14576,25,90
1.0,RESEARCH_PAPER,MRI super-resolution reconstruction using efficient diffusion probabilistic model with residual shifting,,https://arxiv.org/abs/2503.01576v2,https://github.com/mosaf/Res-SRDiff,27,,Papers With Code / arXiv,2503.01576,3,27
1.0,RESEARCH_PAPER,Learning Hierarchical Prompt with Structured Linguistic Knowledge for Vision-Language Models,,https://arxiv.org/abs/2312.06323v1,https://github.com/ThomasWangY/2024-AAAI-HPT,74,,Papers With Code / arXiv,2312.06323,5,74
1.0,RESEARCH_PAPER,Full-scale Representation Guided Network for Retinal Vessel Segmentation,,https://arxiv.org/abs/2501.18921v1,https://github.com/ZombaSY/FSG-Net-pytorch,38,,Papers With Code / arXiv,2501.18921,10,38
1.0,RESEARCH_PAPER,Satori: Towards Proactive AR Assistant with Belief-Desire-Intention User Modeling,,https://arxiv.org/abs/2410.16668v3,https://github.com/VIDA-NYU/satori-assistance,8,,Papers With Code / arXiv,2410.16668,0,8
1.0,RESEARCH_PAPER,Q-Eval-100K: Evaluating Visual Quality and Alignment Level for Text-to-Vision Content,,https://arxiv.org/abs/2503.02357v2,https://github.com/zzc-1998/Q-Eval,65,,Papers With Code / arXiv,2503.02357,1,65
1.0,RESEARCH_PAPER,CMMLoc: Advancing Text-to-PointCloud Localization with Cauchy-Mixture-Model Based Framework,,https://arxiv.org/abs/2503.02593v2,https://github.com/kevin301342/CMMLoc,12,,Papers With Code / arXiv,2503.02593,1,12
1.0,RESEARCH_PAPER,DAFI: An Open-Source Framework for Ensemble-Based Data Assimilation and Field Inversion,,https://arxiv.org/abs/2012.02651v1,https://github.com/xiaoh/DAFI,66,,Papers With Code / arXiv,2012.02651,29,66
1.0,RESEARCH_PAPER,Regularized Ensemble Kalman Methods for Inverse Problems,,http://arxiv.org/abs/1910.01292v2,https://github.com/xiaoh/DAFI,66,,Papers With Code / arXiv,1910.01292,29,66
1.0,RESEARCH_PAPER,Talk is Not Always Cheap: Promoting Wireless Sensing Models with Text Prompts,,https://arxiv.org/abs/2504.14621v1,https://github.com/zk-b612/WiTalk,8,,Papers With Code / arXiv,2504.14621,2,8
1.0,RESEARCH_PAPER,A Retrospective Systematic Study on Hierarchical Sparse Query Transformer-assisted Ultrasound Screening for Early Hepatocellular Carcinoma,,https://arxiv.org/abs/2502.03772v1,https://github.com/Asunatan/HSQformer,8,,Papers With Code / arXiv,2502.03772,0,8
1.0,RESEARCH_PAPER,CopySpec: Accelerating LLMs with Speculative Copy-and-Paste Without Compromising Quality,,https://arxiv.org/abs/2502.08923v1,https://github.com/RazvanDu/CopySpec,7,,Papers With Code / arXiv,2502.08923,0,7
1.0,RESEARCH_PAPER,MC$^2$: Towards Transparent and Culturally-Aware NLP for Minority Languages in China,,https://arxiv.org/abs/2311.08348v2,https://github.com/luciusssss/mc2_corpus,38,,Papers With Code / arXiv,2311.08348,2,38
1.0,RESEARCH_PAPER,SMTPD: A New Benchmark for Temporal Prediction of Social Media Popularity,,https://arxiv.org/abs/2503.04446v1,https://github.com/zhuwei321/SMTPD,28,,Papers With Code / arXiv,2503.04446,4,28
1.0,RESEARCH_PAPER,INN-PAR: Invertible Neural Network for PPG to ABP Reconstruction,,https://arxiv.org/abs/2409.09021v2,https://github.com/soumitra1992/INNPAR-PPG2ABP,3,,Papers With Code / arXiv,2409.09021,1,3
1.0,RESEARCH_PAPER,Efficient Reasoning Models: A Survey,,https://arxiv.org/abs/2504.10903v1,https://github.com/fscdc/Awesome-Efficient-Reasoning-Models,320,,Papers With Code / arXiv,2504.10903,23,320
1.0,RESEARCH_PAPER,Reinforcement Learning for Reasoning in Small LLMs: What Works and What Doesn't,,https://arxiv.org/abs/2503.16219v1,https://github.com/knoveleng/open-rs,293,,Papers With Code / arXiv,2503.16219,30,293
1.0,RESEARCH_PAPER,Massive-STEPS: Massive Semantic Trajectories for Understanding POI Check-ins -- Dataset and Benchmarks,,https://arxiv.org/abs/2505.11239v2,https://github.com/cruiseresearchgroup/Massive-STEPS,23,,Papers With Code / arXiv,2505.11239,3,23
1.0,RESEARCH_PAPER,RankCLIP: Ranking-Consistent Language-Image Pretraining,,https://arxiv.org/abs/2404.09387v2,https://github.com/Jam1ezhang/RankCLIP,15,,Papers With Code / arXiv,2404.09387,0,15
1.0,RESEARCH_PAPER,Semantic-decoupled Spatial Partition Guided Point-supervised Oriented Object Detection,,https://arxiv.org/abs/2506.10601v1,https://github.com/AntXinyuan/SSP,13,,Papers With Code / arXiv,2506.10601,1,13
1.0,RESEARCH_PAPER,MoM: Linear Sequence Modeling with Mixture-of-Memories,,https://arxiv.org/abs/2502.13685v2,https://github.com/OpenSparseLLMs/Linear-MoE,138,,Papers With Code / arXiv,2502.13685,9,138
1.0,RESEARCH_PAPER,LASP-2: Rethinking Sequence Parallelism for Linear Attention and Its Hybrid,,https://arxiv.org/abs/2502.07563v1,https://github.com/OpenSparseLLMs/Linear-MoE,138,,Papers With Code / arXiv,2502.07563,9,138
1.0,RESEARCH_PAPER,CLIP-Adapter: Better Vision-Language Models with Feature Adapters,,https://arxiv.org/abs/2110.04544v2,https://github.com/gaopengcuhk/CLIP-Adapter,581,,Papers With Code / arXiv,2110.04544,25,581
1.0,RESEARCH_PAPER,Progressive Rendering Distillation: Adapting Stable Diffusion for Instant Text-to-Mesh Generation without 3D Data,,https://arxiv.org/abs/2503.21694v1,https://github.com/theEricMa/TriplaneTurbo,71,,Papers With Code / arXiv,2503.21694,6,71
1.0,RESEARCH_PAPER,Relational Representation Learning Network for Cross-Spectral Image Patch Matching,,https://arxiv.org/abs/2403.11751v3,https://github.com/YuChuang1205/RRL-Net,86,,Papers With Code / arXiv,2403.11751,2,86
1.0,RESEARCH_PAPER,Non-Hermitian Numerical Renormalization Group: Solution of the non-Hermitian Kondo model,,https://arxiv.org/abs/2504.07019v2,https://github.com/PhillipBC/NonHermitianNRG,6,,Papers With Code / arXiv,2504.07019,0,6
1.0,RESEARCH_PAPER,Turning Trash into Treasure: Accelerating Inference of Large Language Models with Token Recycling,,https://arxiv.org/abs/2408.08696v2,https://github.com/Luowaterbi/TokenRecycling,30,,Papers With Code / arXiv,2408.08696,2,30
1.0,RESEARCH_PAPER,Using Time Structure to Estimate Causal Effects,,https://arxiv.org/abs/2504.11076v2,https://gitlab.com/dlr-dw/using_time_structure_to_estimate_causal_effects_code,,,Papers With Code / arXiv,2504.11076,,
1.0,RESEARCH_PAPER,Moving Object Segmentation in Point Cloud Data using Hidden Markov Models,,https://arxiv.org/abs/2410.18638v1,https://github.com/vb44/HMM-MOS,79,,Papers With Code / arXiv,2410.18638,4,79
1.0,RESEARCH_PAPER,OmniESI: A unified framework for enzyme-substrate interaction prediction with progressive conditional deep learning,,https://arxiv.org/abs/2506.17963v1,https://github.com/Hong-yu-Zhang/OmniESI,33,,Papers With Code / arXiv,2506.17963,7,33
1.0,RESEARCH_PAPER,SeqAR: Jailbreak LLMs with Sequential Auto-Generated Characters,,https://arxiv.org/abs/2407.01902v2,https://github.com/sufenlp/SeqAR,4,,Papers With Code / arXiv,2407.01902,0,4
1.0,RESEARCH_PAPER,BTS: Bridging Text and Sound Modalities for Metadata-Aided Respiratory Sound Classification,,https://arxiv.org/abs/2406.06786v2,https://github.com/kaen2891/bts,25,,Papers With Code / arXiv,2406.06786,0,25
1.0,RESEARCH_PAPER,OmniGenBench: A Benchmark for Omnipotent Multimodal Generation across 50+ Tasks,,https://arxiv.org/abs/2505.18775v1,https://github.com/emilia113/OmniGenBench,13,,Papers With Code / arXiv,2505.18775,1,13
1.0,RESEARCH_PAPER,Towards Realistic Low-Light Image Enhancement via ISP Driven Data Modeling,,https://arxiv.org/abs/2504.12204v1,https://github.com/wzhsysu/LLIE,9,,Papers With Code / arXiv,2504.12204,0,9
1.0,RESEARCH_PAPER,Streamline Without Sacrifice -- Squeeze out Computation Redundancy in LMM,,https://arxiv.org/abs/2505.15816v1,https://github.com/penghao-wu/ProxyV,20,,Papers With Code / arXiv,2505.15816,0,20
1.0,RESEARCH_PAPER,OpenSeg-R: Improving Open-Vocabulary Segmentation via Step-by-Step Visual Reasoning,,https://arxiv.org/abs/2505.16974v1,https://github.com/Hanzy1996/OpenSeg-R,29,,Papers With Code / arXiv,2505.16974,2,29
1.0,RESEARCH_PAPER,EduBench: A Comprehensive Benchmarking Dataset for Evaluating Large Language Models in Diverse Educational Scenarios,,https://arxiv.org/abs/2505.16160v1,https://github.com/ybai-nlp/EduBench,28,,Papers With Code / arXiv,2505.16160,13,28
1.0,RESEARCH_PAPER,Data types as a more ergonomic frontend for Grammar-Guided Genetic Programming,,https://arxiv.org/abs/2210.04826v1,https://github.com/alcides/GeneticEngine,51,,Papers With Code / arXiv,2210.04826,11,51
1.0,RESEARCH_PAPER,MOLE: Metadata Extraction and Validation in Scientific Papers Using LLMs,,https://arxiv.org/abs/2505.19800v1,https://github.com/IVUL-KAUST/MOLE,14,,Papers With Code / arXiv,2505.19800,3,14
1.0,RESEARCH_PAPER,Political Neutrality in AI Is Impossible- But Here Is How to Approximate It,,https://arxiv.org/abs/2503.05728v2,https://github.com/jfisher52/Approximation_Political_Neutrality,1,,Papers With Code / arXiv,2503.05728,0,1
1.0,RESEARCH_PAPER,Generalized Interpolating Discrete Diffusion,,https://arxiv.org/abs/2503.04482v1,https://github.com/dvruette/gidd,124,,Papers With Code / arXiv,2503.04482,15,124
1.0,RESEARCH_PAPER,Simulating lepton number violation induced by heavy neutrino-antineutrino oscillations at colliders,,https://arxiv.org/abs/2210.10738v2,https://github.com/heavy-neutral-leptons/pSPSS,1,,Papers With Code / arXiv,2210.10738,1,1
1.0,RESEARCH_PAPER,Beyond lepton number violation at the HL-LHC: Resolving heavy neutrino-antineutrino oscillations,,https://arxiv.org/abs/2212.00562v2,https://github.com/heavy-neutral-leptons/pSPSS,1,,Papers With Code / arXiv,2212.00562,1,1
1.0,RESEARCH_PAPER,Heavy neutrino-antineutrino oscillations at the FCC-ee,,https://arxiv.org/abs/2308.07297v1,https://github.com/heavy-neutral-leptons/pSPSS,1,,Papers With Code / arXiv,2308.07297,1,1
1.0,RESEARCH_PAPER,NILMFormer: Non-Intrusive Load Monitoring that Accounts for Non-Stationarity,,https://arxiv.org/abs/2506.05880v1,https://github.com/adrienpetralia/NILMFormer,51,,Papers With Code / arXiv,2506.05880,13,51
1.0,RESEARCH_PAPER,Open CaptchaWorld: A Comprehensive Web-based Platform for Testing and Benchmarking Multimodal LLM Agents,,https://arxiv.org/abs/2505.24878v1,https://github.com/MetaAgentX/OpenCaptchaWorld,88,,Papers With Code / arXiv,2505.24878,4,88
1.0,RESEARCH_PAPER,DualTHOR: A Dual-Arm Humanoid Simulation Platform for Contingency-Aware Planning,,https://arxiv.org/abs/2506.16012v1,https://github.com/ds199895/DualTHOR,13,,Papers With Code / arXiv,2506.16012,1,13
1.0,RESEARCH_PAPER,LD-RPS: Zero-Shot Unified Image Restoration via Latent Diffusion Recurrent Posterior Sampling,,https://arxiv.org/abs/2507.00790v2,https://github.com/huaqlili/LD-RPS,49,,Papers With Code / arXiv,2507.00790,2,49
1.0,RESEARCH_PAPER,Unified-modal Salient Object Detection via Adaptive Prompt Learning,,https://arxiv.org/abs/2311.16835v5,https://github.com/Angknpng/UniSOD,12,,Papers With Code / arXiv,2311.16835,1,12
1.0,RESEARCH_PAPER,PolyBin3D: A Suite of Optimal and Efficient Power Spectrum and Bispectrum Estimators for Large-Scale Structure,,https://arxiv.org/abs/2404.07249v2,https://github.com/oliverphilcox/PolyBin3D,5,,Papers With Code / arXiv,2404.07249,14,5
1.0,RESEARCH_PAPER,Self-Normalizing Neural Networks,,http://arxiv.org/abs/1706.02515v5,https://github.com/bioinf-jku/SNNs,1588,,Papers With Code / arXiv,1706.02515,196,1588
1.0,RESEARCH_PAPER,LeFlow: Enabling Flexible FPGA High-Level Synthesis of Tensorflow Deep Neural Networks,,http://arxiv.org/abs/1807.05317v1,https://github.com/danielholanda/LeFlow,628,,Papers With Code / arXiv,1807.05317,101,628
1.0,RESEARCH_PAPER,Dirichlet Process Gaussian-mixture model: An application to localizing coalescing binary neutron stars with gravitational-wave observations,,http://arxiv.org/abs/1801.08009v2,https://github.com/thaines/helit,344,,Papers With Code / arXiv,1801.08009,148,344
1.0,RESEARCH_PAPER,CAD-PU: A Curvature-Adaptive Deep Learning Solution for Point Set Upsampling,,https://arxiv.org/abs/2009.04660v1,https://github.com/JiehongLin/CAD-PU,4,,Papers With Code / arXiv,2009.04660,1,4
1.0,RESEARCH_PAPER,LF-Net: Learning Local Features from Images,,http://arxiv.org/abs/1805.09662v2,https://github.com/vcg-uvic/lf-net-release,321,,Papers With Code / arXiv,1805.09662,66,321
1.0,RESEARCH_PAPER,Accurate 3D Localization for MAV Swarms by UWB and IMU Fusion,,http://arxiv.org/abs/1807.10913v1,https://github.com/lijx10/uwb-localization,423,,Papers With Code / arXiv,1807.10913,156,423
1.0,RESEARCH_PAPER,Pixel-wise Attentional Gating for Parsimonious Pixel Labeling,,http://arxiv.org/abs/1805.01556v2,https://github.com/aimerykong/Pixel-Attentional-Gating,46,,Papers With Code / arXiv,1805.01556,8,46
1.0,RESEARCH_PAPER,Texygen: A Benchmarking Platform for Text Generation Models,,http://arxiv.org/abs/1802.01886v1,https://github.com/geek-ai/Texygen,863,,Papers With Code / arXiv,1802.01886,201,863
1.0,RESEARCH_PAPER,Improving the Resolution of CNN Feature Maps Efficiently with Multisampling,,https://arxiv.org/abs/1805.10766v2,https://github.com/ShayanPersonal/checkered-cnn,30,,Papers With Code / arXiv,1805.10766,7,30
1.0,RESEARCH_PAPER,CR-GAN: Learning Complete Representations for Multi-view Generation,,http://arxiv.org/abs/1806.11191v1,https://github.com/bluer555/CR-GAN,129,,Papers With Code / arXiv,1806.11191,29,129
1.0,RESEARCH_PAPER,Variational Disentanglement for Rare Event Modeling,,https://arxiv.org/abs/2009.08541v5,https://github.com/ZidiXiu/VIE,4,,Papers With Code / arXiv,2009.08541,5,4
1.0,RESEARCH_PAPER,Prediction Intervals: Split Normal Mixture from Quality-Driven Deep Ensembles,,https://arxiv.org/abs/2007.09670v1,https://github.com/tarik/pi-snm-qde,11,,Papers With Code / arXiv,2007.09670,3,11
1.0,RESEARCH_PAPER,Sequential Stratified Regeneration: MCMC for Large State Spaces with an Application to Subgraph Count Estimation,,https://arxiv.org/abs/2012.03879v3,https://github.com/dccspeed/ripple,2,,Papers With Code / arXiv,2012.03879,1,2
1.0,RESEARCH_PAPER,Quantile Propagation for Wasserstein-Approximate Gaussian Processes,,https://arxiv.org/abs/1912.10200v3,https://github.com/RuiZhang2016/Quantile-Propagation-for-Wasserstein-Approximate-Gaussian-Processes,2,,Papers With Code / arXiv,1912.10200,1,2
1.0,RESEARCH_PAPER,Linguistic Features for Readability Assessment,,https://arxiv.org/abs/2006.00377v1,https://github.com/TovlyDeutsch/Linguistic-Features-for-Readability,25,,Papers With Code / arXiv,2006.00377,7,25
1.0,RESEARCH_PAPER,AtomNAS: Fine-Grained End-to-End Neural Architecture Search,,https://arxiv.org/abs/1912.09640v2,https://github.com/meijieru/AtomNAS,220,,Papers With Code / arXiv,1912.09640,21,220
1.0,RESEARCH_PAPER,Hyper-Path-Based Representation Learning for Hyper-Networks,,https://arxiv.org/abs/1908.09152v2,https://github.com/HKUST-KnowComp/HPHG,7,,Papers With Code / arXiv,1908.09152,1,7
1.0,RESEARCH_PAPER,Spike-Train Level Backpropagation for Training Deep Recurrent Spiking Neural Networks,,https://arxiv.org/abs/1908.06378v3,https://github.com/stonezwr/ST-RSBP,13,,Papers With Code / arXiv,1908.06378,2,13
1.0,RESEARCH_PAPER,Face Super-Resolution Through Wasserstein GANs,,http://arxiv.org/abs/1705.02438v1,https://github.com/MandyZChen/srez,20,,Papers With Code / arXiv,1705.02438,8,20
1.0,RESEARCH_PAPER,Predicting Pairwise Relations with Neural Similarity Encoders,,http://arxiv.org/abs/1702.01824v2,https://github.com/cod3licious/simec,17,,Papers With Code / arXiv,1702.01824,2,17
1.0,RESEARCH_PAPER,The Tatoeba Translation Challenge -- Realistic Data Sets for Low Resource and Multilingual MT,,https://arxiv.org/abs/2010.06354v1,https://github.com/Helsinki-NLP/Tatoeba-Challenge,855,,Papers With Code / arXiv,2010.06354,91,855
1.0,RESEARCH_PAPER,Learning the Joint Representation of Heterogeneous Temporal Events for Clinical Endpoint Prediction,,http://arxiv.org/abs/1803.04837v4,https://github.com/jhshen95/HELSTM,34,,Papers With Code / arXiv,1803.04837,16,34
1.0,RESEARCH_PAPER,City-wide Analysis of Electronic Health Records Reveals Gender and Age Biases in the Administration of Known Drug-Drug Interactions,,https://arxiv.org/abs/1803.03571v4,https://github.com/rionbr/DDIBlumenau,2,,Papers With Code / arXiv,1803.03571,0,2
1.0,RESEARCH_PAPER,Predicting Fluid Intelligence of Children using T1-weighted MR Images and a StackNet,,https://arxiv.org/abs/1904.07387v3,https://github.com/pykao/ABCD-MICCAI2019,1,,Papers With Code / arXiv,1904.07387,1,1
1.0,RESEARCH_PAPER,A Generic Inverted Index Framework for Similarity Search on the GPU - Technical Report,,http://arxiv.org/abs/1603.08390v3,https://github.com/SeSaMe-NUS/genie,81,,Papers With Code / arXiv,1603.08390,15,81
1.0,RESEARCH_PAPER,Copy and Paste: A Simple But Effective Initialization Method for Black-Box Adversarial Attacks,,https://arxiv.org/abs/1906.06086v2,https://github.com/ttbrunner/blackbox_starting_points,5,,Papers With Code / arXiv,1906.06086,1,5
1.0,RESEARCH_PAPER,Bayesian Sparsification Methods for Deep Complex-valued Networks,,https://arxiv.org/abs/2003.11413v2,https://github.com/ivannz/complex_paper,9,,Papers With Code / arXiv,2003.11413,1,9
1.0,RESEARCH_PAPER,Computing Tight Differential Privacy Guarantees Using FFT,,https://arxiv.org/abs/1906.03049v2,https://github.com/DPBayes/PLD-Accountant,23,,Papers With Code / arXiv,1906.03049,9,23
1.0,RESEARCH_PAPER,"The Collective Knowledge project: making ML models more portable and reproducible with open APIs, reusable best practices and MLOps",,https://arxiv.org/abs/2006.07161v2,https://github.com/ctuning/cbench,5,,Papers With Code / arXiv,2006.07161,1,5
1.0,RESEARCH_PAPER,Restoration of Non-rigidly Distorted Underwater Images using a Combination of Compressive Sensing and Local Polynomial Image Representations,,https://arxiv.org/abs/1908.01940v1,https://github.com/jeringeo/CompressiveFlows,25,,Papers With Code / arXiv,1908.01940,5,25
1.0,RESEARCH_PAPER,Training Deep AutoEncoders for Collaborative Filtering,,http://arxiv.org/abs/1708.01715v3,https://github.com/NVIDIA/DeepRecommender,1701,,Papers With Code / arXiv,1708.01715,341,1701
1.0,RESEARCH_PAPER,"Unsupervised, Efficient and Semantic Expertise Retrieval",,http://arxiv.org/abs/1608.06651v2,https://github.com/cvangysel/SERT,111,,Papers With Code / arXiv,1608.06651,18,111
1.0,RESEARCH_PAPER,A ROS multi-ontology references services: OWL reasoners and application prototyping issues,,https://arxiv.org/abs/1706.10151v2,https://github.com/TheEngineRoom-UniGe/ARMOR_OWLOOP,1,,Papers With Code / arXiv,1706.10151,1,1
1.0,RESEARCH_PAPER,Weakly Supervised Cell Instance Segmentation by Propagating from Detection Response,,https://arxiv.org/abs/1911.13077v1,https://github.com/naivete5656/WSISPDR,42,,Papers With Code / arXiv,1911.13077,7,42
1.0,RESEARCH_PAPER,Towards Cooperative Data Rate Prediction for Future Mobile and Vehicular 6G Networks,,https://arxiv.org/abs/2001.09452v1,https://github.com/falkenber9/falcon,362,,Papers With Code / arXiv,2001.09452,92,362
1.0,RESEARCH_PAPER,Normalized Wasserstein Distance for Mixture Distributions with Applications in Adversarial Learning and Domain Adaptation,,https://arxiv.org/abs/1902.00415v2,https://github.com/yogeshbalaji/Normalized-Wasserstein,11,,Papers With Code / arXiv,1902.00415,3,11
1.0,RESEARCH_PAPER,Learning to navigate image manifolds induced by generative adversarial networks for unsupervised video generation,,http://arxiv.org/abs/1901.11384v1,https://github.com/belaalb/frameGAN,0,,Papers With Code / arXiv,1901.11384,0,0
1.0,RESEARCH_PAPER,Multi-Criteria Dimensionality Reduction with Applications to Fairness,,https://arxiv.org/abs/1902.11281v3,https://github.com/SDPforAll/multiCriteriaDimReduction,2,,Papers With Code / arXiv,1902.11281,2,2
1.0,RESEARCH_PAPER,Variational approach to rare event simulation using least-squares regression,,http://arxiv.org/abs/1901.09195v2,https://github.com/lorenzrichter/BSDE,3,,Papers With Code / arXiv,1901.09195,0,3
1.0,RESEARCH_PAPER,Proximal Mean-field for Neural Network Quantization,,https://arxiv.org/abs/1812.04353v3,https://github.com/tajanthan/pmf,21,,Papers With Code / arXiv,1812.04353,4,21
1.0,RESEARCH_PAPER,Scale-wise Convolution for Image Restoration,,https://arxiv.org/abs/1912.09028v1,https://github.com/ychfan/scn,30,,Papers With Code / arXiv,1912.09028,6,30
1.0,RESEARCH_PAPER,Measuring Spatial Allocative Efficiency in Basketball,,https://arxiv.org/abs/1912.05129v2,https://github.com/nsandholtz/lpl,12,,Papers With Code / arXiv,1912.05129,1,12
1.0,RESEARCH_PAPER,Towards a General Purpose CNN for Long Range Dependencies in $N$D,,https://arxiv.org/abs/2206.03398v2,https://github.com/david-knigge/ccnn,183,,Papers With Code / arXiv,2206.03398,21,183
1.0,RESEARCH_PAPER,Unsupervised Feature Learning via Non-Parametric Instance-level Discrimination,,http://arxiv.org/abs/1805.01978v1,https://github.com/zhirongw/lemniscate.pytorch,759,,Papers With Code / arXiv,1805.01978,130,759
1.0,RESEARCH_PAPER,Modeling and Control of a Reconfigurable Photonic Circuit using Deep Learning,,https://arxiv.org/abs/1907.08023v1,https://github.com/akramyoussry/GRUBI,2,,Papers With Code / arXiv,1907.08023,3,2
1.0,RESEARCH_PAPER,Spotting Macro- and Micro-expression Intervals in Long Video Sequences,,https://arxiv.org/abs/1912.11985v3,https://github.com/HeyingGithub/Baseline-project-for-MEGC2020_spotting,37,,Papers With Code / arXiv,1912.11985,8,37
1.0,RESEARCH_PAPER,Fast Context Adaptation via Meta-Learning,,https://arxiv.org/abs/1810.03642v4,https://github.com/lmzintgraf/cavia,145,,Papers With Code / arXiv,1810.03642,41,145
1.0,RESEARCH_PAPER,Structural Regularities in Text-based Entity Vector Spaces,,http://arxiv.org/abs/1707.07930v1,https://github.com/cvangysel/SERT,111,,Papers With Code / arXiv,1707.07930,18,111
1.0,RESEARCH_PAPER,robROSE: A robust approach for dealing with imbalanced data in fraud detection,,https://arxiv.org/abs/2003.11915v1,https://github.com/SebastiaanHoppner/robROSE,2,,Papers With Code / arXiv,2003.11915,1,2
1.0,RESEARCH_PAPER,Global Hash Tables Strike Back! An Analysis of Parallel GROUP BY Aggregation,,https://arxiv.org/abs/2505.04153v1,https://github.com/danielxue/global-hash-tables-strike-back,7,,Papers With Code / arXiv,2505.04153,1,7
1.0,RESEARCH_PAPER,mlOSP: Towards a Unified Implementation of Regression Monte Carlo Algorithms,,https://arxiv.org/abs/2012.00729v2,https://github.com/mludkov/mlOSP,9,,Papers With Code / arXiv,2012.00729,2,9
1.0,RESEARCH_PAPER,"Semi-supervised semantic segmentation needs strong, varied perturbations",,https://arxiv.org/abs/1906.01916v5,https://github.com/Britefury/cutmix-semisup-seg,164,,Papers With Code / arXiv,1906.01916,22,164
1.0,RESEARCH_PAPER,SyntheticFur dataset for neural rendering,,https://arxiv.org/abs/2105.06409v1,https://github.com/google-research-datasets/synthetic-fur,48,,Papers With Code / arXiv,2105.06409,3,48
1.0,RESEARCH_PAPER,Neural Moving Horizon Estimation for Robust Flight Control,,https://arxiv.org/abs/2206.10397v9,https://github.com/RCL-NUS/NeuroMHE,84,,Papers With Code / arXiv,2206.10397,8,84
1.0,RESEARCH_PAPER,EEG-based Emotional Video Classification via Learning Connectivity Structure,,https://arxiv.org/abs/1905.11678v4,https://github.com/ELEMKEP/bsc_lcs,17,,Papers With Code / arXiv,1905.11678,4,17
1.0,RESEARCH_PAPER,"Revisiting Data Complexity Metrics Based on Morphology for Overlap and Imbalance: Snapshot, New Overlap Number of Balls Metrics and Singular Problems Prospect",,https://arxiv.org/abs/2007.07935v1,https://github.com/jdpastri/morphology-metrics,2,,Papers With Code / arXiv,2007.07935,0,2
1.0,RESEARCH_PAPER,CARP: Compression through Adaptive Recursive Partitioning for Multi-dimensional Images,,https://arxiv.org/abs/1912.05622v2,https://github.com/xylimeng/CARP,5,,Papers With Code / arXiv,1912.05622,0,5
1.0,RESEARCH_PAPER,"A Solution to the Generalized ROS Hardware IO Problem -- A Generic Modbus/TCP Device Driver for PLCs, Sensors and Actuators",,https://arxiv.org/abs/2112.11102v1,https://github.com/bitmeal/ros-modbus-device-driver,24,,Papers With Code / arXiv,2112.11102,9,24
1.0,RESEARCH_PAPER,AMR Parsing as Sequence-to-Graph Transduction,,https://arxiv.org/abs/1905.08704v2,https://github.com/sheng-z/stog,156,,Papers With Code / arXiv,1905.08704,35,156
1.0,RESEARCH_PAPER,Rethinking Clustering for Robustness,,https://arxiv.org/abs/2006.07682v3,https://github.com/clustr-official-account/Rethinking-Clustering-for-Robustness,21,,Papers With Code / arXiv,2006.07682,4,21
1.0,RESEARCH_PAPER,ADAHESSIAN: An Adaptive Second Order Optimizer for Machine Learning,,https://arxiv.org/abs/2006.00719v3,https://github.com/amirgholami/adahessian,286,,Papers With Code / arXiv,2006.00719,55,286
1.0,RESEARCH_PAPER,Human Whole-Body Dynamics Estimation for Enhancing Physical Human-Robot Interaction,,https://arxiv.org/abs/1912.01136v1,https://github.com/claudia-lat/MAPest,4,,Papers With Code / arXiv,1912.01136,8,4
1.0,RESEARCH_PAPER,I2L-MeshNet: Image-to-Lixel Prediction Network for Accurate 3D Human Pose and Mesh Estimation from a Single RGB Image,,https://arxiv.org/abs/2008.03713v2,https://github.com/mks0601/I2L-MeshNet_RELEASE,738,,Papers With Code / arXiv,2008.03713,128,738
1.0,RESEARCH_PAPER,Spatial Semantic Embedding Network: Fast 3D Instance Segmentation with Deep Metric Learning,,https://arxiv.org/abs/2007.03169v1,https://github.com/96lives/ssen,42,,Papers With Code / arXiv,2007.03169,4,42
1.0,RESEARCH_PAPER,Geometry-Aware Supertagging with Heterogeneous Dynamic Convolutions,,https://arxiv.org/abs/2203.12235v3,https://github.com/konstantinosKokos/dynamic-graph-supertagging,2,,Papers With Code / arXiv,2203.12235,0,2
1.0,RESEARCH_PAPER,Interpretable and Transferable Models to Understand the Impact of Lockdown Measures on Local Air Quality,,https://arxiv.org/abs/2011.10144v2,https://github.com/johanna-einsiedler/covid-19-air-pollution,4,,Papers With Code / arXiv,2011.10144,1,4
1.0,RESEARCH_PAPER,Master's Thesis: Out-of-distribution Detection with Energy-based Models,,https://arxiv.org/abs/2302.12002v2,https://github.com/selflein/MA-EBM,5,,Papers With Code / arXiv,2302.12002,1,5
1.0,RESEARCH_PAPER,Joint Power Control and LSFD for Wireless-Powered Cell-Free Massive MIMO,,https://arxiv.org/abs/2002.09270v2,https://github.com/emilbjornson/wireless-powered-cell-free,43,,Papers With Code / arXiv,2002.09270,8,43
1.0,RESEARCH_PAPER,Coordinated Exploration via Intrinsic Rewards for Multi-Agent Reinforcement Learning,,https://arxiv.org/abs/1905.12127v3,https://github.com/shariqiqbal2810/Multi-Explore,37,,Papers With Code / arXiv,1905.12127,6,37
1.0,RESEARCH_PAPER,Machine Learning-Based Generalized Model for Finite Element Analysis of Roll Deflection During the Austenitic Stainless Steel 316L Strip Rolling,,https://arxiv.org/abs/2102.02470v2,https://github.com/mahshadlotfinia/Stress316L,7,,Papers With Code / arXiv,2102.02470,3,7
1.0,RESEARCH_PAPER,Parallel Streaming Wasserstein Barycenters,,http://arxiv.org/abs/1705.07443v2,https://github.com/mstaib/stochastic-barycenter-code,11,,Papers With Code / arXiv,1705.07443,1,11
1.0,RESEARCH_PAPER,Learning Individualized Treatment Rules with Estimated Translated Inverse Propensity Score,,https://arxiv.org/abs/2007.01083v1,https://github.com/ZhiliangWu/etips,7,,Papers With Code / arXiv,2007.01083,0,7
1.0,RESEARCH_PAPER,Gradient Temporal-Difference Learning with Regularized Corrections,,https://arxiv.org/abs/2007.00611v4,https://github.com/rlai-lab/Regularized-GradientTD,38,,Papers With Code / arXiv,2007.00611,10,38
1.0,RESEARCH_PAPER,Deep Bayesian Quadrature Policy Optimization,,https://arxiv.org/abs/2006.15637v3,https://github.com/Akella17/Deep-Bayesian-Quadrature-Policy-Optimization,17,,Papers With Code / arXiv,2006.15637,7,17
1.0,RESEARCH_PAPER,Rethinking the Truly Unsupervised Image-to-Image Translation,,https://arxiv.org/abs/2006.06500v2,https://github.com/clovaai/tunit,461,,Papers With Code / arXiv,2006.06500,48,461
1.0,RESEARCH_PAPER,IntrA: 3D Intracranial Aneurysm Dataset for Deep Learning,,https://arxiv.org/abs/2003.02920v2,https://github.com/intra3d2019/IntrA,164,,Papers With Code / arXiv,2003.02920,28,164
