schemaVersion,recordType,name,slug,website,yc_url,description,batch,location,status,yc_tag,source_name,source_url
1.0,STARTUP,Directed Edge,directed-edge,http://directededge.com,https://www.ycombinator.com/companies/directed-edge,Product recommendations.,Summer 2009,,Active,Artificial Intelligence,Y Combinator,https://yc-oss.github.io/api/tags/artificial-intelligence.json
1.0,STARTUP,JustSpotted,justspotted,http://justspotted.com,https://www.ycombinator.com/companies/justspotted,Acquired by Google in 2011,Summer 2008,,Acquired,Artificial Intelligence,Y Combinator,https://yc-oss.github.io/api/tags/artificial-intelligence.json
1.0,STARTUP,Canopy Labs,canopy-labs,http://canopylabs.com,https://www.ycombinator.com/companies/canopy-labs,Canopy Labs automates customer analytics for small and medium-sized…,Summer 2012,,Inactive,Artificial Intelligence,Y Combinator,https://yc-oss.github.io/api/tags/artificial-intelligence.json
1.0,STARTUP,Semantics3,semantics3,http://www.semantics3.com,https://www.ycombinator.com/companies/semantics3,Data and AI platform for Ecommerce & Cross-Border Logistics,Winter 2013,,Acquired,Artificial Intelligence,Y Combinator,https://yc-oss.github.io/api/tags/artificial-intelligence.json
1.0,STARTUP,Casetext,casetext,http://casetext.com,https://www.ycombinator.com/companies/casetext,We make the world's laws free and understandable. ,Summer 2013,,Acquired,Artificial Intelligence,Y Combinator,https://yc-oss.github.io/api/tags/artificial-intelligence.json
1.0,STARTUP,CareMessage,caremessage,http://caremessage.org,https://www.ycombinator.com/companies/caremessage,Patient engagement for low-income populations,Winter 2014,,Active,Artificial Intelligence,Y Combinator,https://yc-oss.github.io/api/tags/artificial-intelligence.json
1.0,STARTUP,OpenCurriculum,opencurriculum,https://opencurriculum.org,https://www.ycombinator.com/companies/opencurriculum,Helping K-12 teachers and school administrators build awesome…,Winter 2014,,Active,Artificial Intelligence,Y Combinator,https://yc-oss.github.io/api/tags/artificial-intelligence.json
1.0,STARTUP,Checkr,checkr,http://www.checkr.com,https://www.ycombinator.com/companies/checkr,People infrastructure for the future of work,Summer 2014,,Active,Artificial Intelligence,Y Combinator,https://yc-oss.github.io/api/tags/artificial-intelligence.json
1.0,STARTUP,SalesSift,salessift,https://salessift.com,https://www.ycombinator.com/companies/salessift,Intelligent Lead Sourcing,Summer 2014,,Inactive,Artificial Intelligence,Y Combinator,https://yc-oss.github.io/api/tags/artificial-intelligence.json
1.0,STARTUP,Weave,weave-2,http://weave.in,https://www.ycombinator.com/companies/weave-2,AI-assisted professional networking.,Summer 2014,,Inactive,Artificial Intelligence,Y Combinator,https://yc-oss.github.io/api/tags/artificial-intelligence.json
1.0,STARTUP,Qventus,qventus,http://qventus.com,https://www.ycombinator.com/companies/qventus,We automate operations for hospitals and health systems,Winter 2015,,Active,Artificial Intelligence,Y Combinator,https://yc-oss.github.io/api/tags/artificial-intelligence.json
1.0,STARTUP,20n,20n,http://20n.com,https://www.ycombinator.com/companies/20n,Using AI to predict biochemistry for manufacturing and therapeutics,Winter 2015,,Inactive,Artificial Intelligence,Y Combinator,https://yc-oss.github.io/api/tags/artificial-intelligence.json
1.0,STARTUP,Akido Labs,akido-labs,http://akidolabs.com,https://www.ycombinator.com/companies/akido-labs,Rebuilding healthcare with AI at the core,Winter 2015,,Active,Artificial Intelligence,Y Combinator,https://yc-oss.github.io/api/tags/artificial-intelligence.json
1.0,STARTUP,Zeitview,zeitview,https://www.zeitview.com/,https://www.ycombinator.com/companies/zeitview,Inspection software for renewable energy & sustainable infrastructure,Winter 2015,,Active,Artificial Intelligence,Y Combinator,https://yc-oss.github.io/api/tags/artificial-intelligence.json
1.0,STARTUP,Yhat,yhat,https://www.yhat.com,https://www.ycombinator.com/companies/yhat,End-to-end data science lifecycle management platform. ,Winter 2015,,Acquired,Artificial Intelligence,Y Combinator,https://yc-oss.github.io/api/tags/artificial-intelligence.json
1.0,STARTUP,Dabble,dabble,https://dabble.so,https://www.ycombinator.com/companies/dabble,A synthetic photo studio for e-commerce,Winter 2015,,Inactive,Artificial Intelligence,Y Combinator,https://yc-oss.github.io/api/tags/artificial-intelligence.json
1.0,STARTUP,Tara AI,tara-ai,http://www.tara.ai,https://www.ycombinator.com/companies/tara-ai,"Meet Tara AI, your new engineering efficiency co-pilot.",Winter 2015,,Active,Artificial Intelligence,Y Combinator,https://yc-oss.github.io/api/tags/artificial-intelligence.json
1.0,STARTUP,Mashgin,mashgin,http://mashgin.com,https://www.ycombinator.com/companies/mashgin,Self-Checkout using Computer Vision.,Winter 2015,,Active,Artificial Intelligence,Y Combinator,https://yc-oss.github.io/api/tags/artificial-intelligence.json
1.0,STARTUP,ROSS Intelligence,ross-intelligence,http://rossintelligence.com,https://www.ycombinator.com/companies/ross-intelligence,ROSS is an AI-powered legal research platform that can read and…,Summer 2015,,Inactive,Artificial Intelligence,Y Combinator,https://yc-oss.github.io/api/tags/artificial-intelligence.json
1.0,STARTUP,Reduced Energy Microsystems,reduced-energy-microsystems,http://remicro.com,https://www.ycombinator.com/companies/reduced-energy-microsystems,Building the lowest-power silicon for embedded deep learning and…,Summer 2015,,Inactive,Artificial Intelligence,Y Combinator,https://yc-oss.github.io/api/tags/artificial-intelligence.json
1.0,STARTUP,iSono Health,isono-health,http://www.isonohealth.com,https://www.ycombinator.com/companies/isono-health,AI-powered platform for Accessible and Personalized Breast Health…,Winter 2016,,Active,Artificial Intelligence,Y Combinator,https://yc-oss.github.io/api/tags/artificial-intelligence.json
1.0,STARTUP,Algoriz,algoriz,http://www.algoriz.com,https://www.ycombinator.com/companies/algoriz,Algoriz is an AI based algorithmic trading platform that enables you…,Winter 2016,,Inactive,Artificial Intelligence,Y Combinator,https://yc-oss.github.io/api/tags/artificial-intelligence.json
1.0,STARTUP,Pulpix,pulpix,https://www.pulpix.com,https://www.ycombinator.com/companies/pulpix,Binge-watching technology for video platforms. ,Winter 2016,,Acquired,Artificial Intelligence,Y Combinator,https://yc-oss.github.io/api/tags/artificial-intelligence.json
1.0,STARTUP,Superside,superside,http://www.superside.com,https://www.ycombinator.com/companies/superside,AI-First Creative Partner for Enterprise Teams,Winter 2016,,Active,Artificial Intelligence,Y Combinator,https://yc-oss.github.io/api/tags/artificial-intelligence.json
1.0,STARTUP,Gecko Robotics,gecko-robotics,https://www.geckorobotics.com,https://www.ycombinator.com/companies/gecko-robotics,AI + Robotics for the Built World,Winter 2016,,Active,Artificial Intelligence,Y Combinator,https://yc-oss.github.io/api/tags/artificial-intelligence.json
1.0,STARTUP,Caper,caper,https://www.caper.ai/,https://www.ycombinator.com/companies/caper,Plug-and-play cashier-less retail powered by computer vision and AI,Winter 2016,,Acquired,Artificial Intelligence,Y Combinator,https://yc-oss.github.io/api/tags/artificial-intelligence.json
1.0,STARTUP,Sendbird,sendbird,https://sendbird.com,https://www.ycombinator.com/companies/sendbird,"The AI agent that doesn’t just support, it delights.",Winter 2016,,Active,Artificial Intelligence,Y Combinator,https://yc-oss.github.io/api/tags/artificial-intelligence.json
1.0,STARTUP,Nova,nova,http://www.nova.ai,https://www.ycombinator.com/companies/nova,"Nova puts the power of AI to work for you, enabling a more continuous…",Winter 2016,,Acquired,Artificial Intelligence,Y Combinator,https://yc-oss.github.io/api/tags/artificial-intelligence.json
1.0,STARTUP,Farmstead,farmstead,http://farmsteadapp.com,https://www.ycombinator.com/companies/farmstead,An AI-powered digital grocer that delivers in under 60 mins.,Summer 2016,,Inactive,Artificial Intelligence,Y Combinator,https://yc-oss.github.io/api/tags/artificial-intelligence.json
1.0,STARTUP,Sway Finance,sway-finance,https://www.swayfinance.com,https://www.ycombinator.com/companies/sway-finance,Sway is bringing AI to the accounting industry,Summer 2016,,Inactive,Artificial Intelligence,Y Combinator,https://yc-oss.github.io/api/tags/artificial-intelligence.json
1.0,STARTUP,OneChronos,onechronos,https://www.onechronos.com/,https://www.ycombinator.com/companies/onechronos,The Smart Market for Institutional Investors,Summer 2016,,Active,Artificial Intelligence,Y Combinator,https://yc-oss.github.io/api/tags/artificial-intelligence.json
1.0,STARTUP,garten,garten,https://garten.co/,https://www.ycombinator.com/companies/garten,Creating workplace wellbeing.,Summer 2016,,Acquired,Artificial Intelligence,Y Combinator,https://yc-oss.github.io/api/tags/artificial-intelligence.json
1.0,STARTUP,Airo Health,airo-health,http://www.airohealth.com,https://www.ycombinator.com/companies/airo-health,Airo is an AI wearable to track mental health.,Summer 2016,,Inactive,Artificial Intelligence,Y Combinator,https://yc-oss.github.io/api/tags/artificial-intelligence.json
1.0,STARTUP,Synvivia,synvivia,https://www.synvivia.com,https://www.ycombinator.com/companies/synvivia,Synvivia applies chemical control over cell behavior,Summer 2016,,Active,Artificial Intelligence,Y Combinator,https://yc-oss.github.io/api/tags/artificial-intelligence.json
1.0,STARTUP,Seerslab,seerslab,http://www.argear.io,https://www.ycombinator.com/companies/seerslab,We are providing AR technologies and contents to app developers,Summer 2016,,Inactive,Artificial Intelligence,Y Combinator,https://yc-oss.github.io/api/tags/artificial-intelligence.json
1.0,STARTUP,Miso,miso,http://miso.kr,https://www.ycombinator.com/companies/miso,We make booking services as easy as buying products online.,Summer 2016,,Active,Artificial Intelligence,Y Combinator,https://yc-oss.github.io/api/tags/artificial-intelligence.json
1.0,STARTUP,Saleswhale,saleswhale,https://www.saleswhale.com/,https://www.ycombinator.com/companies/saleswhale,Saleswhale is an automated sales assistant that follows up with your…,Summer 2016,,Acquired,Artificial Intelligence,Y Combinator,https://yc-oss.github.io/api/tags/artificial-intelligence.json
1.0,STARTUP,Scale AI,scale-ai,http://scale.com,https://www.ycombinator.com/companies/scale-ai,Data-centric infrastructure to accelerate the development of AI ,Summer 2016,,Active,Artificial Intelligence,Y Combinator,https://yc-oss.github.io/api/tags/artificial-intelligence.json
1.0,STARTUP,People.ai,people-ai,https://people.ai,https://www.ycombinator.com/companies/people-ai,Harnesses business activity to unlock growth.,Summer 2016,,Active,Artificial Intelligence,Y Combinator,https://yc-oss.github.io/api/tags/artificial-intelligence.json
1.0,STARTUP,Voiceops,voiceops,https://voiceops.com,https://www.ycombinator.com/companies/voiceops,We help B2C companies learn from every customer interaction,Winter 2017,,Active,Artificial Intelligence,Y Combinator,https://yc-oss.github.io/api/tags/artificial-intelligence.json
1.0,STARTUP,Speak,speak,http://speak.com,https://www.ycombinator.com/companies/speak,"A superhuman, AI-powered language tutor in your pocket",Winter 2017,,Active,Artificial Intelligence,Y Combinator,https://yc-oss.github.io/api/tags/artificial-intelligence.json
1.0,STARTUP,Scribe,scribe,http://tryscribe.com/,https://www.ycombinator.com/companies/scribe,Scribe is an AI based Sales Development Representative that you can…,Winter 2017,,Acquired,Artificial Intelligence,Y Combinator,https://yc-oss.github.io/api/tags/artificial-intelligence.json
1.0,STARTUP,Pit.AI,pit-ai,https://www.pit.ai,https://www.ycombinator.com/companies/pit-ai,Solving intelligence for investment management.,Winter 2017,,Inactive,Artificial Intelligence,Y Combinator,https://yc-oss.github.io/api/tags/artificial-intelligence.json
1.0,STARTUP,MDalgorithms Inc.,mdalgorithms-inc,https://www.mdalgorithms.com,https://www.ycombinator.com/companies/mdalgorithms-inc,Democratizing Dermatology with AI ,Winter 2017,,Active,Artificial Intelligence,Y Combinator,https://yc-oss.github.io/api/tags/artificial-intelligence.json
1.0,STARTUP,RankScience,rankscience,https://www.rankscience.com,https://www.ycombinator.com/companies/rankscience,Automated SEO for Startups,Winter 2017,,Active,Artificial Intelligence,Y Combinator,https://yc-oss.github.io/api/tags/artificial-intelligence.json
1.0,STARTUP,Ambient.ai,ambient-ai,https://ambient.ai,https://www.ycombinator.com/companies/ambient-ai,AI company transforming enterprise physical security to prevent…,Winter 2017,,Active,Artificial Intelligence,Y Combinator,https://yc-oss.github.io/api/tags/artificial-intelligence.json
1.0,STARTUP,Penny,penny,https://www.pennyapp.io,https://www.ycombinator.com/companies/penny,Penny makes keeping track of your finances as easy as having a…,Winter 2017,,Acquired,Artificial Intelligence,Y Combinator,https://yc-oss.github.io/api/tags/artificial-intelligence.json
1.0,STARTUP,"Veryfi, Inc.",veryfi-inc,https://www.veryfi.com/,https://www.ycombinator.com/companies/veryfi-inc,Document AI. One API Call.,Winter 2017,,Active,Artificial Intelligence,Y Combinator,https://yc-oss.github.io/api/tags/artificial-intelligence.json
1.0,STARTUP,Tetra,tetra,https://asktetra.com,https://www.ycombinator.com/companies/tetra,AI notetaker for phone calls,Winter 2017,,Acquired,Artificial Intelligence,Y Combinator,https://yc-oss.github.io/api/tags/artificial-intelligence.json
1.0,STARTUP,BIOS Health,bios-health,https://www.bios.health,https://www.ycombinator.com/companies/bios-health,Neural interfaces to understand and use nerve data in medicine.,Winter 2017,,Active,Artificial Intelligence,Y Combinator,https://yc-oss.github.io/api/tags/artificial-intelligence.json
1.0,STARTUP,Bicycle AI,bicycle-ai,http://bicycleai.com,https://www.ycombinator.com/companies/bicycle-ai,Bicycle AI provides customer support as a service. We work on top of…,Winter 2017,,Inactive,Artificial Intelligence,Y Combinator,https://yc-oss.github.io/api/tags/artificial-intelligence.json
1.0,STARTUP,Helix Nanotechnologies,helix-nanotechnologies,http://helixnano.com,https://www.ycombinator.com/companies/helix-nanotechnologies,"Next-generation mRNA platform to solve cancer, COVID and climate.",Winter 2017,,Active,Artificial Intelligence,Y Combinator,https://yc-oss.github.io/api/tags/artificial-intelligence.json
1.0,STARTUP,ScopeAI,scopeai,https://www.getscopeai.com,https://www.ycombinator.com/companies/scopeai,Automatically extract valuable insights from customer service…,Winter 2017,,Acquired,Artificial Intelligence,Y Combinator,https://yc-oss.github.io/api/tags/artificial-intelligence.json
1.0,STARTUP,VergeSense,vergesense,http://www.vergesense.com,https://www.ycombinator.com/companies/vergesense,AI-Powered Building Management,Summer 2017,,Active,Artificial Intelligence,Y Combinator,https://yc-oss.github.io/api/tags/artificial-intelligence.json
1.0,STARTUP,Darmiyan,darmiyan,https://www.darmiyan.com/,https://www.ycombinator.com/companies/darmiyan,Early detection of Alzheimer's disease,Summer 2017,,Active,Artificial Intelligence,Y Combinator,https://yc-oss.github.io/api/tags/artificial-intelligence.json
1.0,STARTUP,Mystro,mystro,http://www.mystrodriver.com,https://www.ycombinator.com/companies/mystro,Mystro is an app that makes rideshare drivers up to 30% more money by…,Summer 2017,,Inactive,Artificial Intelligence,Y Combinator,https://yc-oss.github.io/api/tags/artificial-intelligence.json
1.0,STARTUP,Semantix,semantix,https://www.semantix.ai,https://www.ycombinator.com/companies/semantix,AI for medical billing,Summer 2017,,Inactive,Artificial Intelligence,Y Combinator,https://yc-oss.github.io/api/tags/artificial-intelligence.json
1.0,STARTUP,Plasticity,plasticity,https://www.plasticity.ai,https://www.ycombinator.com/companies/plasticity,Natural language processing APIs for developers.,Summer 2017,,Acquired,Artificial Intelligence,Y Combinator,https://yc-oss.github.io/api/tags/artificial-intelligence.json
1.0,STARTUP,D-ID,d-id,http://www.d-id.com,https://www.ycombinator.com/companies/d-id,Enable creators and developers to generate realistic AI personas,Summer 2017,,Active,Artificial Intelligence,Y Combinator,https://yc-oss.github.io/api/tags/artificial-intelligence.json
1.0,STARTUP,Percept.AI,percept-ai,https://www.percept.ai/,https://www.ycombinator.com/companies/percept-ai,AI support agent for your business that actually works,Summer 2017,,Acquired,Artificial Intelligence,Y Combinator,https://yc-oss.github.io/api/tags/artificial-intelligence.json
1.0,STARTUP,Sourceress,sourceress,http://sourceress.com/,https://www.ycombinator.com/companies/sourceress,,Summer 2017,,Active,Artificial Intelligence,Y Combinator,https://yc-oss.github.io/api/tags/artificial-intelligence.json
1.0,STARTUP,May Mobility,may-mobility,http://maymobility.com,https://www.ycombinator.com/companies/may-mobility,Transforming cities and rural areas through AV transit and technology,Summer 2017,,Active,Artificial Intelligence,Y Combinator,https://yc-oss.github.io/api/tags/artificial-intelligence.json
1.0,STARTUP,Commissary Club (formerly 70 Million Jobs),commissary-club,https://www.Commissary.Club,https://www.ycombinator.com/companies/commissary-club,First agentic AI-powered community for 1 billion people with criminal…,Summer 2017,,Inactive,Artificial Intelligence,Y Combinator,https://yc-oss.github.io/api/tags/artificial-intelligence.json
1.0,STARTUP,AssemblyAI,assemblyai,https://www.assemblyai.com,https://www.ycombinator.com/companies/assemblyai,The best way to build Voice AI apps,Summer 2017,,Active,Artificial Intelligence,Y Combinator,https://yc-oss.github.io/api/tags/artificial-intelligence.json
1.0,STARTUP,Lyrebird,lyrebird,https://lyrebird.ai/,https://www.ycombinator.com/companies/lyrebird,Our tech speaks for itself.,Summer 2017,,Acquired,Artificial Intelligence,Y Combinator,https://yc-oss.github.io/api/tags/artificial-intelligence.json
1.0,STARTUP,10 By 10,10-by-10,https://10by10.io,https://www.ycombinator.com/companies/10-by-10,10by10 is a unique marketplace in the recruiting agency industry for…,Summer 2017,,Active,Artificial Intelligence,Y Combinator,https://yc-oss.github.io/api/tags/artificial-intelligence.json
1.0,STARTUP,Proven Group,proven-group,https://www.provenskincare.com,https://www.ycombinator.com/companies/proven-group,"PROVEN is using AI, data and personalization to disrupt CPG",Winter 2018,,Active,Artificial Intelligence,Y Combinator,https://yc-oss.github.io/api/tags/artificial-intelligence.json
1.0,STARTUP,Precious,precious,https://preciousapp.com/,https://www.ycombinator.com/companies/precious,AI to curate your baby photos,Winter 2018,,Active,Artificial Intelligence,Y Combinator,https://yc-oss.github.io/api/tags/artificial-intelligence.json
1.0,STARTUP,Spellbrush,spellbrush,https://spellbrush.com,https://www.ycombinator.com/companies/spellbrush,Making Anime Real,Winter 2018,,Active,Artificial Intelligence,Y Combinator,https://yc-oss.github.io/api/tags/artificial-intelligence.json
1.0,STARTUP,Jasper.ai,jasper-ai,https://jasper.ai,https://www.ycombinator.com/companies/jasper-ai,Jasper is a leader in creating content using Artificial Intelligence,Winter 2018,,Active,Artificial Intelligence,Y Combinator,https://yc-oss.github.io/api/tags/artificial-intelligence.json
1.0,STARTUP,Promise,promise,http://promise-pay.com,https://www.ycombinator.com/companies/promise,Better payment systems for governments and the communities they serve.,Winter 2018,,Active,Artificial Intelligence,Y Combinator,https://yc-oss.github.io/api/tags/artificial-intelligence.json
1.0,STARTUP,Nuvocargo,nuvocargo,http://www.nuvocargo.com,https://www.ycombinator.com/companies/nuvocargo,Your AI partner for North America truckload freight,Winter 2018,,Active,Artificial Intelligence,Y Combinator,https://yc-oss.github.io/api/tags/artificial-intelligence.json
1.0,STARTUP,Cognition IP,cognition-ip,https://www.cognitionip.com,https://www.ycombinator.com/companies/cognition-ip,Flat-fee patent & trademark counsel with top firm results,Winter 2018,,Active,Artificial Intelligence,Y Combinator,https://yc-oss.github.io/api/tags/artificial-intelligence.json
1.0,STARTUP,Vathys,vathys,http://vathys.ai,https://www.ycombinator.com/companies/vathys,Accelerating machine learning through software,Winter 2018,,Inactive,Artificial Intelligence,Y Combinator,https://yc-oss.github.io/api/tags/artificial-intelligence.json
1.0,STARTUP,Naborly,naborly,https://naborly.com,https://www.ycombinator.com/companies/naborly,A credit bureau for the renting generation.,Winter 2018,,Acquired,Artificial Intelligence,Y Combinator,https://yc-oss.github.io/api/tags/artificial-intelligence.json
1.0,STARTUP,Weekend (fmr. Volley),weekend-fmr-volley,https://weekend.com,https://www.ycombinator.com/companies/weekend-fmr-volley,AI games and entertainment on TV,Winter 2018,,Active,Artificial Intelligence,Y Combinator,https://yc-oss.github.io/api/tags/artificial-intelligence.json
1.0,STARTUP,SharpestMinds,sharpestminds,http://sharpestminds.com,https://www.ycombinator.com/companies/sharpestminds,Peer-to-peer mentorships through income-share agreements.,Winter 2018,,Acquired,Artificial Intelligence,Y Combinator,https://yc-oss.github.io/api/tags/artificial-intelligence.json
1.0,STARTUP,Orangewood Labs,orangewood-labs,http://www.orangewood.co,https://www.ycombinator.com/companies/orangewood-labs,Orangewood Labs makes worlds most affordable and easiest AI robot arms,Winter 2018,,Active,Artificial Intelligence,Y Combinator,https://yc-oss.github.io/api/tags/artificial-intelligence.json
1.0,STARTUP,Point API,point-api,https://pointapi.com,https://www.ycombinator.com/companies/point-api,Point stores things you send over and over again and helps you re-use…,Winter 2018,,Inactive,Artificial Intelligence,Y Combinator,https://yc-oss.github.io/api/tags/artificial-intelligence.json
1.0,STARTUP,Phiar,phiar,https://www.phiar.net,https://www.ycombinator.com/companies/phiar,We are developing a revolutionary AI-powered augmented reality…,Summer 2018,,Acquired,Artificial Intelligence,Y Combinator,https://yc-oss.github.io/api/tags/artificial-intelligence.json
1.0,STARTUP,OWNY,owny,https://www.owny.com,https://www.ycombinator.com/companies/owny,"Manage capital, investors & banking in one place.",Summer 2018,,Active,Artificial Intelligence,Y Combinator,https://yc-oss.github.io/api/tags/artificial-intelligence.json
1.0,STARTUP,Within,within,http://within.ai,https://www.ycombinator.com/companies/within,Company Brain for people and agents to work in harmony. ,Summer 2018,,Active,Artificial Intelligence,Y Combinator,https://yc-oss.github.io/api/tags/artificial-intelligence.json
1.0,STARTUP,"numericcal, inc.",numericcal-inc,http://numericcal.com/,https://www.ycombinator.com/companies/numericcal-inc,Distributed AI for Industrial Process Monitoring and Optimization.,Summer 2018,,Inactive,Artificial Intelligence,Y Combinator,https://yc-oss.github.io/api/tags/artificial-intelligence.json
1.0,STARTUP,Data Driven Bioscience,data-driven-bioscience,http://datadrivenbioscience.com,https://www.ycombinator.com/companies/data-driven-bioscience,"Cancer Diagnosis 10X faster, 10X cheaper",Summer 2018,,Active,Artificial Intelligence,Y Combinator,https://yc-oss.github.io/api/tags/artificial-intelligence.json
1.0,STARTUP,Inscribe,inscribe,https://www.inscribe.ai/,https://www.ycombinator.com/companies/inscribe,"AI Document Fraud Detection for Banks, Credit Unions & Lenders",Summer 2018,,Active,Artificial Intelligence,Y Combinator,https://yc-oss.github.io/api/tags/artificial-intelligence.json
1.0,STARTUP,Quickchat AI,quickchat-ai,https://quickchat.ai/,https://www.ycombinator.com/companies/quickchat-ai,Conversation Design platform to build Al Assistants tailored to your…,Summer 2018,,Active,Artificial Intelligence,Y Combinator,https://yc-oss.github.io/api/tags/artificial-intelligence.json
1.0,STARTUP,Rain Neuromorphics,rain-neuromorphics,http://www.rain-neuromorphics.com,https://www.ycombinator.com/companies/rain-neuromorphics,We build artificial intelligence processors inspired by the brain.  ,Summer 2018,,Acquired,Artificial Intelligence,Y Combinator,https://yc-oss.github.io/api/tags/artificial-intelligence.json
1.0,STARTUP,Eden,eden-2,https://edenmed.com,https://www.ycombinator.com/companies/eden-2,Building Clinical Superintelligence.,Summer 2018,,Active,Artificial Intelligence,Y Combinator,https://yc-oss.github.io/api/tags/artificial-intelligence.json
1.0,STARTUP,BrainHi,brainhi,https://www.brainhi.com,https://www.ycombinator.com/companies/brainhi,Automated receptionist that answers missed calls for local businesses ,Summer 2018,,Active,Artificial Intelligence,Y Combinator,https://yc-oss.github.io/api/tags/artificial-intelligence.json
1.0,STARTUP,Mutiny,mutiny,https://www.mutinyhq.com,https://www.ycombinator.com/companies/mutiny,"Your AI agent for creating anything customer-facing, in minutes.",Summer 2018,,Active,Artificial Intelligence,Y Combinator,https://yc-oss.github.io/api/tags/artificial-intelligence.json
1.0,STARTUP,Leena AI,leena-ai,https://www.leena.ai,https://www.ycombinator.com/companies/leena-ai,We at Leena AI build a virtual assistant that answers employee's…,Summer 2018,,Active,Artificial Intelligence,Y Combinator,https://yc-oss.github.io/api/tags/artificial-intelligence.json
1.0,STARTUP,Kunduz,kunduz,https://kunduz.com/,https://www.ycombinator.com/companies/kunduz,Kunduz provides instant answers to students' questions and makes…,Summer 2018,,Active,Artificial Intelligence,Y Combinator,https://yc-oss.github.io/api/tags/artificial-intelligence.json
1.0,STARTUP,Flockjay,flockjay,https://flockjay.com,https://www.ycombinator.com/companies/flockjay,"AI-driven learning, content, and coaching for sales teams",Winter 2019,,Active,Artificial Intelligence,Y Combinator,https://yc-oss.github.io/api/tags/artificial-intelligence.json
1.0,STARTUP,Centaur,centaur,https://centaur.ai/,https://www.ycombinator.com/companies/centaur,We Create Superior Data By Making Annotation Competitive,Winter 2019,,Active,Artificial Intelligence,Y Combinator,https://yc-oss.github.io/api/tags/artificial-intelligence.json
1.0,STARTUP,Windsor,windsor,https://windsor.io,https://www.ycombinator.com/companies/windsor,AI Powered Personalized Videos,Winter 2019,,Acquired,Artificial Intelligence,Y Combinator,https://yc-oss.github.io/api/tags/artificial-intelligence.json
1.0,STARTUP,Tailornova/Couturme,tailornova-couturme,http://patternfast.com,https://www.ycombinator.com/companies/tailornova-couturme,AI for Instantly Manufacturable Fashion,Winter 2019,,Active,Artificial Intelligence,Y Combinator,https://yc-oss.github.io/api/tags/artificial-intelligence.json
1.0,STARTUP,Community Phone Company,community-phone-company,https://www.communityphone.org/,https://www.ycombinator.com/companies/community-phone-company,The phone that gives families peace of mind about aging parents,Winter 2019,,Active,Artificial Intelligence,Y Combinator,https://yc-oss.github.io/api/tags/artificial-intelligence.json
1.0,STARTUP,Sapling.ai,sapling-ai,https://sapling.ai,https://www.ycombinator.com/companies/sapling-ai,Language models for enterprise applications.,Winter 2019,,Active,Artificial Intelligence,Y Combinator,https://yc-oss.github.io/api/tags/artificial-intelligence.json
1.0,STARTUP,AI Insurance,ai-insurance,https://www.aiinsurance.io,https://www.ycombinator.com/companies/ai-insurance,AI Insurance is the platform that runs insurance companies,Winter 2019,,Active,Artificial Intelligence,Y Combinator,https://yc-oss.github.io/api/tags/artificial-intelligence.json
1.0,STARTUP,Evo.Do,evo-do,http://www.evo.do/,https://www.ycombinator.com/companies/evo-do,QA Bots for Games,Winter 2019,,Inactive,Artificial Intelligence,Y Combinator,https://yc-oss.github.io/api/tags/artificial-intelligence.json
1.0,STARTUP,Docucharm,docucharm,http://www.docucharm.com,https://www.ycombinator.com/companies/docucharm,Automate paperwork by turning documents into structured data.,Winter 2019,,Inactive,Artificial Intelligence,Y Combinator,https://yc-oss.github.io/api/tags/artificial-intelligence.json
1.0,STARTUP,Askdata,askdata,http://www.askdata.com,https://www.ycombinator.com/companies/askdata,Frictionless Data,Winter 2019,,Acquired,Artificial Intelligence,Y Combinator,https://yc-oss.github.io/api/tags/artificial-intelligence.json
1.0,STARTUP,Superorder,superorder,https://superorder.com/,https://www.ycombinator.com/companies/superorder,AI customer reputation & performance management for restaurant chains.,Summer 2019,,Active,Artificial Intelligence,Y Combinator,https://yc-oss.github.io/api/tags/artificial-intelligence.json
1.0,STARTUP,Autodial prev Qwest,autodial-prev-qwest,https://www.autodial.com,https://www.ycombinator.com/companies/autodial-prev-qwest,Skip Busy Phone Lines,Winter 2019,,Active,Artificial Intelligence,Y Combinator,https://yc-oss.github.io/api/tags/artificial-intelligence.json
1.0,STARTUP,Glide,glide,https://www.glideapps.com,https://www.ycombinator.com/companies/glide,"Glide turns spreadsheets into beautiful, intelligent apps.",Winter 2019,,Active,Artificial Intelligence,Y Combinator,https://yc-oss.github.io/api/tags/artificial-intelligence.json
1.0,STARTUP,Sublime Black,sublime-black,http://sublimeblack.com,https://www.ycombinator.com/companies/sublime-black,Automating Cyber Security Incident Response Through Artificial…,Winter 2019,,Inactive,Artificial Intelligence,Y Combinator,https://yc-oss.github.io/api/tags/artificial-intelligence.json
1.0,STARTUP,Mars Auto,mars-auto,https://marsauto.com,https://www.ycombinator.com/companies/mars-auto,Autonomous trucks to fully automate long-haul freight shipping,Winter 2019,,Active,Artificial Intelligence,Y Combinator,https://yc-oss.github.io/api/tags/artificial-intelligence.json
1.0,STARTUP,Tailor-ED,tailor-ed,https://www.tailor-ed.com/,https://www.ycombinator.com/companies/tailor-ed,AI-powered corporate learning for accelerated employee growth & skill…,Winter 2019,,Inactive,Artificial Intelligence,Y Combinator,https://yc-oss.github.io/api/tags/artificial-intelligence.json
1.0,STARTUP,"OutRival, Inc.",outrival-inc,https://outrival.com/,https://www.ycombinator.com/companies/outrival-inc,"Outbound AI Agents for Education, Insurance, and Travel",Winter 2019,,Active,Artificial Intelligence,Y Combinator,https://yc-oss.github.io/api/tags/artificial-intelligence.json
1.0,STARTUP,Playground,playground,https://playground.com,https://www.ycombinator.com/companies/playground,Make graphics like a Pro without being one,Summer 2019,,Inactive,Artificial Intelligence,Y Combinator,https://yc-oss.github.io/api/tags/artificial-intelligence.json
1.0,STARTUP,Palifer,palifer,https://www.palifer.com,https://www.ycombinator.com/companies/palifer,Predictive maintenance models for trains and heavy industry,Summer 2019,,Acquired,Artificial Intelligence,Y Combinator,https://yc-oss.github.io/api/tags/artificial-intelligence.json
1.0,STARTUP,Symplex,symplex,,https://www.ycombinator.com/companies/symplex,Applied Reinforcement Learning Research Laboratory,Summer 2019,,Acquired,Artificial Intelligence,Y Combinator,https://yc-oss.github.io/api/tags/artificial-intelligence.json
1.0,STARTUP,Kraftful,kraftful,http://www.kraftful.com/,https://www.ycombinator.com/companies/kraftful,Copilot for product teams,Summer 2019,,Acquired,Artificial Intelligence,Y Combinator,https://yc-oss.github.io/api/tags/artificial-intelligence.json
1.0,STARTUP,Well Principled,well-principled,https://wellprincipled.com,https://www.ycombinator.com/companies/well-principled,The neural engine for autonomous robots,Summer 2019,,Active,Artificial Intelligence,Y Combinator,https://yc-oss.github.io/api/tags/artificial-intelligence.json
1.0,STARTUP,Lantern,lantern,https://www.lantern.so,https://www.ycombinator.com/companies/lantern,User behavior monitoring for modern product teams,Summer 2019,,Inactive,Artificial Intelligence,Y Combinator,https://yc-oss.github.io/api/tags/artificial-intelligence.json
1.0,STARTUP,GEn1E Lifesciences,gen1e-lifesciences,https://www.gen1e.com,https://www.ycombinator.com/companies/gen1e-lifesciences,AI platform accelerating therapies for rare & inflammatory diseases.,Summer 2019,,Active,Artificial Intelligence,Y Combinator,https://yc-oss.github.io/api/tags/artificial-intelligence.json
1.0,STARTUP,Embrace,embrace,https://embrace.io,https://www.ycombinator.com/companies/embrace,Modern user-focused observability built on OpenTelemetry,Summer 2019,,Acquired,Artificial Intelligence,Y Combinator,https://yc-oss.github.io/api/tags/artificial-intelligence.json
1.0,STARTUP,Yummy Future,yummy-future,https://yummy-future.com,https://www.ycombinator.com/companies/yummy-future,We build robotic workforces for the food & beverage industry.,Summer 2019,,Active,Artificial Intelligence,Y Combinator,https://yc-oss.github.io/api/tags/artificial-intelligence.json
1.0,STARTUP,Milo,milo,http://www.joinmilo.com,https://www.ycombinator.com/companies/milo,The Family AI - a copilot for parents to tackle the invisible load of…,Winter 2020,,Inactive,Artificial Intelligence,Y Combinator,https://yc-oss.github.io/api/tags/artificial-intelligence.json
1.0,STARTUP,Ramen VR,ramen-vr,https://ramenvr.com/,https://www.ycombinator.com/companies/ramen-vr,Ramen VR is transforming game development with advanced XR + AI tools.,Summer 2019,,Active,Artificial Intelligence,Y Combinator,https://yc-oss.github.io/api/tags/artificial-intelligence.json
1.0,STARTUP,Traces,traces,https://www.traces.ai,https://www.ycombinator.com/companies/traces,Transform your video monitoring with AI,Summer 2019,,Active,Artificial Intelligence,Y Combinator,https://yc-oss.github.io/api/tags/artificial-intelligence.json
1.0,STARTUP,Flowbot,flowbot,https://www.getflowbot.com,https://www.ycombinator.com/companies/flowbot,A natural language-driven programming assistant.,Summer 2019,,Active,Artificial Intelligence,Y Combinator,https://yc-oss.github.io/api/tags/artificial-intelligence.json
1.0,STARTUP,Motion,motion,https://www.usemotion.com/,https://www.ycombinator.com/companies/motion,The only work management platform for both Human and AI Employees,Winter 2020,,Active,Artificial Intelligence,Y Combinator,https://yc-oss.github.io/api/tags/artificial-intelligence.json
1.0,STARTUP,Flowglad,flowglad,https://flowglad.com,https://www.ycombinator.com/companies/flowglad,"Analyze, act, and automate across systems",Winter 2020,,Active,Artificial Intelligence,Y Combinator,https://yc-oss.github.io/api/tags/artificial-intelligence.json
1.0,STARTUP,Phonic,phonic,https://phonic.ai,https://www.ycombinator.com/companies/phonic,The best way to collect and analyze voice and video feedback,Winter 2020,,Acquired,Artificial Intelligence,Y Combinator,https://yc-oss.github.io/api/tags/artificial-intelligence.json
1.0,STARTUP,StratumAI,stratumai,https://www.stratum.ai,https://www.ycombinator.com/companies/stratumai,AI that tells mining companies where to mine to maximize profits,Winter 2020,,Active,Artificial Intelligence,Y Combinator,https://yc-oss.github.io/api/tags/artificial-intelligence.json
1.0,STARTUP,FitnessAI,fitnessai,https://fitnessai.com,https://www.ycombinator.com/companies/fitnessai,App offering AI powered workout plans with anytime access to coaches,Winter 2020,,Acquired,Artificial Intelligence,Y Combinator,https://yc-oss.github.io/api/tags/artificial-intelligence.json
1.0,STARTUP,Taiv,taiv,https://taiv.tv,https://www.ycombinator.com/companies/taiv,"AI-powered tech that makes business TV smarter, engaging, and…",Winter 2020,,Active,Artificial Intelligence,Y Combinator,https://yc-oss.github.io/api/tags/artificial-intelligence.json
1.0,STARTUP,Glisten AI,glisten-ai,http://glisten.ai,https://www.ycombinator.com/companies/glisten-ai,Glisten AI automatically categorizes and tags e-commerce product data.,Winter 2020,,Inactive,Artificial Intelligence,Y Combinator,https://yc-oss.github.io/api/tags/artificial-intelligence.json
1.0,STARTUP,Ardis AI,ardis-ai,http://www.ardis.ai,https://www.ycombinator.com/companies/ardis-ai,Transform your text data into a searchable knowledge graph,Winter 2020,,Inactive,Artificial Intelligence,Y Combinator,https://yc-oss.github.io/api/tags/artificial-intelligence.json
1.0,STARTUP,Perceptive Technologies,perceptive-technologies,https://www.perceptive.io,https://www.ycombinator.com/companies/perceptive-technologies,"Automated tooth cutting for dentists using imaging, AI and robotics",Winter 2020,,Active,Artificial Intelligence,Y Combinator,https://yc-oss.github.io/api/tags/artificial-intelligence.json
1.0,STARTUP,Aden,aden,https://adenhq.com/,https://www.ycombinator.com/companies/aden,Open source agent generation framework,Winter 2020,,Active,Artificial Intelligence,Y Combinator,https://yc-oss.github.io/api/tags/artificial-intelligence.json
1.0,STARTUP,Turing Labs Inc.,turing-labs-inc,http://www.turingsaas.com,https://www.ycombinator.com/companies/turing-labs-inc,AI for R&D of consumer brands like P&G to develop better products,Winter 2020,,Active,Artificial Intelligence,Y Combinator,https://yc-oss.github.io/api/tags/artificial-intelligence.json
1.0,STARTUP,QueryPie AI,querypie-ai,https://www.querypie.com,https://www.ycombinator.com/companies/querypie-ai,QueryPie AIP - Enterprise Ready Agentic AI Platform,Winter 2020,,Active,Artificial Intelligence,Y Combinator,https://yc-oss.github.io/api/tags/artificial-intelligence.json
1.0,STARTUP,Skypher,skypher,https://skypher.co,https://www.ycombinator.com/companies/skypher,AI agent for Compliance Questionnaires Automation,Winter 2020,,Active,Artificial Intelligence,Y Combinator,https://yc-oss.github.io/api/tags/artificial-intelligence.json
1.0,STARTUP,DeepSource,deepsource,https://deepsource.com/,https://www.ycombinator.com/companies/deepsource,"Unified DevSecOps platform, helping developers ship good code.",Winter 2020,,Active,Artificial Intelligence,Y Combinator,https://yc-oss.github.io/api/tags/artificial-intelligence.json
1.0,STARTUP,PillarPlus,pillarplus,https://pillarplus.com,https://www.ycombinator.com/companies/pillarplus,Software to automatically create construction blueprints,Winter 2020,,Inactive,Artificial Intelligence,Y Combinator,https://yc-oss.github.io/api/tags/artificial-intelligence.json
1.0,STARTUP,Zumo Labs,zumo-labs,https://zumolabs.ai/,https://www.ycombinator.com/companies/zumo-labs,We generate synthetic data for computer vision models.,Winter 2020,,Inactive,Artificial Intelligence,Y Combinator,https://yc-oss.github.io/api/tags/artificial-intelligence.json
1.0,STARTUP,Overfit,overfit,https://overfit.com,https://www.ycombinator.com/companies/overfit,Human coach for accountability + AI for personalized workouts,Summer 2020,,Inactive,Artificial Intelligence,Y Combinator,https://yc-oss.github.io/api/tags/artificial-intelligence.json
1.0,STARTUP,BeGo,be-go,http://www.bego.ai,https://www.ycombinator.com/companies/be-go,BeGo Connects cargo shippers with truck suppliers in Mexico and US,Winter 2020,,Active,Artificial Intelligence,Y Combinator,https://yc-oss.github.io/api/tags/artificial-intelligence.json
1.0,STARTUP,Recall.ai,recall-ai,https://www.recall.ai,https://www.ycombinator.com/companies/recall-ai,"The API to get recordings, transcripts, and metadata from meetings",Winter 2020,,Active,Artificial Intelligence,Y Combinator,https://yc-oss.github.io/api/tags/artificial-intelligence.json
1.0,STARTUP,Atmo,atmo,http://atmo.ai,https://www.ycombinator.com/companies/atmo,Ultra-precise AI weather forecasting.,Winter 2020,,Active,Artificial Intelligence,Y Combinator,https://yc-oss.github.io/api/tags/artificial-intelligence.json
1.0,STARTUP,Airbyte,airbyte,https://airbyte.com/,https://www.ycombinator.com/companies/airbyte,Context layer for production-grade AI agents,Winter 2020,,Active,Artificial Intelligence,Y Combinator,https://yc-oss.github.io/api/tags/artificial-intelligence.json
1.0,STARTUP,Blue Onion,blue-onion,https://www.blueonion.ai/,https://www.ycombinator.com/companies/blue-onion,Financial data layer for AI-powered finance and accounting,Summer 2020,,Active,Artificial Intelligence,Y Combinator,https://yc-oss.github.io/api/tags/artificial-intelligence.json
1.0,STARTUP,Shuttle,shuttle,https://www.shuttle.dev,https://www.ycombinator.com/companies/shuttle,Build Backends. Fast.,Summer 2020,,Inactive,Artificial Intelligence,Y Combinator,https://yc-oss.github.io/api/tags/artificial-intelligence.json
1.0,STARTUP,Kernal Biologics,kernal-biologics,https://www.kernalbio.com/,https://www.ycombinator.com/companies/kernal-biologics,Kernal is creating mRNA 2.0 therapies that work in specific cells,Summer 2020,,Active,Artificial Intelligence,Y Combinator,https://yc-oss.github.io/api/tags/artificial-intelligence.json
1.0,STARTUP,Omni,omni,https://addomni.com,https://www.ycombinator.com/companies/omni,"Fast, up-to-date answers for Sales & Support",Summer 2020,,Acquired,Artificial Intelligence,Y Combinator,https://yc-oss.github.io/api/tags/artificial-intelligence.json
1.0,STARTUP,Atomic,atomic,https://www.atomicvest.com/,https://www.ycombinator.com/companies/atomic,API that lets companies embed investment accounts into their services,Summer 2020,,Active,Artificial Intelligence,Y Combinator,https://yc-oss.github.io/api/tags/artificial-intelligence.json
1.0,STARTUP,Hyper Online,hyper-online,https://www.hyper.online/,https://www.ycombinator.com/companies/hyper-online,Social avatar platform for VTubers,Summer 2020,,Inactive,Artificial Intelligence,Y Combinator,https://yc-oss.github.io/api/tags/artificial-intelligence.json
1.0,STARTUP,Cohere,cohere,https://cohere.io,https://www.ycombinator.com/companies/cohere,Support automation that's actually intelligent,Summer 2020,,Acquired,Artificial Intelligence,Y Combinator,https://yc-oss.github.io/api/tags/artificial-intelligence.json
1.0,STARTUP,Taktile,taktile,http://www.taktile.com,https://www.ycombinator.com/companies/taktile,"Transform your decision-making with reliable AI agents in weeks, not…",Summer 2020,,Active,Artificial Intelligence,Y Combinator,https://yc-oss.github.io/api/tags/artificial-intelligence.json
1.0,STARTUP,AI.Fashion,ai-fashion,https://www.ai.fashion,https://www.ycombinator.com/companies/ai-fashion,AI.Fashion is the AI creative suite for the fashion industry.,Summer 2020,,Inactive,Artificial Intelligence,Y Combinator,https://yc-oss.github.io/api/tags/artificial-intelligence.json
1.0,STARTUP,Glimpse,glimpse-2,https://tryglimpse.com/,https://www.ycombinator.com/companies/glimpse-2,Glimpse is the system of action for CPG retail operations,Summer 2020,,Active,Artificial Intelligence,Y Combinator,https://yc-oss.github.io/api/tags/artificial-intelligence.json
1.0,STARTUP,Fieldguide,fieldguide,http://fieldguide.com,https://www.ycombinator.com/companies/fieldguide,Vertical AI for Audit & Advisory Firms,Summer 2020,,Active,Artificial Intelligence,Y Combinator,https://yc-oss.github.io/api/tags/artificial-intelligence.json
1.0,STARTUP,Heron,heron,https://www.herondata.io,https://www.ycombinator.com/companies/heron,Underwriting automation for SMB finance,Summer 2020,,Active,Artificial Intelligence,Y Combinator,https://yc-oss.github.io/api/tags/artificial-intelligence.json
1.0,STARTUP,cloud humans,cloud-humans,https://www.cloudhumans.com,https://www.ycombinator.com/companies/cloud-humans,AI-powered customer service for startups,Winter 2021,,Active,Artificial Intelligence,Y Combinator,https://yc-oss.github.io/api/tags/artificial-intelligence.json
1.0,STARTUP,Atomic Industries,atomic-industries,http://atomic.industries,https://www.ycombinator.com/companies/atomic-industries,Software orchestrated mass production of plastics,Winter 2021,,Active,Artificial Intelligence,Y Combinator,https://yc-oss.github.io/api/tags/artificial-intelligence.json
1.0,STARTUP,authzed,authzed,https://authzed.com,https://www.ycombinator.com/companies/authzed,"Authorization Infrastructure securing AI at OpenAI, Zoom, & more",Winter 2021,,Active,Artificial Intelligence,Y Combinator,https://yc-oss.github.io/api/tags/artificial-intelligence.json
1.0,STARTUP,Quadrant Eye,quadrant-eye,https://quadranteye.com,https://www.ycombinator.com/companies/quadrant-eye,Breaking new ground in online eyecare. ,Winter 2021,,Inactive,Artificial Intelligence,Y Combinator,https://yc-oss.github.io/api/tags/artificial-intelligence.json
1.0,STARTUP,SBX Robotics,sbx-robotics,https://www.sbxrobotics.com/,https://www.ycombinator.com/companies/sbx-robotics,Synthetic data for better vision.,Winter 2021,,Inactive,Artificial Intelligence,Y Combinator,https://yc-oss.github.io/api/tags/artificial-intelligence.json
1.0,STARTUP,arnata,arnata,https://arnata.com,https://www.ycombinator.com/companies/arnata,AI workers for the logistics industry. ,Winter 2021,,Active,Artificial Intelligence,Y Combinator,https://yc-oss.github.io/api/tags/artificial-intelligence.json
1.0,STARTUP,Pibit.ai,pibit-ai,https://pibit.ai,https://www.ycombinator.com/companies/pibit-ai,The fastest path from submission to better decisions.,Winter 2021,,Active,Artificial Intelligence,Y Combinator,https://yc-oss.github.io/api/tags/artificial-intelligence.json
1.0,STARTUP,Vogent,vogent,https://vogent.ai,https://www.ycombinator.com/companies/vogent,Build Voice AI Agents,Summer 2021,,Acquired,Artificial Intelligence,Y Combinator,https://yc-oss.github.io/api/tags/artificial-intelligence.json
1.0,STARTUP,Flux Auto,flux-auto,https://fluxauto.ai,https://www.ycombinator.com/companies/flux-auto,Physical AI for Warehouses and Factories,Winter 2021,,Active,Artificial Intelligence,Y Combinator,https://yc-oss.github.io/api/tags/artificial-intelligence.json
1.0,STARTUP,Fountain9,fountain9,https://www.fountain9.com,https://www.ycombinator.com/companies/fountain9,Helping food brands and retailers reduce food wastage,Winter 2021,,Acquired,Artificial Intelligence,Y Combinator,https://yc-oss.github.io/api/tags/artificial-intelligence.json
1.0,STARTUP,Pragmatic Leaders (Ankai Inc),pragmatic-leaders-ankai-inc,"https://pragmaticleaders.io, https://ostronaut.com",https://www.ycombinator.com/companies/pragmatic-leaders-ankai-inc,"AI-powered Corporate Training: Faster, Smarter, and More Effective",Winter 2021,,Active,Artificial Intelligence,Y Combinator,https://yc-oss.github.io/api/tags/artificial-intelligence.json
1.0,STARTUP,Sivo,sivo,https://sivo.com,https://www.ycombinator.com/companies/sivo,Debt as a service for companies to lend money to their users at scale.,Winter 2021,,Active,Artificial Intelligence,Y Combinator,https://yc-oss.github.io/api/tags/artificial-intelligence.json
1.0,STARTUP,Supadock,supadock,https://getsupadock.com,https://www.ycombinator.com/companies/supadock,AI workers for logistics operations,Winter 2021,,Active,Artificial Intelligence,Y Combinator,https://yc-oss.github.io/api/tags/artificial-intelligence.json
1.0,STARTUP,Emerge Tools,emerge-tools,https://www.emergetools.com/,https://www.ycombinator.com/companies/emerge-tools,Supercharge your mobile apps,Winter 2021,,Acquired,Artificial Intelligence,Y Combinator,https://yc-oss.github.io/api/tags/artificial-intelligence.json
1.0,STARTUP,Parsagon,parsagon,https://parsagon.io,https://www.ycombinator.com/companies/parsagon,AI to track and analyze public policy,Winter 2021,,Active,Artificial Intelligence,Y Combinator,https://yc-oss.github.io/api/tags/artificial-intelligence.json
1.0,STARTUP,Alinea,alinea,https://alinea-invest.com/,https://www.ycombinator.com/companies/alinea,Automated investing for the next generation 💸,Winter 2021,,Active,Artificial Intelligence,Y Combinator,https://yc-oss.github.io/api/tags/artificial-intelligence.json
1.0,STARTUP,Vapi,vapi,https://vapi.ai,https://www.ycombinator.com/companies/vapi,Voice AI for developers.,Winter 2021,,Active,Artificial Intelligence,Y Combinator,https://yc-oss.github.io/api/tags/artificial-intelligence.json
1.0,STARTUP,Mindee,mindee,https://mindee.com,https://www.ycombinator.com/companies/mindee,AI Document Understanding API,Winter 2021,,Active,Artificial Intelligence,Y Combinator,https://yc-oss.github.io/api/tags/artificial-intelligence.json
1.0,STARTUP,Popl,popl,https://popl.co/,https://www.ycombinator.com/companies/popl,Your AI GTM platform for In-Person Events,Winter 2021,,Active,Artificial Intelligence,Y Combinator,https://yc-oss.github.io/api/tags/artificial-intelligence.json
1.0,STARTUP,True3D,true3d,https://www.true3d.com/,https://www.ycombinator.com/companies/true3d,Building the next generation of visual media,Winter 2021,,Active,Artificial Intelligence,Y Combinator,https://yc-oss.github.io/api/tags/artificial-intelligence.json
1.0,STARTUP,FirstSupport.ai,firstsupport-ai,https://firstsupport.ai,https://www.ycombinator.com/companies/firstsupport-ai,AI Assistant for Customer Support,Winter 2021,,Active,Artificial Intelligence,Y Combinator,https://yc-oss.github.io/api/tags/artificial-intelligence.json
1.0,STARTUP,Rinsed,rinsed,https://www.rinsed.com,https://www.ycombinator.com/companies/rinsed,Software to run car washes moving to a monthly subscription model,Winter 2021,,Active,Artificial Intelligence,Y Combinator,https://yc-oss.github.io/api/tags/artificial-intelligence.json
1.0,STARTUP,Nimbus,nimbus-3,https://nimbus.dev,https://www.ycombinator.com/companies/nimbus-3,Nimbus reduces Datadog costs by more than 60% without Manual Effort,Winter 2021,,Inactive,Artificial Intelligence,Y Combinator,https://yc-oss.github.io/api/tags/artificial-intelligence.json
1.0,STARTUP,Enable Us,enable-us,https://www.enableus.com,https://www.ycombinator.com/companies/enable-us,Digital Sales Rooms (Acquired by MindTickle),Winter 2021,,Acquired,Artificial Intelligence,Y Combinator,https://yc-oss.github.io/api/tags/artificial-intelligence.json
1.0,STARTUP,InpharmD,inpharmd,https://www.inpharmd.com,https://www.ycombinator.com/companies/inpharmd,"We provide a curated, evidence- based answer to any clinical question.",Winter 2021,,Active,Artificial Intelligence,Y Combinator,https://yc-oss.github.io/api/tags/artificial-intelligence.json
1.0,STARTUP,Tint,tint,http://www.tint.ai,https://www.ycombinator.com/companies/tint,Makes it easy for tech platforms to embed insurance into products,Winter 2021,,Active,Artificial Intelligence,Y Combinator,https://yc-oss.github.io/api/tags/artificial-intelligence.json
1.0,STARTUP,TaoFi,taofi,https://taofi.com,https://www.ycombinator.com/companies/taofi,The financial layer for decentralized AI,Winter 2021,,Acquired,Artificial Intelligence,Y Combinator,https://yc-oss.github.io/api/tags/artificial-intelligence.json
1.0,STARTUP,Venu AI,venu-ai,https://www.venu3d.com,https://www.ycombinator.com/companies/venu-ai,Meet qualified leads in person by automating conference production,Winter 2021,,Active,Artificial Intelligence,Y Combinator,https://yc-oss.github.io/api/tags/artificial-intelligence.json
1.0,STARTUP,Compose.ai,compose-ai,https://compose.ai,https://www.ycombinator.com/companies/compose-ai,Cut your writing time by 40% with AI-powered autocomplete,Winter 2021,,Active,Artificial Intelligence,Y Combinator,https://yc-oss.github.io/api/tags/artificial-intelligence.json
1.0,STARTUP,Codeball,codeball,https://codeball.ai,https://www.ycombinator.com/companies/codeball,AI-Powered Code Review,Winter 2021,,Inactive,Artificial Intelligence,Y Combinator,https://yc-oss.github.io/api/tags/artificial-intelligence.json
1.0,STARTUP,Dataherald,dataherald,http://dataherald.com/,https://www.ycombinator.com/companies/dataherald,Embed NL-to-SQL into your Product 📈,Winter 2021,,Inactive,Artificial Intelligence,Y Combinator,https://yc-oss.github.io/api/tags/artificial-intelligence.json
1.0,STARTUP,Rejoy Health,rejoy-health,https://www.rejoyhealth.com/,https://www.ycombinator.com/companies/rejoy-health,"AI workers that book, scribe, code, interpret, and answer clinicians",Winter 2021,,Active,Artificial Intelligence,Y Combinator,https://yc-oss.github.io/api/tags/artificial-intelligence.json
1.0,STARTUP,Treinta,treinta,https://www.treinta.co,https://www.ycombinator.com/companies/treinta,Software and AI tools for SMBs in the US and Latin America,Winter 2021,,Active,Artificial Intelligence,Y Combinator,https://yc-oss.github.io/api/tags/artificial-intelligence.json
1.0,STARTUP,Spline,spline,http://spline.design/,https://www.ycombinator.com/companies/spline,Design and collaborate in multiple dimensions.,Winter 2021,,Active,Artificial Intelligence,Y Combinator,https://yc-oss.github.io/api/tags/artificial-intelligence.json
1.0,STARTUP,BusinessOnBot,businessonbot,https://www.businessonbot.com/,https://www.ycombinator.com/companies/businessonbot,Automated user acquisition & selling on WhatsApp for businesses,Winter 2021,,Active,Artificial Intelligence,Y Combinator,https://yc-oss.github.io/api/tags/artificial-intelligence.json
1.0,STARTUP,Mystic,mystic,https://www.mystic.ai/,https://www.ycombinator.com/companies/mystic,Low latency API to run and deploy ML models,Winter 2021,,Active,Artificial Intelligence,Y Combinator,https://yc-oss.github.io/api/tags/artificial-intelligence.json
1.0,STARTUP,MarqVision,marqvision,https://www.marqvision.com/,https://www.ycombinator.com/companies/marqvision,IP operating software for brands and content companies,Summer 2021,,Active,Artificial Intelligence,Y Combinator,https://yc-oss.github.io/api/tags/artificial-intelligence.json
1.0,STARTUP,Routine,routine,http://routine.co,https://www.ycombinator.com/companies/routine,AI-native all-in-one workspace for startups,Winter 2021,,Active,Artificial Intelligence,Y Combinator,https://yc-oss.github.io/api/tags/artificial-intelligence.json
1.0,STARTUP,MindPortal,mindportal,https://www.mindportal.com,https://www.ycombinator.com/companies/mindportal,Thought-to-Language AI Models,Winter 2021,,Inactive,Artificial Intelligence,Y Combinator,https://yc-oss.github.io/api/tags/artificial-intelligence.json
1.0,STARTUP,Waydev,waydev,https://waydev.co/,https://www.ycombinator.com/companies/waydev,Engineering intelligence for AI transformation,Winter 2021,,Active,Artificial Intelligence,Y Combinator,https://yc-oss.github.io/api/tags/artificial-intelligence.json
1.0,STARTUP,Ollama,ollama,https://ollama.com,https://www.ycombinator.com/companies/ollama,Get up and running with large language models.,Winter 2021,,Active,Artificial Intelligence,Y Combinator,https://yc-oss.github.io/api/tags/artificial-intelligence.json
1.0,STARTUP,Humance,humance,https://www.humance.tech/,https://www.ycombinator.com/companies/humance,AI that keeps complex construction projects on schedule.,Winter 2021,,Active,Artificial Intelligence,Y Combinator,https://yc-oss.github.io/api/tags/artificial-intelligence.json
1.0,STARTUP,Openlayer,openlayer,https://openlayer.com,https://www.ycombinator.com/companies/openlayer,The fastest way to ship airtight AI,Summer 2021,,Active,Artificial Intelligence,Y Combinator,https://yc-oss.github.io/api/tags/artificial-intelligence.json
1.0,STARTUP,Slope,slope,http://www.slopepay.com,https://www.ycombinator.com/companies/slope,The B2B Payments Platform ,Summer 2021,,Active,Artificial Intelligence,Y Combinator,https://yc-oss.github.io/api/tags/artificial-intelligence.json
1.0,STARTUP,Mindstate Design Labs,mindstate-design-labs,http://mindstate.design,https://www.ycombinator.com/companies/mindstate-design-labs,Programmable biology company for psychoactive effect design,Summer 2021,,Active,Artificial Intelligence,Y Combinator,https://yc-oss.github.io/api/tags/artificial-intelligence.json
1.0,STARTUP,Serif Health,serif-health,https://www.serifhealth.com,https://www.ycombinator.com/companies/serif-health,Healthcare Price Transparency APIs and Data Products,Winter 2022,,Active,Artificial Intelligence,Y Combinator,https://yc-oss.github.io/api/tags/artificial-intelligence.json
1.0,STARTUP,Abstra,abstra,https://abstra.io,https://www.ycombinator.com/companies/abstra,Automate finance operations with Python and AI,Summer 2021,,Active,Artificial Intelligence,Y Combinator,https://yc-oss.github.io/api/tags/artificial-intelligence.json
1.0,STARTUP,Replo,replo,https://replo.app/,https://www.ycombinator.com/companies/replo,Sell anything,Summer 2021,,Active,Artificial Intelligence,Y Combinator,https://yc-oss.github.io/api/tags/artificial-intelligence.json
1.0,STARTUP,FirstQuadrant,firstquadrant,https://firstquadrant.ai,https://www.ycombinator.com/companies/firstquadrant,Sales AI that helps revenue teams move faster and close more deals.,Summer 2021,,Inactive,Artificial Intelligence,Y Combinator,https://yc-oss.github.io/api/tags/artificial-intelligence.json
1.0,STARTUP,Affogato AI,affogato-ai,https://affogato.ai,https://www.ycombinator.com/companies/affogato-ai,"Affogato AI — Your Agent for instant TikToks, Reels, and ads.",Summer 2021,,Active,Artificial Intelligence,Y Combinator,https://yc-oss.github.io/api/tags/artificial-intelligence.json
1.0,STARTUP,zaz⚡️os,zazos,https://www.zazos.com/,https://www.ycombinator.com/companies/zazos,The custom all-in-one OS for each company.,Summer 2021,,Active,Artificial Intelligence,Y Combinator,https://yc-oss.github.io/api/tags/artificial-intelligence.json
1.0,STARTUP,Swipe,swipe-2,https://getswipe.in,https://www.ycombinator.com/companies/swipe-2,Super AI Accountant for SMBs,Summer 2021,,Active,Artificial Intelligence,Y Combinator,https://yc-oss.github.io/api/tags/artificial-intelligence.json
1.0,STARTUP,Neodocs,neodocs,https://www.neodocs.in,https://www.ycombinator.com/companies/neodocs,Instant lab tests on your smartphone,Summer 2021,,Active,Artificial Intelligence,Y Combinator,https://yc-oss.github.io/api/tags/artificial-intelligence.json
1.0,STARTUP,MobileBoost,mobileboost,https://www.mobileboost.io/yc,https://www.ycombinator.com/companies/mobileboost,AI native mobile testing.,Summer 2021,,Active,Artificial Intelligence,Y Combinator,https://yc-oss.github.io/api/tags/artificial-intelligence.json
1.0,STARTUP,RGI Labs,rgi-labs,https://www.rgilabs.com,https://www.ycombinator.com/companies/rgi-labs,Robust & recursively self-improving general intelligence,Summer 2021,,Active,Artificial Intelligence,Y Combinator,https://yc-oss.github.io/api/tags/artificial-intelligence.json
1.0,STARTUP,Sleek,sleek,https://www.onsleek.com/,https://www.ycombinator.com/companies/sleek,Browser automation for businesses.,Summer 2021,,Acquired,Artificial Intelligence,Y Combinator,https://yc-oss.github.io/api/tags/artificial-intelligence.json
1.0,STARTUP,Bite Ninja,bite-ninja,http://www.biteninja.com,https://www.ycombinator.com/companies/bite-ninja,Remote labor for restaurants,Summer 2021,,Active,Artificial Intelligence,Y Combinator,https://yc-oss.github.io/api/tags/artificial-intelligence.json
1.0,STARTUP,Anakin,anakin,https://anakin.io,https://www.ycombinator.com/companies/anakin,One API to get clean data from any website for your AI agents at scale,Summer 2021,,Active,Artificial Intelligence,Y Combinator,https://yc-oss.github.io/api/tags/artificial-intelligence.json
1.0,STARTUP,Dailybot,dailybot,https://www.dailybot.com/,https://www.ycombinator.com/companies/dailybot,Make all team work visible — people and AI agents,Summer 2021,,Active,Artificial Intelligence,Y Combinator,https://yc-oss.github.io/api/tags/artificial-intelligence.json
1.0,STARTUP,Tavus,tavus,https://www.tavus.io,https://www.ycombinator.com/companies/tavus,Building the human layer of AI,Summer 2021,,Active,Artificial Intelligence,Y Combinator,https://yc-oss.github.io/api/tags/artificial-intelligence.json
1.0,STARTUP,Konta.com,konta-com,http://konta.com/,https://www.ycombinator.com/companies/konta-com,Turbotax for México and LATAM,Summer 2021,,Active,Artificial Intelligence,Y Combinator,https://yc-oss.github.io/api/tags/artificial-intelligence.json
1.0,STARTUP,Verihubs,verihubs,https://verihubs.com,https://www.ycombinator.com/companies/verihubs,AI-powered Deepfake Detection,Summer 2021,,Active,Artificial Intelligence,Y Combinator,https://yc-oss.github.io/api/tags/artificial-intelligence.json
1.0,STARTUP,Secoda,secoda,https://secoda.co,https://www.ycombinator.com/companies/secoda,Secoda is the AI layer for your Analytics,Summer 2021,,Active,Artificial Intelligence,Y Combinator,https://yc-oss.github.io/api/tags/artificial-intelligence.json
1.0,STARTUP,SalaryBox,salarybox,https://salarybox.in/,https://www.ycombinator.com/companies/salarybox,Gusto for India,Summer 2021,,Active,Artificial Intelligence,Y Combinator,https://yc-oss.github.io/api/tags/artificial-intelligence.json
1.0,STARTUP,Sentiyen,sentiyen,https://www.sentiyen.com,https://www.ycombinator.com/companies/sentiyen,Conversational AI assistants using your knowledge,Summer 2021,,Active,Artificial Intelligence,Y Combinator,https://yc-oss.github.io/api/tags/artificial-intelligence.json
1.0,STARTUP,SenpAI.GG,senpai-gg,https://senpai.gg/,https://www.ycombinator.com/companies/senpai-gg,Personal gaming coach for PC gamers globally ,Summer 2021,,Inactive,Artificial Intelligence,Y Combinator,https://yc-oss.github.io/api/tags/artificial-intelligence.json
1.0,STARTUP,Warpfy,warpfy,https://warpfy.com/,https://www.ycombinator.com/companies/warpfy,"Building Shein of Home: tech-driven, design-mfr Home Lifestyle Brand",Summer 2021,,Active,Artificial Intelligence,Y Combinator,https://yc-oss.github.io/api/tags/artificial-intelligence.json
1.0,STARTUP,DigiBuild,digibuild,https://digibuild.com,https://www.ycombinator.com/companies/digibuild,We buy & track building materials for construction companies.,Summer 2021,,Active,Artificial Intelligence,Y Combinator,https://yc-oss.github.io/api/tags/artificial-intelligence.json
1.0,STARTUP,Milky Way AI,milky-way-ai,https://milkyway.ai/,https://www.ycombinator.com/companies/milky-way-ai,Mobile app for CPG brands to connect to millions of stores globally,Summer 2021,,Inactive,Artificial Intelligence,Y Combinator,https://yc-oss.github.io/api/tags/artificial-intelligence.json
1.0,STARTUP,OneSchema,oneschema,https://www.oneschema.co,https://www.ycombinator.com/companies/oneschema,AI Agents for Data Operations,Summer 2021,,Active,Artificial Intelligence,Y Combinator,https://yc-oss.github.io/api/tags/artificial-intelligence.json
1.0,STARTUP,Mine,mine,https://usemine.com/,https://www.ycombinator.com/companies/mine,The AI personal finance company. ,Summer 2021,,Inactive,Artificial Intelligence,Y Combinator,https://yc-oss.github.io/api/tags/artificial-intelligence.json
1.0,STARTUP,Zensors,zensors-inc,https://www.zensors.com,https://www.ycombinator.com/companies/zensors-inc,AI to understand and automates the physical world,Summer 2021,,Active,Artificial Intelligence,Y Combinator,https://yc-oss.github.io/api/tags/artificial-intelligence.json
1.0,STARTUP,aSim,asim,https://asim.sh/,https://www.ycombinator.com/companies/asim,Build and share apps with friends,Summer 2021,,Active,Artificial Intelligence,Y Combinator,https://yc-oss.github.io/api/tags/artificial-intelligence.json
1.0,STARTUP,Mentum,mentum,http://getmentum.com,https://www.ycombinator.com/companies/mentum,AI-Powered Assistant for Procurement and Strategic Sourcing,Summer 2021,,Acquired,Artificial Intelligence,Y Combinator,https://yc-oss.github.io/api/tags/artificial-intelligence.json
1.0,STARTUP,Writesonic,writesonic,https://writesonic.com/,https://www.ycombinator.com/companies/writesonic,Track & Boost Your Brand’s Visibility in AI Search,Summer 2021,,Active,Artificial Intelligence,Y Combinator,https://yc-oss.github.io/api/tags/artificial-intelligence.json
1.0,STARTUP,Revery AI,revery-ai,https://revery.ai,https://www.ycombinator.com/companies/revery-ai,Tiktok for fashion - where designers show their work + build traction,Summer 2021,,Inactive,Artificial Intelligence,Y Combinator,https://yc-oss.github.io/api/tags/artificial-intelligence.json
1.0,STARTUP,Tenyks,tenyks,http://tenyks.ai/,https://www.ycombinator.com/companies/tenyks,The World's Most Versatile Video Answering Engine ,Summer 2021,,Active,Artificial Intelligence,Y Combinator,https://yc-oss.github.io/api/tags/artificial-intelligence.json
1.0,STARTUP,Adni,adni,https://www.adni.co/,https://www.ycombinator.com/companies/adni,The career community for healthcare workers,Summer 2021,,Active,Artificial Intelligence,Y Combinator,https://yc-oss.github.io/api/tags/artificial-intelligence.json
1.0,STARTUP,Hudson Labs (formerly Bedrock AI),hudson-labs,https://www.hudson-labs.com/,https://www.ycombinator.com/companies/hudson-labs,AI-powered equity research software,Summer 2021,,Active,Artificial Intelligence,Y Combinator,https://yc-oss.github.io/api/tags/artificial-intelligence.json
1.0,STARTUP,Vibe Kanban,vibe-kanban,https://vibekanban.com,https://www.ycombinator.com/companies/vibe-kanban,Plan and review AI generated code,Summer 2021,,Active,Artificial Intelligence,Y Combinator,https://yc-oss.github.io/api/tags/artificial-intelligence.json
1.0,STARTUP,Caire Health,caire-health,http://cairehealth.com,https://www.ycombinator.com/companies/caire-health,Semi-Autonomous Diagnostics for Emergent Care,Summer 2021,,Active,Artificial Intelligence,Y Combinator,https://yc-oss.github.io/api/tags/artificial-intelligence.json
1.0,STARTUP,Squire.ai,squire-ai,https://squire.ai,https://www.ycombinator.com/companies/squire-ai,Never code alone.,Summer 2021,,Inactive,Artificial Intelligence,Y Combinator,https://yc-oss.github.io/api/tags/artificial-intelligence.json
1.0,STARTUP,Spoken,spoken,http://www.spoken.io,https://www.ycombinator.com/companies/spoken,Never overpay online,Summer 2021,,Inactive,Artificial Intelligence,Y Combinator,https://yc-oss.github.io/api/tags/artificial-intelligence.json
1.0,STARTUP,Adravision,adravision,https://www.adra.ai,https://www.ycombinator.com/companies/adravision,Automation for dental clinics and insurance companies.,Summer 2021,,Active,Artificial Intelligence,Y Combinator,https://yc-oss.github.io/api/tags/artificial-intelligence.json
1.0,STARTUP,Medium Biosciences,medium-biosciences,http://medium.bio,https://www.ycombinator.com/companies/medium-biosciences,AI-designed Affinity Reagents,Summer 2021,,Active,Artificial Intelligence,Y Combinator,https://yc-oss.github.io/api/tags/artificial-intelligence.json
1.0,STARTUP,Safer Management,safer-management,https://www.safermgmt.com/,https://www.ycombinator.com/companies/safer-management,Student Attendance tracking for Public Schools,Summer 2021,,Active,Artificial Intelligence,Y Combinator,https://yc-oss.github.io/api/tags/artificial-intelligence.json
1.0,STARTUP,Sully.ai,sully-ai,https://www.sully.ai,https://www.ycombinator.com/companies/sully-ai,Autonomous team of AI agents that runs the entire hospital operations,Summer 2021,,Active,Artificial Intelligence,Y Combinator,https://yc-oss.github.io/api/tags/artificial-intelligence.json
1.0,STARTUP,Andi,andi,https://AndiAI.com,https://www.ycombinator.com/companies/andi,AI Search for the Next Generation,Winter 2022,,Active,Artificial Intelligence,Y Combinator,https://yc-oss.github.io/api/tags/artificial-intelligence.json
1.0,STARTUP,TigerEye,tigereye,http://tigereye.com/,https://www.ycombinator.com/companies/tigereye,AI for Construction,Summer 2022,,Acquired,Artificial Intelligence,Y Combinator,https://yc-oss.github.io/api/tags/artificial-intelligence.json
1.0,STARTUP,Moots,moots,https://www.moots.ai/,https://www.ycombinator.com/companies/moots,The guest intelligence platform for high-value client events,Winter 2022,,Active,Artificial Intelligence,Y Combinator,https://yc-oss.github.io/api/tags/artificial-intelligence.json
1.0,STARTUP,Capuchin,capuchin,https://capuchin.ai/,https://www.ycombinator.com/companies/capuchin,Search and automation for engineer-to-order companies,Winter 2022,,Active,Artificial Intelligence,Y Combinator,https://yc-oss.github.io/api/tags/artificial-intelligence.json
1.0,STARTUP,Trellus,trellus,https://www.trellus.ai,https://www.ycombinator.com/companies/trellus,Real-time sales coach for SDRs ,Winter 2022,,Active,Artificial Intelligence,Y Combinator,https://yc-oss.github.io/api/tags/artificial-intelligence.json
1.0,STARTUP,WeReno,wereno,https://WeReno.com,https://www.ycombinator.com/companies/wereno,AI owner's representative for commercial construction and renovations.,Winter 2022,,Active,Artificial Intelligence,Y Combinator,https://yc-oss.github.io/api/tags/artificial-intelligence.json
1.0,STARTUP,PromptLoop,promptloop,https://www.promptloop.com/,https://www.ycombinator.com/companies/promptloop,AI agents to build B2B datasets,Winter 2022,,Active,Artificial Intelligence,Y Combinator,https://yc-oss.github.io/api/tags/artificial-intelligence.json
1.0,STARTUP,Cozmo AI,cozmo-ai,https://www.hellocozmo.ai/,https://www.ycombinator.com/companies/cozmo-ai,"End-to-end AI agents for property claims, from loss report to estimate",Winter 2022,,Active,Artificial Intelligence,Y Combinator,https://yc-oss.github.io/api/tags/artificial-intelligence.json
1.0,STARTUP,Sota2,sota2,https://www.sota2.com,https://www.ycombinator.com/companies/sota2,Help business find and discover AI solutions,Winter 2022,,Active,Artificial Intelligence,Y Combinator,https://yc-oss.github.io/api/tags/artificial-intelligence.json
1.0,STARTUP,Stably AI (Orca),stably-ai-orca,http://onorca.dev/,https://www.ycombinator.com/companies/stably-ai-orca,"We make Orca, MIT open source terminal-based agent orchestrator",Winter 2022,,Active,Artificial Intelligence,Y Combinator,https://yc-oss.github.io/api/tags/artificial-intelligence.json
1.0,STARTUP,CoffeeAI,coffeeai,https://www.get-coffee.ai,https://www.ycombinator.com/companies/coffeeai,"Instant, hyper-personalized, AI-powered outreach messages",Winter 2022,,Inactive,Artificial Intelligence,Y Combinator,https://yc-oss.github.io/api/tags/artificial-intelligence.json
1.0,STARTUP,InferEdge,inferedge,https://www.inferedge.com,https://www.ycombinator.com/companies/inferedge,Agentic AI for buy-side firms,Winter 2022,,Active,Artificial Intelligence,Y Combinator,https://yc-oss.github.io/api/tags/artificial-intelligence.json
1.0,STARTUP,Industrial Next,industrial-next,https://www.industrialnext.ai,https://www.ycombinator.com/companies/industrial-next,IndustrialNext builds the AI brain for manufacturing –…,Winter 2022,,Active,Artificial Intelligence,Y Combinator,https://yc-oss.github.io/api/tags/artificial-intelligence.json
1.0,STARTUP,Rownd,rownd,https://rownd.ai,https://www.ycombinator.com/companies/rownd,Fully autonomous defense solutions for the global edge.,Winter 2022,,Active,Artificial Intelligence,Y Combinator,https://yc-oss.github.io/api/tags/artificial-intelligence.json
1.0,STARTUP,Kaso,kaso,https://www.kaso.ai,https://www.ycombinator.com/companies/kaso,AI group purchasing for restaurants,Winter 2022,,Active,Artificial Intelligence,Y Combinator,https://yc-oss.github.io/api/tags/artificial-intelligence.json
1.0,STARTUP,Iron Leap,iron-leap,https://getironleap.io/,https://www.ycombinator.com/companies/iron-leap,Enteprise AI,Winter 2022,,Active,Artificial Intelligence,Y Combinator,https://yc-oss.github.io/api/tags/artificial-intelligence.json
1.0,STARTUP,Unlayer,unlayer,https://unlayer.com,https://www.ycombinator.com/companies/unlayer,AI-powered content creation infrastructure for apps,Winter 2022,,Active,Artificial Intelligence,Y Combinator,https://yc-oss.github.io/api/tags/artificial-intelligence.json
1.0,STARTUP,Fintelite,fintelite,http://www.fintelite.ai,https://www.ycombinator.com/companies/fintelite,Intelligent Process Automation for Lending.,Winter 2022,,Active,Artificial Intelligence,Y Combinator,https://yc-oss.github.io/api/tags/artificial-intelligence.json
1.0,STARTUP,MosaicVoice,mosaicvoice,https://mosaicvoice.ai/,https://www.ycombinator.com/companies/mosaicvoice,We make it simple for call centers to automate quality assurance.,Winter 2022,,Active,Artificial Intelligence,Y Combinator,https://yc-oss.github.io/api/tags/artificial-intelligence.json
1.0,STARTUP,Beam,beam,https://beam.cloud,https://www.ycombinator.com/companies/beam,AI-Native Cloud Platform,Winter 2022,,Active,Artificial Intelligence,Y Combinator,https://yc-oss.github.io/api/tags/artificial-intelligence.json
1.0,STARTUP,Sophys,sophys,https://www.sophyshealth.com/,https://www.ycombinator.com/companies/sophys,AI Agents for Healthcare Intake,Winter 2022,,Active,Artificial Intelligence,Y Combinator,https://yc-oss.github.io/api/tags/artificial-intelligence.json
1.0,STARTUP,Armilla AI,armilla-ai,http://www.armilla.ai,https://www.ycombinator.com/companies/armilla-ai,Liability insurance for generative AI and AI Agents ,Winter 2022,,Active,Artificial Intelligence,Y Combinator,https://yc-oss.github.io/api/tags/artificial-intelligence.json
1.0,STARTUP,Dart,dart,https://www.dartai.com,https://www.ycombinator.com/companies/dart,The work and agent management platform,Winter 2022,,Active,Artificial Intelligence,Y Combinator,https://yc-oss.github.io/api/tags/artificial-intelligence.json
1.0,STARTUP,Emobi,emobi,https://www.emobi.ai,https://www.ycombinator.com/companies/emobi,A single point integration for secure and automated EV charging.,Winter 2022,,Active,Artificial Intelligence,Y Combinator,https://yc-oss.github.io/api/tags/artificial-intelligence.json
1.0,STARTUP,Reforged Labs,reforged-labs,https://reforgedlabs.com/,https://www.ycombinator.com/companies/reforged-labs,"Turn intuition into insights, in minutes",Winter 2022,,Active,Artificial Intelligence,Y Combinator,https://yc-oss.github.io/api/tags/artificial-intelligence.json
1.0,STARTUP,T3 Chat,t3-chat,https://t3.chat,https://www.ycombinator.com/companies/t3-chat,The best AI chat you've ever used,Winter 2022,,Active,Artificial Intelligence,Y Combinator,https://yc-oss.github.io/api/tags/artificial-intelligence.json
1.0,STARTUP,Speechly,speechly,https://www.speechly.com/,https://www.ycombinator.com/companies/speechly,Natural Language Understanding API for Speech that runs on device,Winter 2022,,Acquired,Artificial Intelligence,Y Combinator,https://yc-oss.github.io/api/tags/artificial-intelligence.json
1.0,STARTUP,SkyLink,skylink,http://www.tryskylink.com,https://www.ycombinator.com/companies/skylink,Travel Management Meets AI,Winter 2022,,Acquired,Artificial Intelligence,Y Combinator,https://yc-oss.github.io/api/tags/artificial-intelligence.json
1.0,STARTUP,RefineTrain AI,refinetrain-ai,https://www.refinetrain.ai/,https://www.ycombinator.com/companies/refinetrain-ai,AI agents rewriting & optimising your internal documentation for LLMs,Winter 2022,,Active,Artificial Intelligence,Y Combinator,https://yc-oss.github.io/api/tags/artificial-intelligence.json
1.0,STARTUP,NearWave,nearwave,http://nearwave.co,https://www.ycombinator.com/companies/nearwave,Helping physicians select the right therapy for breast cancer patients,Winter 2022,,Active,Artificial Intelligence,Y Combinator,https://yc-oss.github.io/api/tags/artificial-intelligence.json
1.0,STARTUP,Siftly,siftly,https://siftly.ai/,https://www.ycombinator.com/companies/siftly,Get your brand discovered and recommended by ChatGPT,Winter 2022,,Active,Artificial Intelligence,Y Combinator,https://yc-oss.github.io/api/tags/artificial-intelligence.json
1.0,STARTUP,Cogram,cogram,https://cogram.com,https://www.ycombinator.com/companies/cogram,"The AI Platform for Architects, Builders, and Engineers",Winter 2022,,Active,Artificial Intelligence,Y Combinator,https://yc-oss.github.io/api/tags/artificial-intelligence.json
1.0,STARTUP,Cotera,cotera,https://cotera.co,https://www.ycombinator.com/companies/cotera,The fastest way to build an AI agent,Winter 2022,,Active,Artificial Intelligence,Y Combinator,https://yc-oss.github.io/api/tags/artificial-intelligence.json
1.0,STARTUP,Strong Compute,strong-compute,https://strongcompute.com,https://www.ycombinator.com/companies/strong-compute,10x-1000x faster compute for Neural Network training,Winter 2022,,Active,Artificial Intelligence,Y Combinator,https://yc-oss.github.io/api/tags/artificial-intelligence.json
1.0,STARTUP,"Sendme, Inc",sendme-inc,http://www.sendme.ng,https://www.ycombinator.com/companies/sendme-inc,On demand provider of meat to households and food businesses,Winter 2022,,Inactive,Artificial Intelligence,Y Combinator,https://yc-oss.github.io/api/tags/artificial-intelligence.json
1.0,STARTUP,goodfin,goodfin,http://www.goodfin.com,https://www.ycombinator.com/companies/goodfin,Building the next generation of wealth,Winter 2022,,Active,Artificial Intelligence,Y Combinator,https://yc-oss.github.io/api/tags/artificial-intelligence.json
1.0,STARTUP,Broccoli AI,broccoli-ai,https://www.broccoli.com/,https://www.ycombinator.com/companies/broccoli-ai,AI-native operating system for home service businesses,Winter 2022,,Active,Artificial Intelligence,Y Combinator,https://yc-oss.github.io/api/tags/artificial-intelligence.json
1.0,STARTUP,Theneo,theneo,https://theneo.io,https://www.ycombinator.com/companies/theneo,Stripe-like API Docs in just a few clicks,Winter 2022,,Active,Artificial Intelligence,Y Combinator,https://yc-oss.github.io/api/tags/artificial-intelligence.json
1.0,STARTUP,AvairSense,avairsense,https://www.avairsense.com/,https://www.ycombinator.com/companies/avairsense,We go all out to Build the Smartest AI-Enabled Cameras!,Winter 2022,,Inactive,Artificial Intelligence,Y Combinator,https://yc-oss.github.io/api/tags/artificial-intelligence.json
1.0,STARTUP,IoTFlows Inc,iotflows-inc,https://www.iotflows.com/,https://www.ycombinator.com/companies/iotflows-inc,Plug-and-play AI platform with sensors and dashboards that makes…,Winter 2022,,Active,Artificial Intelligence,Y Combinator,https://yc-oss.github.io/api/tags/artificial-intelligence.json
1.0,STARTUP,HOAi,hoai,https://www.hoai.com,https://www.ycombinator.com/companies/hoai,AI agent for community management,Winter 2022,,Acquired,Artificial Intelligence,Y Combinator,https://yc-oss.github.io/api/tags/artificial-intelligence.json
1.0,STARTUP,Spade,spade,https://www.spade.com,https://www.ycombinator.com/companies/spade,Spade is the data and AI platform for modern finance.,Winter 2022,,Active,Artificial Intelligence,Y Combinator,https://yc-oss.github.io/api/tags/artificial-intelligence.json
1.0,STARTUP,Housewarming,housewarming,https://housewarming.me,https://www.ycombinator.com/companies/housewarming,Share casual moments with the people you care about,Winter 2022,,Active,Artificial Intelligence,Y Combinator,https://yc-oss.github.io/api/tags/artificial-intelligence.json
1.0,STARTUP,RTHM,rthm,https://www.rthm.com,https://www.ycombinator.com/companies/rthm,Self-learning care for complex illness,Winter 2022,,Active,Artificial Intelligence,Y Combinator,https://yc-oss.github.io/api/tags/artificial-intelligence.json
1.0,STARTUP,Humand,humand,https://humand.co,https://www.ycombinator.com/companies/humand,All-in-one app for internal communication and HR,Winter 2022,,Active,Artificial Intelligence,Y Combinator,https://yc-oss.github.io/api/tags/artificial-intelligence.json
1.0,STARTUP,Postal,postal,https://usepostal.com,https://www.ycombinator.com/companies/postal,An AI native virtual address & mailroom for businesses.,Winter 2022,,Active,Artificial Intelligence,Y Combinator,https://yc-oss.github.io/api/tags/artificial-intelligence.json
1.0,STARTUP,AYC Fund,ayc-fund,http://www.AYCFund.com/,https://www.ycombinator.com/companies/ayc-fund,AI-native crypto hedge fund,Winter 2022,,Active,Artificial Intelligence,Y Combinator,https://yc-oss.github.io/api/tags/artificial-intelligence.json
1.0,STARTUP,Heptabase,heptabase,https://heptabase.com/,https://www.ycombinator.com/companies/heptabase,"An intelligent, visual knowledge base for learning complex topics.",Winter 2022,,Active,Artificial Intelligence,Y Combinator,https://yc-oss.github.io/api/tags/artificial-intelligence.json
1.0,STARTUP,Nara,nara,https://trynara.com,https://www.ycombinator.com/companies/nara,Answer 70% of your support and sales questions. Instantly,Winter 2022,,Acquired,Artificial Intelligence,Y Combinator,https://yc-oss.github.io/api/tags/artificial-intelligence.json
1.0,STARTUP,Query Vary,query-vary,https://queryvary.com,https://www.ycombinator.com/companies/query-vary,No-Code LLM Application / Workflow Builder,Winter 2022,,Active,Artificial Intelligence,Y Combinator,https://yc-oss.github.io/api/tags/artificial-intelligence.json
1.0,STARTUP,Impossible Metals,impossible-metals,https://impossiblemetals.com,https://www.ycombinator.com/companies/impossible-metals,Underwater robotic vehicles that collect  battery metals responsibly,Winter 2022,,Active,Artificial Intelligence,Y Combinator,https://yc-oss.github.io/api/tags/artificial-intelligence.json
1.0,STARTUP,Cellbyte,cellbyte,https://www.cellbyte.com/,https://www.ycombinator.com/companies/cellbyte,AI Agents for Pharma Drug Launches,Winter 2022,,Active,Artificial Intelligence,Y Combinator,https://yc-oss.github.io/api/tags/artificial-intelligence.json
1.0,STARTUP,GovDash,govdash,https://govdash.com/,https://www.ycombinator.com/companies/govdash,AI platform to win and run government contracts,Winter 2022,,Active,Artificial Intelligence,Y Combinator,https://yc-oss.github.io/api/tags/artificial-intelligence.json
1.0,STARTUP,KorrAI,korrai,https://www.korrai.com,https://www.ycombinator.com/companies/korrai,Traceable AI for billion-dollar infrastructure.,Winter 2022,,Active,Artificial Intelligence,Y Combinator,https://yc-oss.github.io/api/tags/artificial-intelligence.json
1.0,STARTUP,Flike,flike,https://flike.app/,https://www.ycombinator.com/companies/flike,Flike's AI crafts sales emails that convert,Winter 2022,,Inactive,Artificial Intelligence,Y Combinator,https://yc-oss.github.io/api/tags/artificial-intelligence.json
1.0,STARTUP,Reality Defender,reality-defender,http://www.realitydefender.com,https://www.ycombinator.com/companies/reality-defender,Enterprise Deepfake Detection,Winter 2022,,Active,Artificial Intelligence,Y Combinator,https://yc-oss.github.io/api/tags/artificial-intelligence.json
1.0,STARTUP,WhiteLab Genomics,whitelab-genomics,https://whitelabgx.com,https://www.ycombinator.com/companies/whitelab-genomics,Unleashing the potential of DNA and RNA based therapies using AI,Winter 2022,,Active,Artificial Intelligence,Y Combinator,https://yc-oss.github.io/api/tags/artificial-intelligence.json
1.0,STARTUP,Elessar,elessar,https://www.getelessar.com/,https://www.ycombinator.com/companies/elessar,AI-powered engineering productivity tools,Summer 2022,,Active,Artificial Intelligence,Y Combinator,https://yc-oss.github.io/api/tags/artificial-intelligence.json
1.0,STARTUP,Julius,julius,https://julius.ai,https://www.ycombinator.com/companies/julius,Build and analyze things with AI,Summer 2022,,Active,Artificial Intelligence,Y Combinator,https://yc-oss.github.io/api/tags/artificial-intelligence.json
1.0,STARTUP,Ciro,ciro,https://www.ciro.io/,https://www.ycombinator.com/companies/ciro,GTM AI that books you 5-8 meetings/week,Summer 2022,,Active,Artificial Intelligence,Y Combinator,https://yc-oss.github.io/api/tags/artificial-intelligence.json
1.0,STARTUP,Truva,truva,https://www.truva.ai/,https://www.ycombinator.com/companies/truva,Sell more. Grind less with AI agents.,Summer 2022,,Acquired,Artificial Intelligence,Y Combinator,https://yc-oss.github.io/api/tags/artificial-intelligence.json
1.0,STARTUP,Two Dots,two-dots,https://www.twodots.com,https://www.ycombinator.com/companies/two-dots,AI fraud prevention and underwriting agent,Summer 2022,,Active,Artificial Intelligence,Y Combinator,https://yc-oss.github.io/api/tags/artificial-intelligence.json
1.0,STARTUP,Bunting Labs,bunting-labs,https://buntinglabs.com,https://www.ycombinator.com/companies/bunting-labs,AI Models for GIS,Summer 2022,,Active,Artificial Intelligence,Y Combinator,https://yc-oss.github.io/api/tags/artificial-intelligence.json
1.0,STARTUP,Cerrion,cerrion,https://www.cerrion.com/,https://www.ycombinator.com/companies/cerrion,Video AI to automatically detect and respond to production line…,Summer 2022,,Active,Artificial Intelligence,Y Combinator,https://yc-oss.github.io/api/tags/artificial-intelligence.json
1.0,STARTUP,Champ,champ,https://trychamp.co/,https://www.ycombinator.com/companies/champ,AI SDR,Summer 2022,,Active,Artificial Intelligence,Y Combinator,https://yc-oss.github.io/api/tags/artificial-intelligence.json
1.0,STARTUP,Roxels,roxels,https://www.roxels.ai/,https://www.ycombinator.com/companies/roxels,"Founder-level assistance whenever customers need it, at scale",Summer 2022,,Active,Artificial Intelligence,Y Combinator,https://yc-oss.github.io/api/tags/artificial-intelligence.json
1.0,STARTUP,Fetii,fetii,https://www.fetii.com/,https://www.ycombinator.com/companies/fetii,Fetii is an AI-driven mobility platform,Summer 2022,,Active,Artificial Intelligence,Y Combinator,https://yc-oss.github.io/api/tags/artificial-intelligence.json
1.0,STARTUP,Craze,craze,https://www.craze.ai/?utm_source=yc,https://www.ycombinator.com/companies/craze,The AI Video Maker,Summer 2022,,Active,Artificial Intelligence,Y Combinator,https://yc-oss.github.io/api/tags/artificial-intelligence.json
1.0,STARTUP,NuMind,numind,https://www.numind.ai,https://www.ycombinator.com/companies/numind,Create custom NLP models,Summer 2022,,Active,Artificial Intelligence,Y Combinator,https://yc-oss.github.io/api/tags/artificial-intelligence.json
1.0,STARTUP,Overwatch,overwatch,http://www.overwatchdata.ai,https://www.ycombinator.com/companies/overwatch,Enterprise software for enterprise risk and cyber fraud intelligence,Summer 2022,,Active,Artificial Intelligence,Y Combinator,https://yc-oss.github.io/api/tags/artificial-intelligence.json
1.0,STARTUP,Raven,raven,https://startraven.com,https://www.ycombinator.com/companies/raven,AI Assistants for Manufacturing Operations,Summer 2022,,Active,Artificial Intelligence,Y Combinator,https://yc-oss.github.io/api/tags/artificial-intelligence.json
1.0,STARTUP,Flair Labs,flair-labs,https://www.flairlabs.ai/,https://www.ycombinator.com/companies/flair-labs,AI workforce for mortgage,Summer 2022,,Active,Artificial Intelligence,Y Combinator,https://yc-oss.github.io/api/tags/artificial-intelligence.json
1.0,STARTUP,Unify,unify,https://unify.ai,https://www.ycombinator.com/companies/unify,AI teammates for everyone else 🤖,Winter 2023,,Active,Artificial Intelligence,Y Combinator,https://yc-oss.github.io/api/tags/artificial-intelligence.json
1.0,STARTUP,Typewise,typewise,https://typewise.app,https://www.ycombinator.com/companies/typewise,Customer service AI that resolves requests end-to-end.,Summer 2022,,Active,Artificial Intelligence,Y Combinator,https://yc-oss.github.io/api/tags/artificial-intelligence.json
1.0,STARTUP,NewsCatcher,newscatcher,https://newscatcherapi.com/,https://www.ycombinator.com/companies/newscatcher,Turning the web into a structured database of real world events.,Summer 2022,,Active,Artificial Intelligence,Y Combinator,https://yc-oss.github.io/api/tags/artificial-intelligence.json
1.0,STARTUP,100x,100x,https://100x.bot?utm_source=inbound&utm_medium=bookface&utm_campaign=yc&utm_id=122,https://www.ycombinator.com/companies/100x,"Create, Share, and Monetize AI Agents",Summer 2022,,Active,Artificial Intelligence,Y Combinator,https://yc-oss.github.io/api/tags/artificial-intelligence.json
1.0,STARTUP,Thera,thera,https://www.getthera.com,https://www.ycombinator.com/companies/thera,AI-Native Finance OS,Summer 2022,,Active,Artificial Intelligence,Y Combinator,https://yc-oss.github.io/api/tags/artificial-intelligence.json
1.0,STARTUP,Peoplebox.ai,peoplebox,https://www.peoplebox.ai,https://www.ycombinator.com/companies/peoplebox,"AI talent platform to hire, manage, and grow your people ",Summer 2022,,Active,Artificial Intelligence,Y Combinator,https://yc-oss.github.io/api/tags/artificial-intelligence.json
1.0,STARTUP,Coris,coris,https://coris.ai/,https://www.ycombinator.com/companies/coris,"AI risk and ops platform for Payment Processors, Banks, SaaS…",Summer 2022,,Active,Artificial Intelligence,Y Combinator,https://yc-oss.github.io/api/tags/artificial-intelligence.json
1.0,STARTUP,AnythingLLM,anythingllm,https://anythingllm.com,https://www.ycombinator.com/companies/anythingllm,Building the definitive all-in-one on-device AI productivity tool,Summer 2022,,Active,Artificial Intelligence,Y Combinator,https://yc-oss.github.io/api/tags/artificial-intelligence.json
1.0,STARTUP,FlyCode,flycode,https://www.flycode.com,https://www.ycombinator.com/companies/flycode,Recover failed subscription payments to increase retention and LTV,Summer 2022,,Active,Artificial Intelligence,Y Combinator,https://yc-oss.github.io/api/tags/artificial-intelligence.json
1.0,STARTUP,Maya Labs,maya-labs,https://mayalabs.io,https://www.ycombinator.com/companies/maya-labs,Building self-programming machines,Summer 2022,,Active,Artificial Intelligence,Y Combinator,https://yc-oss.github.io/api/tags/artificial-intelligence.json
1.0,STARTUP,Rima AI (formerly Garage),rima-ai,https://www.getrima.ai,https://www.ycombinator.com/companies/rima-ai,Document and spreadsheet automation for accountants,Summer 2022,,Active,Artificial Intelligence,Y Combinator,https://yc-oss.github.io/api/tags/artificial-intelligence.json
1.0,STARTUP,Quinn,quinn,https://www.quinnbio.com,https://www.ycombinator.com/companies/quinn,"Your biopharma team, from molecule design to portfolio strategy",Summer 2022,,Active,Artificial Intelligence,Y Combinator,https://yc-oss.github.io/api/tags/artificial-intelligence.json
1.0,STARTUP,Cobbery,cobbery,https://cobbery.com,https://www.ycombinator.com/companies/cobbery,Superpowers for litigators,Summer 2022,,Active,Artificial Intelligence,Y Combinator,https://yc-oss.github.io/api/tags/artificial-intelligence.json
1.0,STARTUP,Feather,feather-2,https://featherhq.com,https://www.ycombinator.com/companies/feather-2,Voice AI,Summer 2022,,Active,Artificial Intelligence,Y Combinator,https://yc-oss.github.io/api/tags/artificial-intelligence.json
1.0,STARTUP,Artemis Search,artemis-search,https://search-artemis.com/,https://www.ycombinator.com/companies/artemis-search,A search technology that actually finds what you’re looking for.,Summer 2022,,Active,Artificial Intelligence,Y Combinator,https://yc-oss.github.io/api/tags/artificial-intelligence.json
1.0,STARTUP,Unthread,unthread,https://unthread.io,https://www.ycombinator.com/companies/unthread,Automate support ops natively in Slack,Summer 2022,,Active,Artificial Intelligence,Y Combinator,https://yc-oss.github.io/api/tags/artificial-intelligence.json
1.0,STARTUP,HOMLI,homli,https://thehomli.com,https://www.ycombinator.com/companies/homli,Sell your home without brokers,Summer 2022,,Active,Artificial Intelligence,Y Combinator,https://yc-oss.github.io/api/tags/artificial-intelligence.json
1.0,STARTUP,Jasmine Energy,jasmine-energy,http://www.jasmine.energy,https://www.ycombinator.com/companies/jasmine-energy,Claim solar incentives with AI,Summer 2022,,Inactive,Artificial Intelligence,Y Combinator,https://yc-oss.github.io/api/tags/artificial-intelligence.json
1.0,STARTUP,Wondercraft,wondercraft,https://wondercraft.ai/,https://www.ycombinator.com/companies/wondercraft,Create video by chatting to AI,Summer 2022,,Active,Artificial Intelligence,Y Combinator,https://yc-oss.github.io/api/tags/artificial-intelligence.json
1.0,STARTUP,Clearline,clearline,https://useclearline.com,https://www.ycombinator.com/companies/clearline,AI for modern automotive dealerships,Summer 2022,,Active,Artificial Intelligence,Y Combinator,https://yc-oss.github.io/api/tags/artificial-intelligence.json
1.0,STARTUP,Monterey AI,monterey-ai,http://www.monterey.ai,https://www.ycombinator.com/companies/monterey-ai,Turn user feedback to product insights,Summer 2022,,Acquired,Artificial Intelligence,Y Combinator,https://yc-oss.github.io/api/tags/artificial-intelligence.json
1.0,STARTUP,Pump.co,pump-co,https://www.pump.co/,https://www.ycombinator.com/companies/pump-co,The Costco for cloud is here 🔥🔥,Summer 2022,,Active,Artificial Intelligence,Y Combinator,https://yc-oss.github.io/api/tags/artificial-intelligence.json
1.0,STARTUP,Knowtex,knowtex,http://www.knowtex.ai/,https://www.ycombinator.com/companies/knowtex,Making doctors 2x more efficient with AI note-taking & charge capture,Summer 2022,,Active,Artificial Intelligence,Y Combinator,https://yc-oss.github.io/api/tags/artificial-intelligence.json
1.0,STARTUP,CAPSULE,capsule,https://www.shopcapsule.ai/,https://www.ycombinator.com/companies/capsule,Buy anything you find on social media,Summer 2022,,Inactive,Artificial Intelligence,Y Combinator,https://yc-oss.github.io/api/tags/artificial-intelligence.json
1.0,STARTUP,InVision Medical Technology,invision-medical-technology,http://invisionmedtech.com/,https://www.ycombinator.com/companies/invision-medical-technology,AI Diagnosis of  Heart Disease,Summer 2022,,Active,Artificial Intelligence,Y Combinator,https://yc-oss.github.io/api/tags/artificial-intelligence.json
1.0,STARTUP,Cambio,cambio-2,https://www.cambio.ai/,https://www.ycombinator.com/companies/cambio-2,AI-native commercial real estate operations,Summer 2022,,Active,Artificial Intelligence,Y Combinator,https://yc-oss.github.io/api/tags/artificial-intelligence.json
1.0,STARTUP,Axle,axle,https://axle.insure,https://www.ycombinator.com/companies/axle,AI-native clearinghouse for insurance,Summer 2022,,Active,Artificial Intelligence,Y Combinator,https://yc-oss.github.io/api/tags/artificial-intelligence.json
1.0,STARTUP,Chima,chima,https://www.withchima.com/,https://www.ycombinator.com/companies/chima,Building infrastructure tools to help large companies customize their…,Winter 2023,,Active,Artificial Intelligence,Y Combinator,https://yc-oss.github.io/api/tags/artificial-intelligence.json
1.0,STARTUP,Integrated Reasoning,integrated-reasoning,https://integrated-reasoning.com,https://www.ycombinator.com/companies/integrated-reasoning,Faster processors for solving NP-complete problems,Summer 2022,,Active,Artificial Intelligence,Y Combinator,https://yc-oss.github.io/api/tags/artificial-intelligence.json
1.0,STARTUP,Dev Tools AI,dev-tools-ai,https://dev-tools.ai,https://www.ycombinator.com/companies/dev-tools-ai,AI powered web & mobile automation,Summer 2022,,Inactive,Artificial Intelligence,Y Combinator,https://yc-oss.github.io/api/tags/artificial-intelligence.json
1.0,STARTUP,Rubbrband,rubbrband,https://rubbrband.com,https://www.ycombinator.com/companies/rubbrband,A new kind of creative company.,Winter 2023,,Active,Artificial Intelligence,Y Combinator,https://yc-oss.github.io/api/tags/artificial-intelligence.json
1.0,STARTUP,Reflex,reflex,https://reflex.dev,https://www.ycombinator.com/companies/reflex,The operating system for building mission-critical enterprise apps.,Winter 2023,,Active,Artificial Intelligence,Y Combinator,https://yc-oss.github.io/api/tags/artificial-intelligence.json
1.0,STARTUP,Linum,linum,https://www.linum.ai/,https://www.ycombinator.com/companies/linum,"type text, dream video",Winter 2023,,Active,Artificial Intelligence,Y Combinator,https://yc-oss.github.io/api/tags/artificial-intelligence.json
1.0,STARTUP,Layup,layup,http://www.layuplabs.ai,https://www.ycombinator.com/companies/layup,Guide your users. Right in your product.,Winter 2023,,Inactive,Artificial Intelligence,Y Combinator,https://yc-oss.github.io/api/tags/artificial-intelligence.json
1.0,STARTUP,Credal.ai,credal-ai,https://credal.ai,https://www.ycombinator.com/companies/credal-ai,The Control Plane for Enterprise Agents,Winter 2023,,Active,Artificial Intelligence,Y Combinator,https://yc-oss.github.io/api/tags/artificial-intelligence.json
1.0,STARTUP,Rollstack,rollstack-2,https://www.rollstack.com,https://www.ycombinator.com/companies/rollstack-2,Automate data-driven slide decks and documents with AI,Winter 2023,,Active,Artificial Intelligence,Y Combinator,https://yc-oss.github.io/api/tags/artificial-intelligence.json
1.0,STARTUP,Novelcare,novelcare,https://www.novel.care,https://www.ycombinator.com/companies/novelcare,Empowering every doctor and every patient to participate in research,Winter 2023,,Active,Artificial Intelligence,Y Combinator,https://yc-oss.github.io/api/tags/artificial-intelligence.json
1.0,STARTUP,Concourse,concourse,https://concourse.ai/,https://www.ycombinator.com/companies/concourse,The AI Agent platform for finance,Winter 2023,,Active,Artificial Intelligence,Y Combinator,https://yc-oss.github.io/api/tags/artificial-intelligence.json
1.0,STARTUP,Latent,latent,https://latenthealth.com,https://www.ycombinator.com/companies/latent,Medical language models to automate healthcare operations,Winter 2023,,Active,Artificial Intelligence,Y Combinator,https://yc-oss.github.io/api/tags/artificial-intelligence.json
1.0,STARTUP,Lynx,lynx,https://uselynx.ai,https://www.ycombinator.com/companies/lynx,AI platform for investigating and resolving engineering incidents,Winter 2023,,Inactive,Artificial Intelligence,Y Combinator,https://yc-oss.github.io/api/tags/artificial-intelligence.json
1.0,STARTUP,Rubber Ducky Labs,rubber-ducky-labs,https://www.rubberduckylabs.io/,https://www.ycombinator.com/companies/rubber-ducky-labs,AI Powered Product Discovery,Winter 2023,,Inactive,Artificial Intelligence,Y Combinator,https://yc-oss.github.io/api/tags/artificial-intelligence.json
1.0,STARTUP,Pair AI,pair-ai,https://www.pairai.com/,https://www.ycombinator.com/companies/pair-ai,Reimagining education with short form video and AI,Winter 2023,,Active,Artificial Intelligence,Y Combinator,https://yc-oss.github.io/api/tags/artificial-intelligence.json
1.0,STARTUP,Ohm,ohm-2,https://www.ohm.ai,https://www.ycombinator.com/companies/ohm-2,Ohm helps engineering teams accelerate hardware development & testing.,Winter 2023,,Active,Artificial Intelligence,Y Combinator,https://yc-oss.github.io/api/tags/artificial-intelligence.json
1.0,STARTUP,Double – Coding Copilot,double-coding-copilot,https://double.bot,https://www.ycombinator.com/companies/double-coding-copilot,AI coding copilot engineered for performance,Winter 2023,,Active,Artificial Intelligence,Y Combinator,https://yc-oss.github.io/api/tags/artificial-intelligence.json
1.0,STARTUP,Glass Health,glass-health,https://glass.health,https://www.ycombinator.com/companies/glass-health,AI-Powered Clinical Decision Support & Ambient Scribing,Winter 2023,,Active,Artificial Intelligence,Y Combinator,https://yc-oss.github.io/api/tags/artificial-intelligence.json
1.0,STARTUP,Versive,versive,https://www.getversive.com/,https://www.ycombinator.com/companies/versive,AI-first user research platform,Winter 2023,,Active,Artificial Intelligence,Y Combinator,https://yc-oss.github.io/api/tags/artificial-intelligence.json
1.0,STARTUP,Narrative,narrative,https://www.trynarrative.com/,https://www.ycombinator.com/companies/narrative,AI agents for end-to-end testing,Winter 2023,,Active,Artificial Intelligence,Y Combinator,https://yc-oss.github.io/api/tags/artificial-intelligence.json
1.0,STARTUP,Gluetrail,gluetrail,https://www.gluetrail.com,https://www.ycombinator.com/companies/gluetrail,Create step by step articles with screenshots and videos 10x faster,Winter 2023,,Inactive,Artificial Intelligence,Y Combinator,https://yc-oss.github.io/api/tags/artificial-intelligence.json
1.0,STARTUP,infra.new,infranew,https://infra.new,https://www.ycombinator.com/companies/infranew,AI Agent for Cloud Infrastructure,Winter 2023,,Active,Artificial Intelligence,Y Combinator,https://yc-oss.github.io/api/tags/artificial-intelligence.json
1.0,STARTUP,PoplarML,poplarml,http://poplarml.com,https://www.ycombinator.com/companies/poplarml,Deploy Machine Learning Models with One Command,Winter 2023,,Active,Artificial Intelligence,Y Combinator,https://yc-oss.github.io/api/tags/artificial-intelligence.json
1.0,STARTUP,Cosine,cosine,http://www.cosine.sh,https://www.ycombinator.com/companies/cosine,Fully Agentic SWE,Winter 2023,,Active,Artificial Intelligence,Y Combinator,https://yc-oss.github.io/api/tags/artificial-intelligence.json
1.0,STARTUP,Gooseworks,gooseworks,https://gooseworks.ai/,https://www.ycombinator.com/companies/gooseworks,Self-Improving Ad Creative Engines,Winter 2023,,Active,Artificial Intelligence,Y Combinator,https://yc-oss.github.io/api/tags/artificial-intelligence.json
1.0,STARTUP,No Cap,no-cap,https://www.nocap.so,https://www.ycombinator.com/companies/no-cap,"AI startup investor, No Cap",Winter 2023,,Acquired,Artificial Intelligence,Y Combinator,https://yc-oss.github.io/api/tags/artificial-intelligence.json
1.0,STARTUP,Dream3D,dream3d,https://dream3d.com,https://www.ycombinator.com/companies/dream3d,We build tools to help humanity predict the future.,Winter 2023,,Active,Artificial Intelligence,Y Combinator,https://yc-oss.github.io/api/tags/artificial-intelligence.json
1.0,STARTUP,DataSuite,datasuite,https://truthsuite.com,https://www.ycombinator.com/companies/datasuite,Dataset Management for AI Trainers,Winter 2023,,Active,Artificial Intelligence,Y Combinator,https://yc-oss.github.io/api/tags/artificial-intelligence.json
1.0,STARTUP,co.dev,co-dev,https://co.dev/?ref=YC,https://www.ycombinator.com/companies/co-dev,Turn your ideas into full-stack apps,Winter 2023,,Active,Artificial Intelligence,Y Combinator,https://yc-oss.github.io/api/tags/artificial-intelligence.json
1.0,STARTUP,Aqueduct,aqueduct,https://aqueduct.sh,https://www.ycombinator.com/companies/aqueduct,"Create, edit, and share procedural material graphs.",Winter 2023,,Active,Artificial Intelligence,Y Combinator,https://yc-oss.github.io/api/tags/artificial-intelligence.json
1.0,STARTUP,Velos,velos,https://www.tryvelos.com,https://www.ycombinator.com/companies/velos,Platform to automate manual back-office work,Winter 2023,,Active,Artificial Intelligence,Y Combinator,https://yc-oss.github.io/api/tags/artificial-intelligence.json
1.0,STARTUP,Booth AI,booth-ai,https://booth.ai,https://www.ycombinator.com/companies/booth-ai,Generative AI Photographer for E-Commerce,Winter 2023,,Acquired,Artificial Intelligence,Y Combinator,https://yc-oss.github.io/api/tags/artificial-intelligence.json
1.0,STARTUP,Orchid,orchid,https://orchid.health,https://www.ycombinator.com/companies/orchid,AI-powered EHR for independent mental health professionals,Winter 2023,,Active,Artificial Intelligence,Y Combinator,https://yc-oss.github.io/api/tags/artificial-intelligence.json
1.0,STARTUP,1stCollab,1stcollab,https://1stcollab.com/,https://www.ycombinator.com/companies/1stcollab,Performance-Optimized Influencer Marketing at Scale,Winter 2023,,Active,Artificial Intelligence,Y Combinator,https://yc-oss.github.io/api/tags/artificial-intelligence.json
1.0,STARTUP,Magicflow 𐂂,magicflow,https://magicflow.ai,https://www.ycombinator.com/companies/magicflow,The Gen AI evaluation and curation platform,Winter 2023,,Inactive,Artificial Intelligence,Y Combinator,https://yc-oss.github.io/api/tags/artificial-intelligence.json
1.0,STARTUP,Variance,variance,https://www.variance.com/,https://www.ycombinator.com/companies/variance,AI Agents for Fraud Review and Investigations,Winter 2023,,Active,Artificial Intelligence,Y Combinator,https://yc-oss.github.io/api/tags/artificial-intelligence.json
1.0,STARTUP,Fintool,fintool,https://www.fintool.com/,https://www.ycombinator.com/companies/fintool,Financial copilot for institutional investors,Winter 2023,,Acquired,Artificial Intelligence,Y Combinator,https://yc-oss.github.io/api/tags/artificial-intelligence.json
1.0,STARTUP,Boundary,boundary,https://www.boundaryml.com,https://www.ycombinator.com/companies/boundary,The programming language for AI,Winter 2023,,Active,Artificial Intelligence,Y Combinator,https://yc-oss.github.io/api/tags/artificial-intelligence.json
1.0,STARTUP,FactIQ,factiq,https://factiq.com/,https://www.ycombinator.com/companies/factiq,Investment research data for AI agents,Winter 2023,,Active,Artificial Intelligence,Y Combinator,https://yc-oss.github.io/api/tags/artificial-intelligence.json
1.0,STARTUP,Shortbread,shortbread,https://www.shortbread.ai/,https://www.ycombinator.com/companies/shortbread,Read romance comics.,Winter 2023,,Active,Artificial Intelligence,Y Combinator,https://yc-oss.github.io/api/tags/artificial-intelligence.json
1.0,STARTUP,Hippo Scribe,hippo-scribe,https://gethipposcribe.com,https://www.ycombinator.com/companies/hippo-scribe,AI assisted documentation for PT/OT/SLP,Winter 2023,,Active,Artificial Intelligence,Y Combinator,https://yc-oss.github.io/api/tags/artificial-intelligence.json
1.0,STARTUP,CombineHealth,combinehealth,https://www.combinehealth.ai/,https://www.ycombinator.com/companies/combinehealth,Automating Healthcare Revenue Cycle Management with AI Workforce,Winter 2023,,Active,Artificial Intelligence,Y Combinator,https://yc-oss.github.io/api/tags/artificial-intelligence.json
1.0,STARTUP,SuperKalam,superkalam,https://superkalam.com,https://www.ycombinator.com/companies/superkalam,AI-Powered Super Mentor for Test Prep,Winter 2023,,Active,Artificial Intelligence,Y Combinator,https://yc-oss.github.io/api/tags/artificial-intelligence.json
1.0,STARTUP,Coldreach,coldreach,https://coldreach.ai/,https://www.ycombinator.com/companies/coldreach,Find the best leads with custom intent signals,Winter 2023,,Active,Artificial Intelligence,Y Combinator,https://yc-oss.github.io/api/tags/artificial-intelligence.json
1.0,STARTUP,Corgi Labs,corgi-labs,https://www.corgilabs.ai,https://www.ycombinator.com/companies/corgi-labs,AI to increase payment acceptance and reduce fraud for businesses,Winter 2023,,Active,Artificial Intelligence,Y Combinator,https://yc-oss.github.io/api/tags/artificial-intelligence.json
1.0,STARTUP,DAGWorks Inc.,dagworks-inc,https://www.dagworks.io/,https://www.ycombinator.com/companies/dagworks-inc,Open source tools & services for reliable AI Agents & AI Applications,Winter 2023,,Acquired,Artificial Intelligence,Y Combinator,https://yc-oss.github.io/api/tags/artificial-intelligence.json
1.0,STARTUP,Maxi,maxi,https://www.usemaxi.app,https://www.ycombinator.com/companies/maxi,AI Agent for your personal finances,Winter 2023,,Active,Artificial Intelligence,Y Combinator,https://yc-oss.github.io/api/tags/artificial-intelligence.json
1.0,STARTUP,Decohere,decohere,https://decohere.ai,https://www.ycombinator.com/companies/decohere,Real-time generative AI,Winter 2023,,Active,Artificial Intelligence,Y Combinator,https://yc-oss.github.io/api/tags/artificial-intelligence.json
1.0,STARTUP,CodeParrot AI,codeparrot-ai,https://codeparrot.ai/,https://www.ycombinator.com/companies/codeparrot-ai,Helps Developers build stunning UI Lightning Fast ⚡️,Winter 2023,,Inactive,Artificial Intelligence,Y Combinator,https://yc-oss.github.io/api/tags/artificial-intelligence.json
1.0,STARTUP,Conduit,conduit,http://helloconduit.com,https://www.ycombinator.com/companies/conduit,The operating system for shipping and receiving.,Winter 2023,,Active,Artificial Intelligence,Y Combinator,https://yc-oss.github.io/api/tags/artificial-intelligence.json
1.0,STARTUP,Berry,berry,https://berryai.com/,https://www.ycombinator.com/companies/berry,Scale customer success and onboarding with AI ,Winter 2023,,Active,Artificial Intelligence,Y Combinator,https://yc-oss.github.io/api/tags/artificial-intelligence.json
1.0,STARTUP,Interlock,interlock,https://www.tryinterlock.com/,https://www.ycombinator.com/companies/interlock,We are still in stealth mode.,Winter 2023,,Inactive,Artificial Intelligence,Y Combinator,https://yc-oss.github.io/api/tags/artificial-intelligence.json
1.0,STARTUP,rex.fit,rex-fit,https://www.rex.fit,https://www.ycombinator.com/companies/rex-fit,Automating nutrition tracking.,Winter 2023,,Active,Artificial Intelligence,Y Combinator,https://yc-oss.github.io/api/tags/artificial-intelligence.json
1.0,STARTUP,Benchmark,benchmark,https://withbenchmark.com/,https://www.ycombinator.com/companies/benchmark,Decision infrastructure for investment firms,Winter 2023,,Active,Artificial Intelligence,Y Combinator,https://yc-oss.github.io/api/tags/artificial-intelligence.json
1.0,STARTUP,Pier,pier,http://www.pier-finance.com,https://www.ycombinator.com/companies/pier,Stripe for Credit - Trusted Credit Compliance Partner,Winter 2023,,Active,Artificial Intelligence,Y Combinator,https://yc-oss.github.io/api/tags/artificial-intelligence.json
1.0,STARTUP,Type,type,https://type.ai,https://www.ycombinator.com/companies/type,AI-native storytelling studio.,Winter 2023,,Active,Artificial Intelligence,Y Combinator,https://yc-oss.github.io/api/tags/artificial-intelligence.json
1.0,STARTUP,Vendora,vendora,https://www.vendora.io/,https://www.ycombinator.com/companies/vendora,All-in-One Software for the $1T Grocery Industry,Winter 2023,,Active,Artificial Intelligence,Y Combinator,https://yc-oss.github.io/api/tags/artificial-intelligence.json
1.0,STARTUP,LiteLLM,litellm,https://www.litellm.ai/,https://www.ycombinator.com/companies/litellm,Call every LLM API like it's OpenAI [100+ LLMs],Winter 2023,,Active,Artificial Intelligence,Y Combinator,https://yc-oss.github.io/api/tags/artificial-intelligence.json
1.0,STARTUP,Automat,automat,https://www.runautomat.com/,https://www.ycombinator.com/companies/automat,"Agentic automation that understands context, recovers, and improves.",Winter 2023,,Active,Artificial Intelligence,Y Combinator,https://yc-oss.github.io/api/tags/artificial-intelligence.json
1.0,STARTUP,Yuma AI,yuma-ai,https://yuma.ai,https://www.ycombinator.com/companies/yuma-ai,The AI Support Agent for Ecommerce,Winter 2023,,Active,Artificial Intelligence,Y Combinator,https://yc-oss.github.io/api/tags/artificial-intelligence.json
1.0,STARTUP,Vaero,vaero,https://vaero.ai,https://www.ycombinator.com/companies/vaero,AI for Human Writing,Winter 2023,,Active,Artificial Intelligence,Y Combinator,https://yc-oss.github.io/api/tags/artificial-intelligence.json
1.0,STARTUP,kapa.ai,kapa-ai,https://www.kapa.ai,https://www.ycombinator.com/companies/kapa-ai,The fastest way to build AI assistants on technical content,Summer 2023,,Active,Artificial Intelligence,Y Combinator,https://yc-oss.github.io/api/tags/artificial-intelligence.json
1.0,STARTUP,Kino AI,kino-ai,https://kino.ai,https://www.ycombinator.com/companies/kino-ai,Kino is an AI media manager and video editor for humans and agents.,Summer 2023,,Active,Artificial Intelligence,Y Combinator,https://yc-oss.github.io/api/tags/artificial-intelligence.json
1.0,STARTUP,Reworkd,reworkd,https://reworkd.ai,https://www.ycombinator.com/companies/reworkd,The simplest way to extract web data at scale,Summer 2023,,Active,Artificial Intelligence,Y Combinator,https://yc-oss.github.io/api/tags/artificial-intelligence.json
1.0,STARTUP,Branch AI,branch-ai,https://www.branch-ai.com,https://www.ycombinator.com/companies/branch-ai,"AI Overview Search, as a Service",Summer 2023,,Inactive,Artificial Intelligence,Y Combinator,https://yc-oss.github.io/api/tags/artificial-intelligence.json
1.0,STARTUP,Ora AI,ora-ai,http://oraai.com/,https://www.ycombinator.com/companies/ora-ai,The AI Platform for Medical Education,Summer 2023,,Active,Artificial Intelligence,Y Combinator,https://yc-oss.github.io/api/tags/artificial-intelligence.json
1.0,STARTUP,Xeol,xeol,https://www.xeol.io/,https://www.ycombinator.com/companies/xeol,Close your outdated dependency attack vector,Summer 2023,,Acquired,Artificial Intelligence,Y Combinator,https://yc-oss.github.io/api/tags/artificial-intelligence.json
1.0,STARTUP,Clearest Health,clearest-health,https://clearesthealth.com/,https://www.ycombinator.com/companies/clearest-health,AI revenue recovery for underpaid healthcare claims.,Summer 2023,,Active,Artificial Intelligence,Y Combinator,https://yc-oss.github.io/api/tags/artificial-intelligence.json
1.0,STARTUP,Elyos AI,elyos-ai,https://www.elyos.ai/,https://www.ycombinator.com/companies/elyos-ai,AI Customer Service Agents for trades and field services,Summer 2023,,Active,Artificial Intelligence,Y Combinator,https://yc-oss.github.io/api/tags/artificial-intelligence.json
1.0,STARTUP,Deasy Labs,deasy-labs,https://www.deasylabs.com/,https://www.ycombinator.com/companies/deasy-labs,Metadata for GenAI workflows,Summer 2023,,Acquired,Artificial Intelligence,Y Combinator,https://yc-oss.github.io/api/tags/artificial-intelligence.json
1.0,STARTUP,Sohar Health,sohar-health,https://www.soharhealth.com,https://www.ycombinator.com/companies/sohar-health,AI-powered insurance verification to boost patient conversion.,Summer 2023,,Active,Artificial Intelligence,Y Combinator,https://yc-oss.github.io/api/tags/artificial-intelligence.json
1.0,STARTUP,Pointhound,pointhound,http://www.pointhound.com,https://www.ycombinator.com/companies/pointhound,Earn and redeem credit card points for free flights,Summer 2023,,Active,Artificial Intelligence,Y Combinator,https://yc-oss.github.io/api/tags/artificial-intelligence.json
1.0,STARTUP,Casca,casca,https://www.cascading.ai/,https://www.ycombinator.com/companies/casca,Make Banking Magical,Summer 2023,,Active,Artificial Intelligence,Y Combinator,https://yc-oss.github.io/api/tags/artificial-intelligence.json
1.0,STARTUP,Atla,atla,https://www.atla-ai.com/,https://www.ycombinator.com/companies/atla,The improvement engine for AI agents,Summer 2023,,Inactive,Artificial Intelligence,Y Combinator,https://yc-oss.github.io/api/tags/artificial-intelligence.json
1.0,STARTUP,Contour,contour,,https://www.ycombinator.com/companies/contour,AI voice agents for healthcare operational calls,Summer 2023,,Active,Artificial Intelligence,Y Combinator,https://yc-oss.github.io/api/tags/artificial-intelligence.json
1.0,STARTUP,Talc,talc,https://talc.ai,https://www.ycombinator.com/companies/talc,Event extraction for Medical Researchers,Summer 2023,,Active,Artificial Intelligence,Y Combinator,https://yc-oss.github.io/api/tags/artificial-intelligence.json
1.0,STARTUP,CORE,heysol,https://getcore.me,https://www.ycombinator.com/companies/heysol,Your AI butler that understands you really well and proactively acts…,Summer 2023,,Active,Artificial Intelligence,Y Combinator,https://yc-oss.github.io/api/tags/artificial-intelligence.json
1.0,STARTUP,GreenTally,greentally,https://www.greentally.ai,https://www.ycombinator.com/companies/greentally,Affordable carbon tracking solution for all businesses,Summer 2023,,Inactive,Artificial Intelligence,Y Combinator,https://yc-oss.github.io/api/tags/artificial-intelligence.json
1.0,STARTUP,Spine AI,spine-ai,https://www.getspine.ai,https://www.ycombinator.com/companies/spine-ai,Manage a swarm of AI agents to get real work done,Summer 2023,,Active,Artificial Intelligence,Y Combinator,https://yc-oss.github.io/api/tags/artificial-intelligence.json
1.0,STARTUP,Baud,baud,https://baudlabs.ai,https://www.ycombinator.com/companies/baud,AI chips for ultra-fast training and inference,Summer 2026,,Active,Artificial Intelligence,Y Combinator,https://yc-oss.github.io/api/tags/artificial-intelligence.json
1.0,STARTUP,SID,sid,https://www.sid.ai,https://www.ycombinator.com/companies/sid,AI research lab for retrieval,Summer 2023,,Active,Artificial Intelligence,Y Combinator,https://yc-oss.github.io/api/tags/artificial-intelligence.json
1.0,STARTUP,Venta AI,venta-ai,https://www.getventa.ai,https://www.ycombinator.com/companies/venta-ai,The compliant AI colleague for sales teams in Europe,Summer 2023,,Active,Artificial Intelligence,Y Combinator,https://yc-oss.github.io/api/tags/artificial-intelligence.json
1.0,STARTUP,Bronco AI,bronco-ai,https://www.bronco.ai/,https://www.ycombinator.com/companies/bronco-ai,AI for ASIC Design Verification,Summer 2023,,Active,Artificial Intelligence,Y Combinator,https://yc-oss.github.io/api/tags/artificial-intelligence.json
1.0,STARTUP,Arcimus,arcimus,https://www.arcimus.com/,https://www.ycombinator.com/companies/arcimus,A stream of engineering candidates who ship.,Summer 2023,,Active,Artificial Intelligence,Y Combinator,https://yc-oss.github.io/api/tags/artificial-intelligence.json
1.0,STARTUP,Serra,serra,https://www.serra.io/,https://www.ycombinator.com/companies/serra,Your 24/7 AI Recruiter,Summer 2023,,Active,Artificial Intelligence,Y Combinator,https://yc-oss.github.io/api/tags/artificial-intelligence.json
1.0,STARTUP,Dialtone,dialtone,https://usedialtone.com,https://www.ycombinator.com/companies/dialtone,AI Agents for Enterprises,Summer 2023,,Active,Artificial Intelligence,Y Combinator,https://yc-oss.github.io/api/tags/artificial-intelligence.json
1.0,STARTUP,Cardinal Gray,cardinal-gray,https://www.cardinalgray.com/,https://www.ycombinator.com/companies/cardinal-gray,Automating lenders' interactions with the DMV,Summer 2023,,Active,Artificial Intelligence,Y Combinator,https://yc-oss.github.io/api/tags/artificial-intelligence.json
1.0,STARTUP,Skyvern,skyvern,https://www.skyvern.com/,https://www.ycombinator.com/companies/skyvern,Open Source AI Agent to automate browser workflows via an API,Summer 2023,,Active,Artificial Intelligence,Y Combinator,https://yc-oss.github.io/api/tags/artificial-intelligence.json
1.0,STARTUP,Decoda Health,decoda-health,https://decodahealth.com/,https://www.ycombinator.com/companies/decoda-health,The all-in-one EMR built for med spas and elective care,Summer 2023,,Active,Artificial Intelligence,Y Combinator,https://yc-oss.github.io/api/tags/artificial-intelligence.json
1.0,STARTUP,VetRec,vetrec,https://vetrec.io,https://www.ycombinator.com/companies/vetrec,AI Scribe for veterinarians. Saving time and improving patient care.,Summer 2023,,Active,Artificial Intelligence,Y Combinator,https://yc-oss.github.io/api/tags/artificial-intelligence.json
1.0,STARTUP,Lysto,lysto,https://lysto.ai/,https://www.ycombinator.com/companies/lysto,Revenue intelligence platforms for startups,Summer 2023,,Inactive,Artificial Intelligence,Y Combinator,https://yc-oss.github.io/api/tags/artificial-intelligence.json
1.0,STARTUP,MediSearch,medisearch,https://medisearch.io,https://www.ycombinator.com/companies/medisearch,Search engine for trustworthy medical information.,Summer 2023,,Active,Artificial Intelligence,Y Combinator,https://yc-oss.github.io/api/tags/artificial-intelligence.json
1.0,STARTUP,Bretton AI,bretton-ai,https://www.bretton.com/,https://www.ycombinator.com/companies/bretton-ai,AI-native operations for the banks,Summer 2023,,Active,Artificial Intelligence,Y Combinator,https://yc-oss.github.io/api/tags/artificial-intelligence.json
1.0,STARTUP,Vizly,vizly,https://vizly.fyi,https://www.ycombinator.com/companies/vizly,Data to insights in seconds,Summer 2023,,Inactive,Artificial Intelligence,Y Combinator,https://yc-oss.github.io/api/tags/artificial-intelligence.json
1.0,STARTUP,AgentCollect,agentcollect,https://www.agentcollect.com,https://www.ycombinator.com/companies/agentcollect,B2B debt collection powered by AI agents,Summer 2023,,Active,Artificial Intelligence,Y Combinator,https://yc-oss.github.io/api/tags/artificial-intelligence.json
1.0,STARTUP,Continue,continue,https://continue.dev,https://www.ycombinator.com/companies/continue,Pioneering open-source coding agent,Summer 2023,,Acquired,Artificial Intelligence,Y Combinator,https://yc-oss.github.io/api/tags/artificial-intelligence.json
1.0,STARTUP,sizeless,sizeless,https://www.sizeless.co,https://www.ycombinator.com/companies/sizeless,Instant 3D Digital Twins for Smarter Real Estate.,Summer 2023,,Active,Artificial Intelligence,Y Combinator,https://yc-oss.github.io/api/tags/artificial-intelligence.json
1.0,STARTUP,Pincites,pincites,https://www.pincites.com/,https://www.ycombinator.com/companies/pincites,Close deals faster with AI for contract negotiation,Summer 2023,,Acquired,Artificial Intelligence,Y Combinator,https://yc-oss.github.io/api/tags/artificial-intelligence.json
1.0,STARTUP,Gleam,gleam,https://joingleam.com,https://www.ycombinator.com/companies/gleam,Automating Data Entry for Clinical Trials,Summer 2023,,Active,Artificial Intelligence,Y Combinator,https://yc-oss.github.io/api/tags/artificial-intelligence.json
1.0,STARTUP,Slicker,slicker,https://www.slickerhq.com,https://www.ycombinator.com/companies/slicker,Recover payment failures and maximize subscription Revenue,Summer 2023,,Active,Artificial Intelligence,Y Combinator,https://yc-oss.github.io/api/tags/artificial-intelligence.json
1.0,STARTUP,Sola,sola,https://www.sola-solutions.com/,https://www.ycombinator.com/companies/sola,Copilot for Robotic Process Automation,Summer 2023,,Active,Artificial Intelligence,Y Combinator,https://yc-oss.github.io/api/tags/artificial-intelligence.json
1.0,STARTUP,Baserun,baserun,https://baserun.ai,https://www.ycombinator.com/companies/baserun,Observability and evaluation platform for LLM apps.,Summer 2023,,Active,Artificial Intelligence,Y Combinator,https://yc-oss.github.io/api/tags/artificial-intelligence.json
1.0,STARTUP,VectorShift,vectorshift,https://www.vectorshift.ai,https://www.ycombinator.com/companies/vectorshift,AI Operating System for Private Market Investors,Summer 2023,,Active,Artificial Intelligence,Y Combinator,https://yc-oss.github.io/api/tags/artificial-intelligence.json
1.0,STARTUP,DisputeNinja,disputeninja,https://www.disputeninja.ai,https://www.ycombinator.com/companies/disputeninja,Automate your chargebacks with AI agents,Summer 2023,,Active,Artificial Intelligence,Y Combinator,https://yc-oss.github.io/api/tags/artificial-intelligence.json
1.0,STARTUP,Inari,inari,https://useinari.com,https://www.ycombinator.com/companies/inari,Your junior AI product manager,Summer 2023,,Acquired,Artificial Intelligence,Y Combinator,https://yc-oss.github.io/api/tags/artificial-intelligence.json
1.0,STARTUP,Silimate,silimate,https://www.silimate.com,https://www.ycombinator.com/companies/silimate,"Fast, efficient agents for chip design and debug",Summer 2023,,Active,Artificial Intelligence,Y Combinator,https://yc-oss.github.io/api/tags/artificial-intelligence.json
1.0,STARTUP,Sweep,sweep,https://sweep.dev/,https://www.ycombinator.com/companies/sweep,The best AI coding assistant for JetBrains,Summer 2023,,Active,Artificial Intelligence,Y Combinator,https://yc-oss.github.io/api/tags/artificial-intelligence.json
1.0,STARTUP,sudocode,sudocode,https://sudocode.ai,https://www.ycombinator.com/companies/sudocode,orchestrate your coding agents with sudocode,Summer 2023,,Active,Artificial Intelligence,Y Combinator,https://yc-oss.github.io/api/tags/artificial-intelligence.json
1.0,STARTUP,Inventive AI,inventive-ai,https://www.inventive.ai/,https://www.ycombinator.com/companies/inventive-ai,AI Agents For RFP and Questionnaire Response Automation ,Summer 2023,,Active,Artificial Intelligence,Y Combinator,https://yc-oss.github.io/api/tags/artificial-intelligence.json
1.0,STARTUP,Langdock,langdock,https://langdock.com,https://www.ycombinator.com/companies/langdock,The all-in-one AI platform for companies.,Summer 2023,,Active,Artificial Intelligence,Y Combinator,https://yc-oss.github.io/api/tags/artificial-intelligence.json
1.0,STARTUP,Movley,movley,https://movley.com/,https://www.ycombinator.com/companies/movley,Your e-commerce brand's product quality control department.,Summer 2023,,Inactive,Artificial Intelligence,Y Combinator,https://yc-oss.github.io/api/tags/artificial-intelligence.json
1.0,STARTUP,Terracotta AI,terracotta-ai,https://tryterracotta.com,https://www.ycombinator.com/companies/terracotta-ai,AI-powered Infrastructure as Code PR reviews,Summer 2023,,Active,Artificial Intelligence,Y Combinator,https://yc-oss.github.io/api/tags/artificial-intelligence.json
1.0,STARTUP,Tiptap,tiptap,https://tiptap.dev/,https://www.ycombinator.com/companies/tiptap,The open-source document editor for humans and AI agents.,Summer 2023,,Active,Artificial Intelligence,Y Combinator,https://yc-oss.github.io/api/tags/artificial-intelligence.json
1.0,STARTUP,Minded,minded,https://www.minded.com/,https://www.ycombinator.com/companies/minded,Cursor for AI Agents,Summer 2023,,Active,Artificial Intelligence,Y Combinator,https://yc-oss.github.io/api/tags/artificial-intelligence.json
1.0,STARTUP,Quill Bills,quill-bills,https://quillbills.com,https://www.ycombinator.com/companies/quill-bills,AI-Powered Medical Billing,Summer 2023,,Active,Artificial Intelligence,Y Combinator,https://yc-oss.github.io/api/tags/artificial-intelligence.json
1.0,STARTUP,Cair Health,cair-health,https://www.cairhealth.com/,https://www.ycombinator.com/companies/cair-health,AI Agents for Healthcare RCM,Summer 2023,,Active,Artificial Intelligence,Y Combinator,https://yc-oss.github.io/api/tags/artificial-intelligence.json
1.0,STARTUP,Webhound,webhound,https://webhound.ai,https://www.ycombinator.com/companies/webhound,Long-horizon research agents,Summer 2023,,Active,Artificial Intelligence,Y Combinator,https://yc-oss.github.io/api/tags/artificial-intelligence.json
1.0,STARTUP,Roame,roame,https://roame.travel/,https://www.ycombinator.com/companies/roame,Flight search engine using credit card points and miles,Summer 2023,,Active,Artificial Intelligence,Y Combinator,https://yc-oss.github.io/api/tags/artificial-intelligence.json
1.0,STARTUP,Kips Health,kips-health,,https://www.ycombinator.com/companies/kips-health,The only patient engagement software that pays you.,Summer 2023,,Inactive,Artificial Intelligence,Y Combinator,https://yc-oss.github.io/api/tags/artificial-intelligence.json
1.0,STARTUP,Inconvo,inconvo,https://inconvo.com,https://www.ycombinator.com/companies/inconvo,Build chat-with-data agents for customer-facing applications,Summer 2023,,Active,Artificial Intelligence,Y Combinator,https://yc-oss.github.io/api/tags/artificial-intelligence.json
1.0,STARTUP,FlowiseAI,flowiseai,https://flowiseai.com,https://www.ycombinator.com/companies/flowiseai,Open source GenAI development platform,Summer 2023,,Acquired,Artificial Intelligence,Y Combinator,https://yc-oss.github.io/api/tags/artificial-intelligence.json
1.0,STARTUP,Giga,giga,https://giga.ai/,https://www.ycombinator.com/companies/giga,AI Support Agent for Enterprises.,Summer 2023,,Active,Artificial Intelligence,Y Combinator,https://yc-oss.github.io/api/tags/artificial-intelligence.json
1.0,STARTUP,AiSDR,aisdr,https://aisdr.com/,https://www.ycombinator.com/companies/aisdr,AI sales prospecting. Replace your SDR with AiSDR,Summer 2023,,Active,Artificial Intelligence,Y Combinator,https://yc-oss.github.io/api/tags/artificial-intelligence.json
1.0,STARTUP,Simbie AI,simbie-ai,http://www.simbie.ai,https://www.ycombinator.com/companies/simbie-ai,We get patients to their next appointment,Summer 2023,,Active,Artificial Intelligence,Y Combinator,https://yc-oss.github.io/api/tags/artificial-intelligence.json
1.0,STARTUP,Mocha,mocha,https://getmocha.com,https://www.ycombinator.com/companies/mocha,Build and publish web apps in minutes. No coding required.,Summer 2023,,Acquired,Artificial Intelligence,Y Combinator,https://yc-oss.github.io/api/tags/artificial-intelligence.json
1.0,STARTUP,Twine,twine,http://www.usetwine.com,https://www.ycombinator.com/companies/twine,ai revenue engine for service businesses,Summer 2023,,Active,Artificial Intelligence,Y Combinator,https://yc-oss.github.io/api/tags/artificial-intelligence.json
1.0,STARTUP,Structured Labs,structured-labs,https://www.structuredlabs.com/,https://www.ycombinator.com/companies/structured-labs,The publishing layer for the agentic internet,Summer 2023,,Inactive,Artificial Intelligence,Y Combinator,https://yc-oss.github.io/api/tags/artificial-intelligence.json
1.0,STARTUP,Nowadays,nowadays,http://nowadays.ai/,https://www.ycombinator.com/companies/nowadays,AI-native platform for corporate meetings and events,Summer 2023,,Active,Artificial Intelligence,Y Combinator,https://yc-oss.github.io/api/tags/artificial-intelligence.json
1.0,STARTUP,Morph,morph,https://morphllm.com,https://www.ycombinator.com/companies/morph,Fast Models Optimized for Coding Agents,Summer 2023,,Active,Artificial Intelligence,Y Combinator,https://yc-oss.github.io/api/tags/artificial-intelligence.json
1.0,STARTUP,Wattson Health,wattson-health,https://www.wattsonhealth.com,https://www.ycombinator.com/companies/wattson-health,AI Voice and SMS Agents for Healthcare,Summer 2023,,Active,Artificial Intelligence,Y Combinator,https://yc-oss.github.io/api/tags/artificial-intelligence.json
1.0,STARTUP,truemetrics,truemetrics,https://www.truemetrics.io/,https://www.ycombinator.com/companies/truemetrics,We show couriers where to park and enter a building.,Summer 2023,,Active,Artificial Intelligence,Y Combinator,https://yc-oss.github.io/api/tags/artificial-intelligence.json
1.0,STARTUP,Autotab,autotab,https://autotab.com,https://www.ycombinator.com/companies/autotab,AI agents reliable enough to do real work,Summer 2023,,Acquired,Artificial Intelligence,Y Combinator,https://yc-oss.github.io/api/tags/artificial-intelligence.json
1.0,STARTUP,Opensteer,opensteer,https://opensteer.com,https://www.ycombinator.com/companies/opensteer,Specialized agents for real work,Summer 2023,,Active,Artificial Intelligence,Y Combinator,https://yc-oss.github.io/api/tags/artificial-intelligence.json
1.0,STARTUP,Tempo,tempo-2,https://www.tempo.new,https://www.ycombinator.com/companies/tempo-2,"Visual Editor for React, powered by AI",Summer 2023,,Active,Artificial Intelligence,Y Combinator,https://yc-oss.github.io/api/tags/artificial-intelligence.json
1.0,STARTUP,Orbio Earth,orbio-earth,https://www.orbio.earth/,https://www.ycombinator.com/companies/orbio-earth,Tracking methane emissions with satellites,Summer 2023,,Active,Artificial Intelligence,Y Combinator,https://yc-oss.github.io/api/tags/artificial-intelligence.json
1.0,STARTUP,Gumloop,gumloop,https://www.gumloop.com/,https://www.ycombinator.com/companies/gumloop,"The multiplayer AI agent builder. Let anyone build, IT controls access",Winter 2024,,Active,Artificial Intelligence,Y Combinator,https://yc-oss.github.io/api/tags/artificial-intelligence.json
1.0,STARTUP,DryMerge,drymerge,https://www.drymerge.com,https://www.ycombinator.com/companies/drymerge,AI that updates your CRM for you,Winter 2024,,Active,Artificial Intelligence,Y Combinator,https://yc-oss.github.io/api/tags/artificial-intelligence.json
1.0,STARTUP,OpenPipe,openpipe,https://openpipe.ai/,https://www.ycombinator.com/companies/openpipe,Turn expensive prompts into cheap fine-tuned models,Summer 2023,,Acquired,Artificial Intelligence,Y Combinator,https://yc-oss.github.io/api/tags/artificial-intelligence.json
1.0,STARTUP,RadMate AI,radmate-ai,https://www.radmate.ai,https://www.ycombinator.com/companies/radmate-ai,Copilot for radiologists,Winter 2024,,Inactive,Artificial Intelligence,Y Combinator,https://yc-oss.github.io/api/tags/artificial-intelligence.json
1.0,STARTUP,Scritch,scritch,https://www.scritchai.com,https://www.ycombinator.com/companies/scritch,AI operating system for veterinary care,Winter 2024,,Active,Artificial Intelligence,Y Combinator,https://yc-oss.github.io/api/tags/artificial-intelligence.json
1.0,STARTUP,Legora,legora,https://www.legora.com/,https://www.ycombinator.com/companies/legora,The AI workspace for lawyers,Winter 2024,,Active,Artificial Intelligence,Y Combinator,https://yc-oss.github.io/api/tags/artificial-intelligence.json
1.0,STARTUP,ego,ego,https://egoai.com,https://www.ycombinator.com/companies/ego,AI applied research lab building synthetic sapience; human-like AI,Winter 2024,,Active,Artificial Intelligence,Y Combinator,https://yc-oss.github.io/api/tags/artificial-intelligence.json
1.0,STARTUP,Greptile,greptile,https://www.greptile.com,https://www.ycombinator.com/companies/greptile,AI code review agent with complete context of your codebase,Winter 2024,,Active,Artificial Intelligence,Y Combinator,https://yc-oss.github.io/api/tags/artificial-intelligence.json
1.0,STARTUP,Happenstance,happenstance,https://happenstance.ai,https://www.ycombinator.com/companies/happenstance,People search powered by AI,Winter 2024,,Active,Artificial Intelligence,Y Combinator,https://yc-oss.github.io/api/tags/artificial-intelligence.json
1.0,STARTUP,Duckie,duckie,https://duckie.ai/,https://www.ycombinator.com/companies/duckie,Build AI Support Agents in Minutes,Winter 2024,,Active,Artificial Intelligence,Y Combinator,https://yc-oss.github.io/api/tags/artificial-intelligence.json
1.0,STARTUP,Tekton Dynamics,tekton-dynamics,https://www.tekton-dynamics.com,https://www.ycombinator.com/companies/tekton-dynamics,AI control layer for welding robots,Winter 2024,,Active,Artificial Intelligence,Y Combinator,https://yc-oss.github.io/api/tags/artificial-intelligence.json
1.0,STARTUP,Momentic,momentic,https://momentic.ai,https://www.ycombinator.com/companies/momentic,The agentic quality platform for web and mobile,Winter 2024,,Active,Artificial Intelligence,Y Combinator,https://yc-oss.github.io/api/tags/artificial-intelligence.json
1.0,STARTUP,Quary,quary,https://www.quary.dev,https://www.ycombinator.com/companies/quary,The first in-browser analytics engineering platform,Winter 2024,,Inactive,Artificial Intelligence,Y Combinator,https://yc-oss.github.io/api/tags/artificial-intelligence.json
1.0,STARTUP,Pretzel AI,pretzel-ai,https://withpretzel.com,https://www.ycombinator.com/companies/pretzel-ai,AI tooling,Winter 2024,,Active,Artificial Intelligence,Y Combinator,https://yc-oss.github.io/api/tags/artificial-intelligence.json
1.0,STARTUP,nCompass Technologies,ncompass-technologies,https://www.ncompass.tech,https://www.ycombinator.com/companies/ncompass-technologies,Optimize performance on GPUs - 10x faster,Winter 2024,,Active,Artificial Intelligence,Y Combinator,https://yc-oss.github.io/api/tags/artificial-intelligence.json
1.0,STARTUP,Keystroke,keystroke,http://keystroke.ai,https://www.ycombinator.com/companies/keystroke,An all-in-one platform for building internal agents & workflows,Winter 2024,,Active,Artificial Intelligence,Y Combinator,https://yc-oss.github.io/api/tags/artificial-intelligence.json
1.0,STARTUP,Pivot Robotics,pivot-robotics,https://pivotrobotics.com,https://www.ycombinator.com/companies/pivot-robotics,AI for Robot Arms in Factories,Winter 2024,,Active,Artificial Intelligence,Y Combinator,https://yc-oss.github.io/api/tags/artificial-intelligence.json
1.0,STARTUP,Agentic Labs,agentic-labs-2,https://agenticlabs.com,https://www.ycombinator.com/companies/agentic-labs-2,AI system design tools for dev teams,Winter 2024,,Active,Artificial Intelligence,Y Combinator,https://yc-oss.github.io/api/tags/artificial-intelligence.json
1.0,STARTUP,Breez Labs,breez-labs,https://www.breezlabs.com/,https://www.ycombinator.com/companies/breez-labs,Helping Companies Deploy Email Agents in High Trust Domains,Winter 2024,,Active,Artificial Intelligence,Y Combinator,https://yc-oss.github.io/api/tags/artificial-intelligence.json
1.0,STARTUP,PointOne,pointone,https://pointone.com/,https://www.ycombinator.com/companies/pointone,AI Time Platform for Law Firms,Winter 2024,,Active,Artificial Intelligence,Y Combinator,https://yc-oss.github.io/api/tags/artificial-intelligence.json
1.0,STARTUP,Arini,arini,https://www.arini.ai,https://www.ycombinator.com/companies/arini,AI receptionist for dentists,Winter 2024,,Active,Artificial Intelligence,Y Combinator,https://yc-oss.github.io/api/tags/artificial-intelligence.json
1.0,STARTUP,Artisan,artisan,https://artisan.co/?utm_source=ycombinator,https://www.ycombinator.com/companies/artisan,"The GTM orchestration platform. Ava, Aaron and Aria replace your stack",Winter 2024,,Active,Artificial Intelligence,Y Combinator,https://yc-oss.github.io/api/tags/artificial-intelligence.json
1.0,STARTUP,Eggnog,eggnog,https://www.eggnog.ai,https://www.ycombinator.com/companies/eggnog,Fun with AI video,Winter 2024,,Active,Artificial Intelligence,Y Combinator,https://yc-oss.github.io/api/tags/artificial-intelligence.json
1.0,STARTUP,Ecliptor,ecliptor,https://ecliptor.ai,https://www.ycombinator.com/companies/ecliptor,AI and Embeddings. ,Winter 2024,,Active,Artificial Intelligence,Y Combinator,https://yc-oss.github.io/api/tags/artificial-intelligence.json
1.0,STARTUP,Panelytic,panelytic,https://panelytic.com/,https://www.ycombinator.com/companies/panelytic,Payment infrastructure for machines,Winter 2024,,Active,Artificial Intelligence,Y Combinator,https://yc-oss.github.io/api/tags/artificial-intelligence.json
1.0,STARTUP,Blume Benefits,blume-benefits,https://www.blumebenefits.com/,https://www.ycombinator.com/companies/blume-benefits,The AI copilot for health insurance brokers.,Winter 2024,,Inactive,Artificial Intelligence,Y Combinator,https://yc-oss.github.io/api/tags/artificial-intelligence.json
1.0,STARTUP,Tusk,tusk,https://usetusk.ai,https://www.ycombinator.com/companies/tusk,AI agent that generates unit and integration tests,Winter 2024,,Acquired,Artificial Intelligence,Y Combinator,https://yc-oss.github.io/api/tags/artificial-intelligence.json
1.0,STARTUP,Attunement,attunement,http://attunement.ai,https://www.ycombinator.com/companies/attunement,Attunement turns fragmented behavioral health records into structured…,Winter 2024,,Active,Artificial Intelligence,Y Combinator,https://yc-oss.github.io/api/tags/artificial-intelligence.json
1.0,STARTUP,StarJar,starjar,https://www.starjar.io/,https://www.ycombinator.com/companies/starjar,Starjar automates inbound document processing workflows for hospitals,Winter 2024,,Acquired,Artificial Intelligence,Y Combinator,https://yc-oss.github.io/api/tags/artificial-intelligence.json
1.0,STARTUP,Meticulate,meticulate,https://meticulate.ai/,https://www.ycombinator.com/companies/meticulate,Making it easy for B2B sales teams to send stellar outbound,Winter 2024,,Active,Artificial Intelligence,Y Combinator,https://yc-oss.github.io/api/tags/artificial-intelligence.json
1.0,STARTUP,Guide Labs,guide-labs,https://www.guidelabs.ai/,https://www.ycombinator.com/companies/guide-labs,"Frontier models and agents you can learn from, audit, and steer.",Winter 2024,,Active,Artificial Intelligence,Y Combinator,https://yc-oss.github.io/api/tags/artificial-intelligence.json
1.0,STARTUP,Speck,speck,https://speck.sh,https://www.ycombinator.com/companies/speck,AI Notetaker that automates all your admin work,Winter 2024,,Acquired,Artificial Intelligence,Y Combinator,https://yc-oss.github.io/api/tags/artificial-intelligence.json
1.0,STARTUP,Polished,polished,https://polished.ad,https://www.ycombinator.com/companies/polished,Generate ads. Iterate till perfect.,Winter 2024,,Active,Artificial Intelligence,Y Combinator,https://yc-oss.github.io/api/tags/artificial-intelligence.json
1.0,STARTUP,LemonSlice,lemonslice,https://www.lemonslice.com,https://www.ycombinator.com/companies/lemonslice,Give your voice agents a face,Winter 2024,,Active,Artificial Intelligence,Y Combinator,https://yc-oss.github.io/api/tags/artificial-intelligence.json
1.0,STARTUP,Decipher AI,decipher-ai,https://getdecipher.com,https://www.ycombinator.com/companies/decipher-ai,QA agents that write tests 10x faster with zero maintenance,Winter 2024,,Active,Artificial Intelligence,Y Combinator,https://yc-oss.github.io/api/tags/artificial-intelligence.json
1.0,STARTUP,Toolify,toolify,https://toolify.sh,https://www.ycombinator.com/companies/toolify,Build internal tools with AI,Winter 2024,,Inactive,Artificial Intelligence,Y Combinator,https://yc-oss.github.io/api/tags/artificial-intelligence.json
1.0,STARTUP,Clarion,clarion,https://clarionhealth.com,https://www.ycombinator.com/companies/clarion,The AI communication layer for healthcare,Winter 2024,,Active,Artificial Intelligence,Y Combinator,https://yc-oss.github.io/api/tags/artificial-intelligence.json
1.0,STARTUP,Tamarind Bio,tamarind-bio,https://www.tamarind.bio,https://www.ycombinator.com/companies/tamarind-bio,AI Inference Platform for Drug Discovery,Winter 2024,,Active,Artificial Intelligence,Y Combinator,https://yc-oss.github.io/api/tags/artificial-intelligence.json
1.0,STARTUP,GloGlo,gloglo,https://gloglo.com,https://www.ycombinator.com/companies/gloglo,AI glucose companion for diabetics ,Winter 2024,,Active,Artificial Intelligence,Y Combinator,https://yc-oss.github.io/api/tags/artificial-intelligence.json
1.0,STARTUP,PandasAI,pandasai,https://pandas-ai.com,https://www.ycombinator.com/companies/pandasai,PandasAI is an open-source conversational data analysis platform with…,Winter 2024,,Active,Artificial Intelligence,Y Combinator,https://yc-oss.github.io/api/tags/artificial-intelligence.json
1.0,STARTUP,Parallel,parallel,https://www.beparallel.com/?utm_source=ycombinator&utm_medium=directory,https://www.ycombinator.com/companies/parallel,AI agents for healthcare admin,Winter 2024,,Active,Artificial Intelligence,Y Combinator,https://yc-oss.github.io/api/tags/artificial-intelligence.json
1.0,STARTUP,Fuse,fuse-2,http://www.fuseinsight.com,https://www.ycombinator.com/companies/fuse-2,AI-powered workflow automation for US healthcare providers.,Summer 2024,,Active,Artificial Intelligence,Y Combinator,https://yc-oss.github.io/api/tags/artificial-intelligence.json
1.0,STARTUP,Feldy,feldy,https://feldy.ai,https://www.ycombinator.com/companies/feldy,Field-First AI for home services,Winter 2024,,Active,Artificial Intelligence,Y Combinator,https://yc-oss.github.io/api/tags/artificial-intelligence.json
1.0,STARTUP,Firebender,firebender,https://firebender.com,https://www.ycombinator.com/companies/firebender,Most powerful coding agent for Android engineers,Winter 2024,,Active,Artificial Intelligence,Y Combinator,https://yc-oss.github.io/api/tags/artificial-intelligence.json
1.0,STARTUP,Resonance,resonance,https://www.useresonance.com/,https://www.ycombinator.com/companies/resonance,Self-improving content bank for marketing,Winter 2024,,Acquired,Artificial Intelligence,Y Combinator,https://yc-oss.github.io/api/tags/artificial-intelligence.json
1.0,STARTUP,Centralize,centralize,https://www.usecentralize.com/,https://www.ycombinator.com/companies/centralize,The relationship intelligence platform for enterprise revenue,Winter 2024,,Active,Artificial Intelligence,Y Combinator,https://yc-oss.github.io/api/tags/artificial-intelligence.json
1.0,STARTUP,Solari AI,solari-ai,https://www.usesolari.ai/,https://www.ycombinator.com/companies/solari-ai,Gives non-technical team members agents that work right out of the box,Winter 2024,,Active,Artificial Intelligence,Y Combinator,https://yc-oss.github.io/api/tags/artificial-intelligence.json
1.0,STARTUP,Ellipsis,ellipsis,https://ellipsis.dev,https://www.ycombinator.com/companies/ellipsis,Cloud platform for coding agents,Winter 2024,,Active,Artificial Intelligence,Y Combinator,https://yc-oss.github.io/api/tags/artificial-intelligence.json
1.0,STARTUP,Browser Buddy,browser-buddy,https://www.browserbuddy.com/,https://www.ycombinator.com/companies/browser-buddy,A recommendation system for the Internet,Winter 2024,,Acquired,Artificial Intelligence,Y Combinator,https://yc-oss.github.io/api/tags/artificial-intelligence.json
1.0,STARTUP,Superagent,superagent,https://superagent.sh/,https://www.ycombinator.com/companies/superagent,Security for AI-native developers,Winter 2024,,Active,Artificial Intelligence,Y Combinator,https://yc-oss.github.io/api/tags/artificial-intelligence.json
1.0,STARTUP,Preloop,preloop,https://www.preloop.com,https://www.ycombinator.com/companies/preloop,Translate your experimental scripts into production ML services,Winter 2024,,Inactive,Artificial Intelligence,Y Combinator,https://yc-oss.github.io/api/tags/artificial-intelligence.json
1.0,STARTUP,Andy AI,andy-ai,https://with-andy.com,https://www.ycombinator.com/companies/andy-ai,Faster clinical documentation for home health nurses,Winter 2024,,Active,Artificial Intelligence,Y Combinator,https://yc-oss.github.io/api/tags/artificial-intelligence.json
1.0,STARTUP,Overeasy,overeasy,https://overeasy.sh/,https://www.ycombinator.com/companies/overeasy,,Summer 2024,,Active,Artificial Intelligence,Y Combinator,https://yc-oss.github.io/api/tags/artificial-intelligence.json
1.0,STARTUP,OffDeal,offdeal,https://offdeal.io,https://www.ycombinator.com/companies/offdeal,AI-native investment bank for small businesses,Winter 2024,,Active,Artificial Intelligence,Y Combinator,https://yc-oss.github.io/api/tags/artificial-intelligence.json
1.0,STARTUP,Abel,abel,https://www.tryabel.com,https://www.ycombinator.com/companies/abel,Transforming document review for litigation teams,Winter 2024,,Inactive,Artificial Intelligence,Y Combinator,https://yc-oss.github.io/api/tags/artificial-intelligence.json
1.0,STARTUP,EdgeTrace,edgetrace,https://edgetrace.ai,https://www.ycombinator.com/companies/edgetrace,Describe It. Find It. Act On It.,Winter 2024,,Active,Artificial Intelligence,Y Combinator,https://yc-oss.github.io/api/tags/artificial-intelligence.json
1.0,STARTUP,Manifold Freight,manifold-freight,https://www.manifoldfreight.com/,https://www.ycombinator.com/companies/manifold-freight,Aggregating Spot Freight Opportunities for Carriers,Winter 2024,,Active,Artificial Intelligence,Y Combinator,https://yc-oss.github.io/api/tags/artificial-intelligence.json
1.0,STARTUP,ProSights,prosights,https://prosights.co/,https://www.ycombinator.com/companies/prosights,ProSights is a data / AI transformation partner to PE-backed portcos.,Winter 2024,,Active,Artificial Intelligence,Y Combinator,https://yc-oss.github.io/api/tags/artificial-intelligence.json
1.0,STARTUP,Raindrop,raindrop,https://www.raindrop.ai,https://www.ycombinator.com/companies/raindrop,Sentry for AI Agents,Winter 2024,,Active,Artificial Intelligence,Y Combinator,https://yc-oss.github.io/api/tags/artificial-intelligence.json
1.0,STARTUP,Diana,diana,https://getdiana.com/,https://www.ycombinator.com/companies/diana,Give Your Employee An Employee,Winter 2024,,Active,Artificial Intelligence,Y Combinator,https://yc-oss.github.io/api/tags/artificial-intelligence.json
1.0,STARTUP,Risotto,risotto,https://tryrisotto.com,https://www.ycombinator.com/companies/risotto,Risotto auto-solves IT support requests using AI,Winter 2024,,Active,Artificial Intelligence,Y Combinator,https://yc-oss.github.io/api/tags/artificial-intelligence.json
1.0,STARTUP,JustAI,justai,https://getjust.ai,https://www.ycombinator.com/companies/justai,Agentic Marketing Platform,Winter 2024,,Active,Artificial Intelligence,Y Combinator,https://yc-oss.github.io/api/tags/artificial-intelligence.json
1.0,STARTUP,BetterBasket,betterbasket,http://www.betterbasket.com,https://www.ycombinator.com/companies/betterbasket,Smart grocery pricing with AI,Winter 2024,,Active,Artificial Intelligence,Y Combinator,https://yc-oss.github.io/api/tags/artificial-intelligence.json
1.0,STARTUP,Model ML,model-ml,https://www.modelml.com/,https://www.ycombinator.com/companies/model-ml,AI Workspace for Financial Services.,Winter 2024,,Active,Artificial Intelligence,Y Combinator,https://yc-oss.github.io/api/tags/artificial-intelligence.json
1.0,STARTUP,Ligo Biosciences,ligo-biosciences,https://www.ligo.bio,https://www.ycombinator.com/companies/ligo-biosciences,Enzyme design models.,Summer 2024,,Active,Artificial Intelligence,Y Combinator,https://yc-oss.github.io/api/tags/artificial-intelligence.json
1.0,STARTUP,Focal,focal,https://focalml.com,https://www.ycombinator.com/companies/focal,AI video creation tool for TV shows and movies,Winter 2024,,Active,Artificial Intelligence,Y Combinator,https://yc-oss.github.io/api/tags/artificial-intelligence.json
1.0,STARTUP,Brainbase Labs,brainbase-labs,https://brainbaselabs.com,https://www.ycombinator.com/companies/brainbase-labs,The AI Labor Company,Winter 2024,,Active,Artificial Intelligence,Y Combinator,https://yc-oss.github.io/api/tags/artificial-intelligence.json
1.0,STARTUP,Alai,alai,https://getalai.com,https://www.ycombinator.com/companies/alai,Create high quality presentations quickly using AI,Winter 2024,,Active,Artificial Intelligence,Y Combinator,https://yc-oss.github.io/api/tags/artificial-intelligence.json
1.0,STARTUP,Thorntale,thorntale,https://thorntale.com,https://www.ycombinator.com/companies/thorntale,"The world's best presentation editor, powered by AI.",Winter 2024,,Inactive,Artificial Intelligence,Y Combinator,https://yc-oss.github.io/api/tags/artificial-intelligence.json
1.0,STARTUP,Openmart,openmart,https://www.openmart.com,https://www.ycombinator.com/companies/openmart,Local business data intelligence platform,Winter 2024,,Active,Artificial Intelligence,Y Combinator,https://yc-oss.github.io/api/tags/artificial-intelligence.json
1.0,STARTUP,Shepherd,shepherd-2,https://www.shepherd.study,https://www.ycombinator.com/companies/shepherd-2,Every student's personalized learning assistant,Winter 2024,,Active,Artificial Intelligence,Y Combinator,https://yc-oss.github.io/api/tags/artificial-intelligence.json
1.0,STARTUP,Downlink,downlink,https://downlink.dev/,https://www.ycombinator.com/companies/downlink,Make your LLMs 3x faster.,Winter 2024,,Active,Artificial Intelligence,Y Combinator,https://yc-oss.github.io/api/tags/artificial-intelligence.json
1.0,STARTUP,camelAI,camelai,https://camelai.com/,https://www.ycombinator.com/companies/camelai,Unlimited inference at $5 per stream,Winter 2024,,Active,Artificial Intelligence,Y Combinator,https://yc-oss.github.io/api/tags/artificial-intelligence.json
1.0,STARTUP,Rove,rove,https://rove.com,https://www.ycombinator.com/companies/rove,Travel the world for free.,Winter 2024,,Active,Artificial Intelligence,Y Combinator,https://yc-oss.github.io/api/tags/artificial-intelligence.json
1.0,STARTUP,Retell AI,retell-ai,https://retellai.com,https://www.ycombinator.com/companies/retell-ai,Supercharge Your Contact Center Operations with AI Phone Agents,Winter 2024,,Active,Artificial Intelligence,Y Combinator,https://yc-oss.github.io/api/tags/artificial-intelligence.json
1.0,STARTUP,Adapted,adapted,https://adapted.app,https://www.ycombinator.com/companies/adapted,AI physical therapy for athletes,Winter 2024,,Active,Artificial Intelligence,Y Combinator,https://yc-oss.github.io/api/tags/artificial-intelligence.json
1.0,STARTUP,Deepnight,deepnight,https://www.deepnight.com,https://www.ycombinator.com/companies/deepnight,Building The Next Generation of Night Vision Devices,Winter 2024,,Active,Artificial Intelligence,Y Combinator,https://yc-oss.github.io/api/tags/artificial-intelligence.json
1.0,STARTUP,Aqua Voice,aqua-voice,https://aquavoice.com,https://www.ycombinator.com/companies/aqua-voice,Frontier Voice Input - write 4x faster than typing.,Winter 2024,,Active,Artificial Intelligence,Y Combinator,https://yc-oss.github.io/api/tags/artificial-intelligence.json
1.0,STARTUP,Basepilot,basepilot,https://www.basepilot.com/,https://www.ycombinator.com/companies/basepilot,AI agents for insurance claims,Winter 2024,,Active,Artificial Intelligence,Y Combinator,https://yc-oss.github.io/api/tags/artificial-intelligence.json
1.0,STARTUP,Veles,veles,http://www.getveles.com,https://www.ycombinator.com/companies/veles,CPQ for humans and agents,Winter 2024,,Active,Artificial Intelligence,Y Combinator,https://yc-oss.github.io/api/tags/artificial-intelligence.json
1.0,STARTUP,Lumona,lumona,https://www.lumona.ai,https://www.ycombinator.com/companies/lumona,AI-enabled search engine featuring insights from social media.,Winter 2024,,Inactive,Artificial Intelligence,Y Combinator,https://yc-oss.github.io/api/tags/artificial-intelligence.json
1.0,STARTUP,Arcane,arcane,,https://www.ycombinator.com/companies/arcane,AI,Winter 2024,,Acquired,Artificial Intelligence,Y Combinator,https://yc-oss.github.io/api/tags/artificial-intelligence.json
1.0,STARTUP,Senso,senso,http://www.senso.ai,https://www.ycombinator.com/companies/senso,Control what AI says about you,Winter 2024,,Active,Artificial Intelligence,Y Combinator,https://yc-oss.github.io/api/tags/artificial-intelligence.json
1.0,STARTUP,Silogy,silogy,https://silogy.io,https://www.ycombinator.com/companies/silogy,An AI-powered test and debug platform for chip developers,Winter 2024,,Active,Artificial Intelligence,Y Combinator,https://yc-oss.github.io/api/tags/artificial-intelligence.json
1.0,STARTUP,Evolvere BioSciences,evolvere-biosciences,https://www.evolverebiosciences.com/,https://www.ycombinator.com/companies/evolvere-biosciences,Making Next-Generation Antibiotics that Outpace Bacterial Evolution,Summer 2024,,Active,Artificial Intelligence,Y Combinator,https://yc-oss.github.io/api/tags/artificial-intelligence.json
1.0,STARTUP,Piramidal,piramidal,https://piramidal.ai,https://www.ycombinator.com/companies/piramidal,Foundation Model for the Brain,Winter 2024,,Active,Artificial Intelligence,Y Combinator,https://yc-oss.github.io/api/tags/artificial-intelligence.json
1.0,STARTUP,VoxOps AI,voxops-ai,https://www.voxopsai.com/,https://www.ycombinator.com/companies/voxops-ai,Voice AI for Automotive,Winter 2024,,Active,Artificial Intelligence,Y Combinator,https://yc-oss.github.io/api/tags/artificial-intelligence.json
1.0,STARTUP,Integuru,integuru,https://www.integuru.com,https://www.ycombinator.com/companies/integuru,"Generate fast, reliable APIs for any platform",Winter 2024,,Active,Artificial Intelligence,Y Combinator,https://yc-oss.github.io/api/tags/artificial-intelligence.json
1.0,STARTUP,Forge,forge,https://www.forgehq.com/,https://www.ycombinator.com/companies/forge,Getting companies refunds on tariffs & duties,Winter 2024,,Active,Artificial Intelligence,Y Combinator,https://yc-oss.github.io/api/tags/artificial-intelligence.json
1.0,STARTUP,Tower,tower,https://withtower.com,https://www.ycombinator.com/companies/tower,M&A due diligence platform powered by AI,Winter 2024,,Active,Artificial Intelligence,Y Combinator,https://yc-oss.github.io/api/tags/artificial-intelligence.json
1.0,STARTUP,kater.ai,kater-ai,https://www.kater.ai,https://www.ycombinator.com/companies/kater-ai,Deliver complete data analysis from a single question,Winter 2024,,Active,Artificial Intelligence,Y Combinator,https://yc-oss.github.io/api/tags/artificial-intelligence.json
1.0,STARTUP,Yarn,yarn-2,https://www.yarn.so,https://www.ycombinator.com/companies/yarn-2,Yarn is the video product for agentic GTM teams.,Winter 2024,,Active,Artificial Intelligence,Y Combinator,https://yc-oss.github.io/api/tags/artificial-intelligence.json
1.0,STARTUP,InspectMind AI,inspectmind-ai,https://www.inspectmind.ai,https://www.ycombinator.com/companies/inspectmind-ai,AI agent for construction drawings review,Winter 2024,,Active,Artificial Intelligence,Y Combinator,https://yc-oss.github.io/api/tags/artificial-intelligence.json
1.0,STARTUP,GetCrux,getcrux,http://getcrux.ai/,https://www.ycombinator.com/companies/getcrux,AI Creative Strategist,Winter 2024,,Active,Artificial Intelligence,Y Combinator,https://yc-oss.github.io/api/tags/artificial-intelligence.json
1.0,STARTUP,Million,million,https://million.dev,https://www.ycombinator.com/companies/million,Tools for agent verification,Winter 2024,,Active,Artificial Intelligence,Y Combinator,https://yc-oss.github.io/api/tags/artificial-intelligence.json
1.0,STARTUP,Forge Rewards,forge-rewards,https://www.joinforge.app/,https://www.ycombinator.com/companies/forge-rewards,Starbucks app for restaurants,Winter 2024,,Active,Artificial Intelligence,Y Combinator,https://yc-oss.github.io/api/tags/artificial-intelligence.json
1.0,STARTUP,Marr Labs,marr-labs,https://www.marrlabs.com/,https://www.ycombinator.com/companies/marr-labs,AI-voice agents that are indistinguishable from humans.,Winter 2024,,Active,Artificial Intelligence,Y Combinator,https://yc-oss.github.io/api/tags/artificial-intelligence.json
1.0,STARTUP,Coval,coval,https://coval.dev,https://www.ycombinator.com/companies/coval,Simulation & Evaluation that scales voice and chat AI agents,Summer 2024,,Active,Artificial Intelligence,Y Combinator,https://yc-oss.github.io/api/tags/artificial-intelligence.json
1.0,STARTUP,Ångström AI,angstrom-ai,https://www.angstrom-ai.com,https://www.ycombinator.com/companies/angstrom-ai,Gen AI molecular simulations that reproduce wetlab results,Summer 2024,,Active,Artificial Intelligence,Y Combinator,https://yc-oss.github.io/api/tags/artificial-intelligence.json
1.0,STARTUP,Domu Technology Inc.,domu-technology-inc,https://www.domu.ai/,https://www.ycombinator.com/companies/domu-technology-inc,AI Agents for collections,Summer 2024,,Active,Artificial Intelligence,Y Combinator,https://yc-oss.github.io/api/tags/artificial-intelligence.json
1.0,STARTUP,Educato,educato,https://www.educato.com/,https://www.ycombinator.com/companies/educato,Worldwide exam-prep platform,Summer 2024,,Active,Artificial Intelligence,Y Combinator,https://yc-oss.github.io/api/tags/artificial-intelligence.json
1.0,STARTUP,ProhostAI,prohostai,https://www.prohost.ai/,https://www.ycombinator.com/companies/prohostai,AI Property Manager for Airbnb & Short-Term Rental Hosts,Summer 2024,,Active,Artificial Intelligence,Y Combinator,https://yc-oss.github.io/api/tags/artificial-intelligence.json
1.0,STARTUP,Entangl,entangl,https://www.entangl.com/,https://www.ycombinator.com/companies/entangl,Find & resolve issues in data center engineering & operations using AI,Summer 2024,,Active,Artificial Intelligence,Y Combinator,https://yc-oss.github.io/api/tags/artificial-intelligence.json
1.0,STARTUP,Invaria,invaria,https://invaria.com,https://www.ycombinator.com/companies/invaria,The next generation logging and observability platform,Summer 2024,,Inactive,Artificial Intelligence,Y Combinator,https://yc-oss.github.io/api/tags/artificial-intelligence.json
1.0,STARTUP,Corgi Insurance,corgi-insurance,https://corgi.com,https://www.ycombinator.com/companies/corgi-insurance,Corgi is building an AI financial infrastructure company,Summer 2024,,Active,Artificial Intelligence,Y Combinator,https://yc-oss.github.io/api/tags/artificial-intelligence.json
1.0,STARTUP,Maitai,maitai,https://trymaitai.com,https://www.ycombinator.com/companies/maitai,"Reliable, self-improving enterprise AI",Summer 2024,,Active,Artificial Intelligence,Y Combinator,https://yc-oss.github.io/api/tags/artificial-intelligence.json
1.0,STARTUP,Sorcerer,sorcerer,https://sorcerer.earth,https://www.ycombinator.com/companies/sorcerer,Building a nervous system for the atmosphere,Summer 2024,,Active,Artificial Intelligence,Y Combinator,https://yc-oss.github.io/api/tags/artificial-intelligence.json
1.0,STARTUP,FirstWork,firstwork,https://firstwork.com,https://www.ycombinator.com/companies/firstwork,Rippling for seasonal workers,Summer 2024,,Active,Artificial Intelligence,Y Combinator,https://yc-oss.github.io/api/tags/artificial-intelligence.json
1.0,STARTUP,Decisional AI,decisional-ai,https://www.decisional.com/,https://www.ycombinator.com/companies/decisional-ai,AI Coworkers for Business Automation,Summer 2024,,Active,Artificial Intelligence,Y Combinator,https://yc-oss.github.io/api/tags/artificial-intelligence.json
1.0,STARTUP,Unbound,unbound,https://getunbound.ai/,https://www.ycombinator.com/companies/unbound,Use AI tools without fear of data leakage,Summer 2024,,Active,Artificial Intelligence,Y Combinator,https://yc-oss.github.io/api/tags/artificial-intelligence.json
1.0,STARTUP,Silurian,silurian,https://silurian.ai/,https://www.ycombinator.com/companies/silurian,"Foundation models to simulate Earth, starting with weather.",Summer 2024,,Active,Artificial Intelligence,Y Combinator,https://yc-oss.github.io/api/tags/artificial-intelligence.json
1.0,STARTUP,NetworkOcean,networkocean,https://networkocean.io/,https://www.ycombinator.com/companies/networkocean,We build and operate underwater data centers.,Summer 2024,,Active,Artificial Intelligence,Y Combinator,https://yc-oss.github.io/api/tags/artificial-intelligence.json
1.0,STARTUP,Willow,willow,https://willowvoice.com/,https://www.ycombinator.com/companies/willow,The voice interface replacing your keyboard,Spring 2025,,Active,Artificial Intelligence,Y Combinator,https://yc-oss.github.io/api/tags/artificial-intelligence.json
1.0,STARTUP,Scape,scape,https://scape.app,https://www.ycombinator.com/companies/scape,The intelligent inbox that works for you,Summer 2024,,Active,Artificial Intelligence,Y Combinator,https://yc-oss.github.io/api/tags/artificial-intelligence.json
1.0,STARTUP,Storia AI,storia-ai,https://storia.ai,https://www.ycombinator.com/companies/storia-ai,Open source AI copilot that knows your company's code and its context,Summer 2024,,Active,Artificial Intelligence,Y Combinator,https://yc-oss.github.io/api/tags/artificial-intelligence.json
1.0,STARTUP,Elevate,elevate-2,https://www.useelevate.dev/,https://www.ycombinator.com/companies/elevate-2,Automated AI data integrations for roll-ups,Summer 2024,,Active,Artificial Intelligence,Y Combinator,https://yc-oss.github.io/api/tags/artificial-intelligence.json
1.0,STARTUP,RunLocal AI,runlocal-ai,https://runlocal.ai,https://www.ycombinator.com/companies/runlocal-ai,AI agent that optimizes inference for embedded compute like Jetson,Summer 2024,,Active,Artificial Intelligence,Y Combinator,https://yc-oss.github.io/api/tags/artificial-intelligence.json
1.0,STARTUP,CodeViz,codeviz,https://www.codeviz.ai/,https://www.ycombinator.com/companies/codeviz,One living model of your software architecture,Summer 2024,,Active,Artificial Intelligence,Y Combinator,https://yc-oss.github.io/api/tags/artificial-intelligence.json
1.0,STARTUP,Lore,joinlore,https://joinlore.app/,https://www.ycombinator.com/companies/joinlore,Transform your iMessage conversations into shareable stories,Summer 2024,,Active,Artificial Intelligence,Y Combinator,https://yc-oss.github.io/api/tags/artificial-intelligence.json
1.0,STARTUP,MinusX,minusx,https://minusx.ai,https://www.ycombinator.com/companies/minusx,Open source agentic BI for founders,Summer 2024,,Active,Artificial Intelligence,Y Combinator,https://yc-oss.github.io/api/tags/artificial-intelligence.json
1.0,STARTUP,Tivara,tivara,https://tivara.com,https://www.ycombinator.com/companies/tivara,The AI workforce for medical groups,Summer 2024,,Active,Artificial Intelligence,Y Combinator,https://yc-oss.github.io/api/tags/artificial-intelligence.json
1.0,STARTUP,Kenley,kenley,https://kenley.ai/,https://www.ycombinator.com/companies/kenley,AI Agents for Advisory & Financial Services.,Summer 2024,,Active,Artificial Intelligence,Y Combinator,https://yc-oss.github.io/api/tags/artificial-intelligence.json
1.0,STARTUP,Stormy,stormy,https://stormy.ai,https://www.ycombinator.com/companies/stormy, Stormy runs the office so your crew can run the work.,Summer 2025,,Active,Artificial Intelligence,Y Combinator,https://yc-oss.github.io/api/tags/artificial-intelligence.json
1.0,STARTUP,Plume,plume,http://www.plumefinder.com,https://www.ycombinator.com/companies/plume,Renewable infrastructure deployment at scale.,Summer 2024,,Active,Artificial Intelligence,Y Combinator,https://yc-oss.github.io/api/tags/artificial-intelligence.json
1.0,STARTUP,Modus,modus,https://himodus.com,https://www.ycombinator.com/companies/modus,Unlock revenue per employee with AI-powered headcount management,Summer 2024,,Active,Artificial Intelligence,Y Combinator,https://yc-oss.github.io/api/tags/artificial-intelligence.json
1.0,STARTUP,Lighthouz AI,lighthouz-ai,https://lighthouz.ai/,https://www.ycombinator.com/companies/lighthouz-ai,"Freight bill audits, AP, AR automation for freight brokers with…",Summer 2024,,Active,Artificial Intelligence,Y Combinator,https://yc-oss.github.io/api/tags/artificial-intelligence.json
1.0,STARTUP,TaxGPT,taxgpt,https://www.taxgpt.com,https://www.ycombinator.com/companies/taxgpt,AI tax assistant for professionals and businesses,Summer 2024,,Active,Artificial Intelligence,Y Combinator,https://yc-oss.github.io/api/tags/artificial-intelligence.json
1.0,STARTUP,Benchify,benchify,https://www.benchify.com,https://www.ycombinator.com/companies/benchify,Executable healthcare contracts,Summer 2024,,Active,Artificial Intelligence,Y Combinator,https://yc-oss.github.io/api/tags/artificial-intelligence.json
1.0,STARTUP,Anthrogen,anthrogen,https://anthrogen.com,https://www.ycombinator.com/companies/anthrogen,We're training the next generation of protein foundation models.,Summer 2024,,Active,Artificial Intelligence,Y Combinator,https://yc-oss.github.io/api/tags/artificial-intelligence.json
1.0,STARTUP,Aluna,aluna,https://alunadata.com,https://www.ycombinator.com/companies/aluna,Data for biomedical AI,Summer 2024,,Active,Artificial Intelligence,Y Combinator,https://yc-oss.github.io/api/tags/artificial-intelligence.json
1.0,STARTUP,Ontra Mobility,ontra-mobility,https://www.ontramobility.com,https://www.ycombinator.com/companies/ontra-mobility,Platform for cities to optimize transit ,Summer 2024,,Active,Artificial Intelligence,Y Combinator,https://yc-oss.github.io/api/tags/artificial-intelligence.json
1.0,STARTUP,Overstand Labs,overstand-labs,https://overstandlabs.com,https://www.ycombinator.com/companies/overstand-labs,Navigate any set of data - no matter how large - in minutes.,Winter 2025,,Active,Artificial Intelligence,Y Combinator,https://yc-oss.github.io/api/tags/artificial-intelligence.json
1.0,STARTUP,Clearly AI,clearly-ai,https://clearly-ai.com,https://www.ycombinator.com/companies/clearly-ai,Automate security and privacy reviews,Summer 2024,,Active,Artificial Intelligence,Y Combinator,https://yc-oss.github.io/api/tags/artificial-intelligence.json
1.0,STARTUP,Anara,anara,https://anara.com,https://www.ycombinator.com/companies/anara,AI for researchers,Summer 2024,,Active,Artificial Intelligence,Y Combinator,https://yc-oss.github.io/api/tags/artificial-intelligence.json
1.0,STARTUP,Planbase,planbase,https://www.joinplanbase.com/,https://www.ycombinator.com/companies/planbase,AI workforce management for healthcare ,Summer 2024,,Active,Artificial Intelligence,Y Combinator,https://yc-oss.github.io/api/tags/artificial-intelligence.json
1.0,STARTUP,Redouble AI,redouble-ai,https://redouble.ai/,https://www.ycombinator.com/companies/redouble-ai,Java-native multi-agentic AI operating system for enterprise,Summer 2024,,Active,Artificial Intelligence,Y Combinator,https://yc-oss.github.io/api/tags/artificial-intelligence.json
1.0,STARTUP,Drillbit,drillbit,https://www.drillbit.com,https://www.ycombinator.com/companies/drillbit,Automating Office Work for Residential Contractors.,Summer 2024,,Active,Artificial Intelligence,Y Combinator,https://yc-oss.github.io/api/tags/artificial-intelligence.json
1.0,STARTUP,winfunc,winfunc,https://winfunc.com,https://www.ycombinator.com/companies/winfunc,ai-native security engineering for mission critical codebases,Summer 2024,,Active,Artificial Intelligence,Y Combinator,https://yc-oss.github.io/api/tags/artificial-intelligence.json
1.0,STARTUP,Opslane,opslane,https://opslane.com,https://www.ycombinator.com/companies/opslane,Verify AI-generated code before you ship it,Summer 2024,,Active,Artificial Intelligence,Y Combinator,https://yc-oss.github.io/api/tags/artificial-intelligence.json
1.0,STARTUP,Conductor Quantum,conductor-quantum,https://www.conductorquantum.com,https://www.ycombinator.com/companies/conductor-quantum,AI that operates quantum computers for scientific discovery,Summer 2024,,Active,Artificial Intelligence,Y Combinator,https://yc-oss.github.io/api/tags/artificial-intelligence.json
1.0,STARTUP,Mage Legal,mage-legal,https://magelegal.com,https://www.ycombinator.com/companies/mage-legal,Automatic AI Legal Diligence,Summer 2024,,Active,Artificial Intelligence,Y Combinator,https://yc-oss.github.io/api/tags/artificial-intelligence.json
1.0,STARTUP,Remade,remade,https://www.remade.ai/?utm_source=YC&utm_medium=YC&utm_campaign=YC_profile&utm_content=YC_profile,https://www.ycombinator.com/companies/remade,AI-native canvas for creative workflows.,Summer 2024,,Acquired,Artificial Intelligence,Y Combinator,https://yc-oss.github.io/api/tags/artificial-intelligence.json
1.0,STARTUP,Zeit AI,zeit-ai,https://zeit-ai.com/,https://www.ycombinator.com/companies/zeit-ai,The autonomous data engineer for the mid-market,Summer 2024,,Active,Artificial Intelligence,Y Combinator,https://yc-oss.github.io/api/tags/artificial-intelligence.json
1.0,STARTUP,Kura AI,kura-ai,https://trykura.com,https://www.ycombinator.com/companies/kura-ai,New State of the Art for Browser Agents,Summer 2024,,Active,Artificial Intelligence,Y Combinator,https://yc-oss.github.io/api/tags/artificial-intelligence.json
1.0,STARTUP,Parley,parley,https://parley.so,https://www.ycombinator.com/companies/parley,"Automating flat-fee legal work, starting with work visas + green cards",Summer 2024,,Active,Artificial Intelligence,Y Combinator,https://yc-oss.github.io/api/tags/artificial-intelligence.json
1.0,STARTUP,Soff,soff,https://soff.ai,https://www.ycombinator.com/companies/soff,AI Agents for Distributors,Summer 2024,,Active,Artificial Intelligence,Y Combinator,https://yc-oss.github.io/api/tags/artificial-intelligence.json
1.0,STARTUP,Brighterway,brighterway,https://www.brighterway.ai/,https://www.ycombinator.com/companies/brighterway,Streamlining the medical record review process in workers comp,Summer 2024,,Active,Artificial Intelligence,Y Combinator,https://yc-oss.github.io/api/tags/artificial-intelligence.json
1.0,STARTUP,The Forecasting Company,the-forecasting-company,https://www.theforecastingcompany.com,https://www.ycombinator.com/companies/the-forecasting-company,Foundation models for time series,Summer 2024,,Active,Artificial Intelligence,Y Combinator,https://yc-oss.github.io/api/tags/artificial-intelligence.json
1.0,STARTUP,Presti AI,presti-ai,https://www.presti.ai/,https://www.ycombinator.com/companies/presti-ai,Helping furniture companies create product visuals with AI,Summer 2024,,Active,Artificial Intelligence,Y Combinator,https://yc-oss.github.io/api/tags/artificial-intelligence.json
1.0,STARTUP,Sensei,sensei,https://senseirobotics.com,https://www.ycombinator.com/companies/sensei,Robotic Training Data at Scale,Summer 2024,,Active,Artificial Intelligence,Y Combinator,https://yc-oss.github.io/api/tags/artificial-intelligence.json
1.0,STARTUP,Simple AI,simple-ai,https://www.usesimple.ai,https://www.ycombinator.com/companies/simple-ai,AI voice that sells,Summer 2024,,Active,Artificial Intelligence,Y Combinator,https://yc-oss.github.io/api/tags/artificial-intelligence.json
1.0,STARTUP,YouShift,youshift,https://www.you-shift.com/,https://www.ycombinator.com/companies/youshift,The OS for hospital workforce management,Winter 2025,,Active,Artificial Intelligence,Y Combinator,https://yc-oss.github.io/api/tags/artificial-intelligence.json
1.0,STARTUP,Baseline AI,baseline-ai,https://www.baselinetrials.com/,https://www.ycombinator.com/companies/baseline-ai,AI document creation and data management for clinical trials,Summer 2024,,Inactive,Artificial Intelligence,Y Combinator,https://yc-oss.github.io/api/tags/artificial-intelligence.json
1.0,STARTUP,Thyme,thyme,https://www.meetthyme.com/,https://www.ycombinator.com/companies/thyme,The OS for financial advisors,Summer 2024,,Acquired,Artificial Intelligence,Y Combinator,https://yc-oss.github.io/api/tags/artificial-intelligence.json
1.0,STARTUP,Handled,handled,https://www.itshandled.ai,https://www.ycombinator.com/companies/handled,Automating post-order operations for e-commerce brands and 3PLs,Summer 2024,,Active,Artificial Intelligence,Y Combinator,https://yc-oss.github.io/api/tags/artificial-intelligence.json
1.0,STARTUP,Bluedoor,bluedoor,https://bluedoor.sh/,https://www.ycombinator.com/companies/bluedoor,AI for public records request fulfillment,Summer 2024,,Active,Artificial Intelligence,Y Combinator,https://yc-oss.github.io/api/tags/artificial-intelligence.json
1.0,STARTUP,ZeroPath,zeropath,https://zeropath.com,https://www.ycombinator.com/companies/zeropath,Automatically find and fix your software vulnerabilities,Summer 2024,,Active,Artificial Intelligence,Y Combinator,https://yc-oss.github.io/api/tags/artificial-intelligence.json
1.0,STARTUP,Propaya,propaya,https://www.propaya.com,https://www.ycombinator.com/companies/propaya,,Summer 2024,,Active,Artificial Intelligence,Y Combinator,https://yc-oss.github.io/api/tags/artificial-intelligence.json
1.0,STARTUP,Polymet,polymet,https://polymet.ai,https://www.ycombinator.com/companies/polymet,AI Product Designer,Summer 2024,,Active,Artificial Intelligence,Y Combinator,https://yc-oss.github.io/api/tags/artificial-intelligence.json
1.0,STARTUP,autarc,autarc,https://www.autarc.energy/global,https://www.ycombinator.com/companies/autarc,autarc is the agentic OS for energy installers.,Summer 2024,,Active,Artificial Intelligence,Y Combinator,https://yc-oss.github.io/api/tags/artificial-intelligence.json
1.0,STARTUP,Assembly HOA,assembly-hoa,https://assemblyhoa.com,https://www.ycombinator.com/companies/assembly-hoa,AI-native HOA Management Company,Summer 2024,,Active,Artificial Intelligence,Y Combinator,https://yc-oss.github.io/api/tags/artificial-intelligence.json
1.0,STARTUP,Orca Client,orca-client,https://orcaclient.com,https://www.ycombinator.com/companies/orca-client,"Orca lets you build, discover, and play Minecraft games with friends.",Summer 2024,,Active,Artificial Intelligence,Y Combinator,https://yc-oss.github.io/api/tags/artificial-intelligence.json
1.0,STARTUP,Draft The Record,draft-the-record,https://www.drafttherecord.com/,https://www.ycombinator.com/companies/draft-the-record,AI For Litigation,Summer 2024,,Active,Artificial Intelligence,Y Combinator,https://yc-oss.github.io/api/tags/artificial-intelligence.json
1.0,STARTUP,Typa,typa,https://typa.ai,https://www.ycombinator.com/companies/typa,The content engine that wins attention and drives growth.,Summer 2024,,Active,Artificial Intelligence,Y Combinator,https://yc-oss.github.io/api/tags/artificial-intelligence.json
1.0,STARTUP,Quetzal,quetzal,https://getquetzal.com/,https://www.ycombinator.com/companies/quetzal,"Simple, LLM-first translation and internationalization for software",Summer 2024,,Active,Artificial Intelligence,Y Combinator,https://yc-oss.github.io/api/tags/artificial-intelligence.json
1.0,STARTUP,Rastro,rastro,https://rastro.ai,https://www.ycombinator.com/companies/rastro,The fastest way to launch product catalogs.,Summer 2024,,Active,Artificial Intelligence,Y Combinator,https://yc-oss.github.io/api/tags/artificial-intelligence.json
1.0,STARTUP,Serve AI,serve-ai,https://tryserve.ai/,https://www.ycombinator.com/companies/serve-ai,AI for Home Services Operators,Summer 2024,,Active,Artificial Intelligence,Y Combinator,https://yc-oss.github.io/api/tags/artificial-intelligence.json
1.0,STARTUP,Elayne,elayne,https://www.elayne.com/,https://www.ycombinator.com/companies/elayne,"Estate settlement, from verified discovery to distribution",Summer 2024,,Active,Artificial Intelligence,Y Combinator,https://yc-oss.github.io/api/tags/artificial-intelligence.json
1.0,STARTUP,Usul,usul,https://www.usul.com,https://www.ycombinator.com/companies/usul,AI Platform for Winning Defense & Government Contracts,Summer 2024,,Active,Artificial Intelligence,Y Combinator,https://yc-oss.github.io/api/tags/artificial-intelligence.json
1.0,STARTUP,Keet,keet,https://trykeet.com,https://www.ycombinator.com/companies/keet,An app to create courses on anything. ,Summer 2024,,Active,Artificial Intelligence,Y Combinator,https://yc-oss.github.io/api/tags/artificial-intelligence.json
1.0,STARTUP,Vera Health,vera-health,https://www.vera-health.ai,https://www.ycombinator.com/companies/vera-health,AI-powered clinical decision support for healthcare providers,Summer 2024,,Active,Artificial Intelligence,Y Combinator,https://yc-oss.github.io/api/tags/artificial-intelligence.json
1.0,STARTUP,Pipeshift,pipeshift,https://pipeshift.com,https://www.ycombinator.com/companies/pipeshift,Ultra-low latency inference cloud for real-time workloads,Summer 2024,,Active,Artificial Intelligence,Y Combinator,https://yc-oss.github.io/api/tags/artificial-intelligence.json
1.0,STARTUP,Ficra,ficra,https://ficra.ai/,https://www.ycombinator.com/companies/ficra,Automating workflows.,Summer 2024,,Active,Artificial Intelligence,Y Combinator,https://yc-oss.github.io/api/tags/artificial-intelligence.json
1.0,STARTUP,Anglera,anglera,https://www.anglera.com/,https://www.ycombinator.com/companies/anglera,AI-Powered Product Data Enrichment,Summer 2024,,Active,Artificial Intelligence,Y Combinator,https://yc-oss.github.io/api/tags/artificial-intelligence.json
1.0,STARTUP,Void,void,https://useglass.ai,https://www.ycombinator.com/companies/void,The open source Cursor alternative,Summer 2024,,Active,Artificial Intelligence,Y Combinator,https://yc-oss.github.io/api/tags/artificial-intelligence.json
1.0,STARTUP,Overlap,overlap,https://www.overlap.ai,https://www.ycombinator.com/companies/overlap,Multimodal AI agents for video,Summer 2024,,Active,Artificial Intelligence,Y Combinator,https://yc-oss.github.io/api/tags/artificial-intelligence.json
1.0,STARTUP,Affil.ai,affil-ai,https://affil.ai/,https://www.ycombinator.com/companies/affil-ai,AI Affiliate Network For Financial Companies,Summer 2024,,Active,Artificial Intelligence,Y Combinator,https://yc-oss.github.io/api/tags/artificial-intelligence.json
1.0,STARTUP,Arva AI,arva-ai,https://www.arva.ai,https://www.ycombinator.com/companies/arva-ai,"AI Agents to scale AML, KYB and KYC operations",Summer 2024,,Active,Artificial Intelligence,Y Combinator,https://yc-oss.github.io/api/tags/artificial-intelligence.json
1.0,STARTUP,Freestyle,freestyle,https://www.freestyle.sh,https://www.ycombinator.com/companies/freestyle,The most powerful sandboxes for AI Agents,Summer 2024,,Active,Artificial Intelligence,Y Combinator,https://yc-oss.github.io/api/tags/artificial-intelligence.json
1.0,STARTUP,Syntra,syntra,https://www.syntra.com,https://www.ycombinator.com/companies/syntra,Faster healthcare payments ,Summer 2024,,Active,Artificial Intelligence,Y Combinator,https://yc-oss.github.io/api/tags/artificial-intelligence.json
1.0,STARTUP,Conductor,conductor,https://conductor.build,https://www.ycombinator.com/companies/conductor,Run a team of coding agents on your Mac,Summer 2024,,Active,Artificial Intelligence,Y Combinator,https://yc-oss.github.io/api/tags/artificial-intelligence.json
1.0,STARTUP,DreamRP,dreamrp,https://www.dreamrp.com/,https://www.ycombinator.com/companies/dreamrp,Tech and platforms for human creators and the entertainment industry,Summer 2024,,Active,Artificial Intelligence,Y Combinator,https://yc-oss.github.io/api/tags/artificial-intelligence.json
1.0,STARTUP,Onlook,onlook,https://onlook.com/,https://www.ycombinator.com/companies/onlook,Cursor for Designers,Winter 2025,,Active,Artificial Intelligence,Y Combinator,https://yc-oss.github.io/api/tags/artificial-intelligence.json
1.0,STARTUP,Zeroframe,zeroframe,https://zeroframe.ai,https://www.ycombinator.com/companies/zeroframe,Pushing the boundaries of AI,Fall 2024,,Inactive,Artificial Intelligence,Y Combinator,https://yc-oss.github.io/api/tags/artificial-intelligence.json
1.0,STARTUP,Riveter,riveter,https://www.riveterhq.com/,https://www.ycombinator.com/companies/riveter,Turn the web into structured data,Fall 2024,,Active,Artificial Intelligence,Y Combinator,https://yc-oss.github.io/api/tags/artificial-intelligence.json
1.0,STARTUP,Galini,galini,https://www.galini.ai/,https://www.ycombinator.com/companies/galini,Compliance guardrails-as-a-service for AI applications,Fall 2024,,Active,Artificial Intelligence,Y Combinator,https://yc-oss.github.io/api/tags/artificial-intelligence.json
1.0,STARTUP,Candle,candle,https://www.trycandle.app/,https://www.ycombinator.com/companies/candle,Candle helps friends and couples grow closer daily in just 5 minutes.,Fall 2024,,Active,Artificial Intelligence,Y Combinator,https://yc-oss.github.io/api/tags/artificial-intelligence.json
1.0,STARTUP,Openbenchmarks,openbenchmarks,https://openbenchmarks.com,https://www.ycombinator.com/companies/openbenchmarks,We help humans & agents pick tools via Independent Benchmarks,Fall 2024,,Active,Artificial Intelligence,Y Combinator,https://yc-oss.github.io/api/tags/artificial-intelligence.json
1.0,STARTUP,Raycaster,raycaster,https://raycaster.ai,https://www.ycombinator.com/companies/raycaster,AI for life sciences documents,Fall 2024,,Active,Artificial Intelligence,Y Combinator,https://yc-oss.github.io/api/tags/artificial-intelligence.json
1.0,STARTUP,Revyl,revyl,https://www.revyl.com,https://www.ycombinator.com/companies/revyl,The Mobile Development Platform,Fall 2024,,Active,Artificial Intelligence,Y Combinator,https://yc-oss.github.io/api/tags/artificial-intelligence.json
1.0,STARTUP,Vortexify,vortexify,https://www.vortexify.ai,https://www.ycombinator.com/companies/vortexify,Build full-stack applications for business operations with AI,Fall 2024,,Active,Artificial Intelligence,Y Combinator,https://yc-oss.github.io/api/tags/artificial-intelligence.json
1.0,STARTUP,Vespper,vespper,https://vespper.com/?utm_source=ycombinator.com,https://www.ycombinator.com/companies/vespper,The best DOCX MCP for agents to edit microsoft word documents,Fall 2024,,Active,Artificial Intelligence,Y Combinator,https://yc-oss.github.io/api/tags/artificial-intelligence.json
1.0,STARTUP,attimet,attimet,https://attimet.com/,https://www.ycombinator.com/companies/attimet,Building the Prime Radiant,Fall 2024,,Active,Artificial Intelligence,Y Combinator,https://yc-oss.github.io/api/tags/artificial-intelligence.json
1.0,STARTUP,Keye,keye,https://www.keye.co,https://www.ycombinator.com/companies/keye,The Smartest Private Equity Investor,Fall 2024,,Active,Artificial Intelligence,Y Combinator,https://yc-oss.github.io/api/tags/artificial-intelligence.json
1.0,STARTUP,Freebuff,freebuff,https://freebuff.com,https://www.ycombinator.com/companies/freebuff,The free coding agent,Fall 2024,,Active,Artificial Intelligence,Y Combinator,https://yc-oss.github.io/api/tags/artificial-intelligence.json
1.0,STARTUP,Pearson Labs,pearson-labs,http://www.pearsonlabs.ai,https://www.ycombinator.com/companies/pearson-labs,AI agents to automate corporate transactions,Fall 2024,,Active,Artificial Intelligence,Y Combinator,https://yc-oss.github.io/api/tags/artificial-intelligence.json
1.0,STARTUP,vly.ai,vly-ai-2,https://vly.ai,https://www.ycombinator.com/companies/vly-ai-2,The Lovable & Replit killers,Fall 2024,,Active,Artificial Intelligence,Y Combinator,https://yc-oss.github.io/api/tags/artificial-intelligence.json
1.0,STARTUP,AutoComputer,autocomputer,https://www.autocomputer.ai/,https://www.ycombinator.com/companies/autocomputer,Desktop RPA with AI computer use,Fall 2024,,Active,Artificial Intelligence,Y Combinator,https://yc-oss.github.io/api/tags/artificial-intelligence.json
1.0,STARTUP,Abundant,abundant,https://www.abundant.ai/,https://www.ycombinator.com/companies/abundant,Agent simulation and RL for researchers,Fall 2024,,Active,Artificial Intelligence,Y Combinator,https://yc-oss.github.io/api/tags/artificial-intelligence.json
1.0,STARTUP,Moonshine,moonshine,https://usemoonshine.com,https://www.ycombinator.com/companies/moonshine,Extending AI to interact with the real world,Fall 2024,,Active,Artificial Intelligence,Y Combinator,https://yc-oss.github.io/api/tags/artificial-intelligence.json
1.0,STARTUP,Consus,consus,https://www.consus.io,https://www.ycombinator.com/companies/consus,The fastest and cheapest way to use AI with ITAR or CUI data. ,Fall 2024,,Active,Artificial Intelligence,Y Combinator,https://yc-oss.github.io/api/tags/artificial-intelligence.json
1.0,STARTUP,Innate,innate,https://innate.bot,https://www.ycombinator.com/companies/innate,Personal AI Robots,Fall 2024,,Active,Artificial Intelligence,Y Combinator,https://yc-oss.github.io/api/tags/artificial-intelligence.json
1.0,STARTUP,Gander,gander,https://usegander.com,https://www.ycombinator.com/companies/gander,Automation System for Global Aviation,Fall 2024,,Acquired,Artificial Intelligence,Y Combinator,https://yc-oss.github.io/api/tags/artificial-intelligence.json
1.0,STARTUP,Diffusion Studio,diffusion-studio,https://diffusion.studio/,https://www.ycombinator.com/companies/diffusion-studio,Turn your agent into a professional video editor,Fall 2024,,Active,Artificial Intelligence,Y Combinator,https://yc-oss.github.io/api/tags/artificial-intelligence.json
1.0,STARTUP,Struct,struct-ai,https://struct.ai,https://www.ycombinator.com/companies/struct-ai,Agents that keep prod running,Fall 2024,,Active,Artificial Intelligence,Y Combinator,https://yc-oss.github.io/api/tags/artificial-intelligence.json
1.0,STARTUP,Melder,melder,https://melder.io,https://www.ycombinator.com/companies/melder,AI formulas and document support for Microsoft Excel,Fall 2024,,Active,Artificial Intelligence,Y Combinator,https://yc-oss.github.io/api/tags/artificial-intelligence.json
1.0,STARTUP,HumanLayer,humanlayer,https://humanlayer.com,https://www.ycombinator.com/companies/humanlayer,The multiplayer control plane for your software factory,Fall 2024,,Active,Artificial Intelligence,Y Combinator,https://yc-oss.github.io/api/tags/artificial-intelligence.json
1.0,STARTUP,Quantstruct,quantstruct,https://quantstruct.com,https://www.ycombinator.com/companies/quantstruct,AI documentation engineer – test & autoimprove stale product docs,Winter 2025,,Active,Artificial Intelligence,Y Combinator,https://yc-oss.github.io/api/tags/artificial-intelligence.json
1.0,STARTUP,Edexia,edexia,https://www.edexia.com/,https://www.ycombinator.com/companies/edexia,AI Teacher Assistant for Grading Essays,Winter 2025,,Active,Artificial Intelligence,Y Combinator,https://yc-oss.github.io/api/tags/artificial-intelligence.json
1.0,STARTUP,Outship,outship,https://outship.ai,https://www.ycombinator.com/companies/outship,Hire amazing engineers by seeing how they use AI,Winter 2025,,Active,Artificial Intelligence,Y Combinator,https://yc-oss.github.io/api/tags/artificial-intelligence.json
1.0,STARTUP,Candor,candor,https://www.usecandor.ai,https://www.ycombinator.com/companies/candor,We help companies win government funding with AI,Winter 2025,,Active,Artificial Intelligence,Y Combinator,https://yc-oss.github.io/api/tags/artificial-intelligence.json
1.0,STARTUP,Vetnio,vetnio,https://vetnio.com/,https://www.ycombinator.com/companies/vetnio,AI Copilot that automates admin work for veterinary professionals,Winter 2025,,Active,Artificial Intelligence,Y Combinator,https://yc-oss.github.io/api/tags/artificial-intelligence.json
1.0,STARTUP,Leaping AI,leaping-ai,https://www.leapingai.com,https://www.ycombinator.com/companies/leaping-ai,AI voice and texting agents,Winter 2025,,Active,Artificial Intelligence,Y Combinator,https://yc-oss.github.io/api/tags/artificial-intelligence.json
1.0,STARTUP,Tweeks.io,tweeksio,https://tweeks.io,https://www.ycombinator.com/companies/tweeksio,Lovable for Chrome Plugins,Winter 2025,,Active,Artificial Intelligence,Y Combinator,https://yc-oss.github.io/api/tags/artificial-intelligence.json
1.0,STARTUP,Praxim,praxim,https://www.praxim.ai/,https://www.ycombinator.com/companies/praxim,The agentic AI Word editor,Winter 2025,,Active,Artificial Intelligence,Y Combinator,https://yc-oss.github.io/api/tags/artificial-intelligence.json
1.0,STARTUP,Alice.tech,alice-tech,https://www.alice.tech/,https://www.ycombinator.com/companies/alice-tech,AI-driven exam prep,Winter 2025,,Active,Artificial Intelligence,Y Combinator,https://yc-oss.github.io/api/tags/artificial-intelligence.json
1.0,STARTUP,Dartboard,dartboard,https://dartboard.ai,https://www.ycombinator.com/companies/dartboard,AI-native remote operations center for hardware fleets,Winter 2025,,Active,Artificial Intelligence,Y Combinator,https://yc-oss.github.io/api/tags/artificial-intelligence.json
1.0,STARTUP,Vocality Health,vocality-health,https://www.vocalityhealth.com,https://www.ycombinator.com/companies/vocality-health,Voice AI for medical language translation,Winter 2025,,Active,Artificial Intelligence,Y Combinator,https://yc-oss.github.io/api/tags/artificial-intelligence.json
1.0,STARTUP,Scout,scout-4,https://scoutforschools.com/,https://www.ycombinator.com/companies/scout-4,AI-powered student information system for K-12 schools,Winter 2025,,Active,Artificial Intelligence,Y Combinator,https://yc-oss.github.io/api/tags/artificial-intelligence.json
1.0,STARTUP,Promptless,promptless,https://promptless.ai/,https://www.ycombinator.com/companies/promptless,An AI teammate that automatically updates your customer-facing docs,Winter 2025,,Active,Artificial Intelligence,Y Combinator,https://yc-oss.github.io/api/tags/artificial-intelligence.json
1.0,STARTUP,Truffle AI,truffle-ai,https://www.trytruffle.ai/,https://www.ycombinator.com/companies/truffle-ai,AWS for AI Agents,Winter 2025,,Active,Artificial Intelligence,Y Combinator,https://yc-oss.github.io/api/tags/artificial-intelligence.json
1.0,STARTUP,Toothy AI,toothy-ai,https://www.toothy.ai/,https://www.ycombinator.com/companies/toothy-ai,AI for insurance verification & billing at dental clinics,Winter 2025,,Active,Artificial Intelligence,Y Combinator,https://yc-oss.github.io/api/tags/artificial-intelligence.json
1.0,STARTUP,a0.dev,a0-dev,https://a0.dev,https://www.ycombinator.com/companies/a0-dev,We make mobile apps using AI.,Winter 2025,,Active,Artificial Intelligence,Y Combinator,https://yc-oss.github.io/api/tags/artificial-intelligence.json
1.0,STARTUP,Elip AI,elip-ai,https://www.tryelip.ai/,https://www.ycombinator.com/companies/elip-ai,Cooking something sweet and salty! ,Winter 2025,,Active,Artificial Intelligence,Y Combinator,https://yc-oss.github.io/api/tags/artificial-intelligence.json
1.0,STARTUP,Caseflood.ai,caseflood-ai,https://caseflood.ai,https://www.ycombinator.com/companies/caseflood-ai,How elite law firms do intake,Winter 2025,,Active,Artificial Intelligence,Y Combinator,https://yc-oss.github.io/api/tags/artificial-intelligence.json
1.0,STARTUP,Maive,maive,https://maive.ai,https://www.ycombinator.com/companies/maive,AI for Home Services,Winter 2025,,Active,Artificial Intelligence,Y Combinator,https://yc-oss.github.io/api/tags/artificial-intelligence.json
1.0,STARTUP,Adam,adam,https://adam.new/,https://www.ycombinator.com/companies/adam,AI Powered CAD,Winter 2025,,Active,Artificial Intelligence,Y Combinator,https://yc-oss.github.io/api/tags/artificial-intelligence.json
1.0,STARTUP,Swerve,swerve,https://www.getswerve.com/,https://www.ycombinator.com/companies/swerve,Chat with AI Characters,Winter 2025,,Active,Artificial Intelligence,Y Combinator,https://yc-oss.github.io/api/tags/artificial-intelligence.json
1.0,STARTUP,Osmosis,osmosis,https://osmosis.ai/,https://www.ycombinator.com/companies/osmosis,Reinforcement Learning (RL) for AI Agents,Winter 2025,,Active,Artificial Intelligence,Y Combinator,https://yc-oss.github.io/api/tags/artificial-intelligence.json
1.0,STARTUP,Mecha Health,mecha-health,https://www.mecha-health.ai/,https://www.ycombinator.com/companies/mecha-health,Foundation models to automate x-ray analysis for radiologists,Winter 2025,,Active,Artificial Intelligence,Y Combinator,https://yc-oss.github.io/api/tags/artificial-intelligence.json
1.0,STARTUP,Cuckoo Labs,cuckoo-labs,https://www.cuckoo.so/,https://www.ycombinator.com/companies/cuckoo-labs,Real-time AI translator for global sales and marketing,Winter 2025,,Active,Artificial Intelligence,Y Combinator,https://yc-oss.github.io/api/tags/artificial-intelligence.json
1.0,STARTUP,HUD,hud,https://www.hud.ai,https://www.ycombinator.com/companies/hud,Platform for building RL environments and evals ,Winter 2025,,Active,Artificial Intelligence,Y Combinator,https://yc-oss.github.io/api/tags/artificial-intelligence.json
1.0,STARTUP,Gale,gale,https://galevisa.com,https://www.ycombinator.com/companies/gale,Fast and Data-Driven Immigration Platform,Winter 2025,,Active,Artificial Intelligence,Y Combinator,https://yc-oss.github.io/api/tags/artificial-intelligence.json
1.0,STARTUP,Asteroid,asteroid,https://asteroid.ai,https://www.ycombinator.com/companies/asteroid,"The integration layer for healthcare: EHRs, payer portals & more ",Winter 2025,,Active,Artificial Intelligence,Y Combinator,https://yc-oss.github.io/api/tags/artificial-intelligence.json
1.0,STARTUP,Pickle,pickle-2,https://www.pickle.com,https://www.ycombinator.com/companies/pickle-2,Where your life context becomes understanding.,Winter 2025,,Active,Artificial Intelligence,Y Combinator,https://yc-oss.github.io/api/tags/artificial-intelligence.json
1.0,STARTUP,Harbera,harbera,https://harbera.com/,https://www.ycombinator.com/companies/harbera,AI Healthcare Provider Credentialing Software,Winter 2025,,Active,Artificial Intelligence,Y Combinator,https://yc-oss.github.io/api/tags/artificial-intelligence.json
1.0,STARTUP,Lopus,lopus,https://lopus.ai,https://www.ycombinator.com/companies/lopus,Headless Data Team,Winter 2025,,Active,Artificial Intelligence,Y Combinator,https://yc-oss.github.io/api/tags/artificial-intelligence.json
1.0,STARTUP,Mundo AI,mundo-ai,https://mundoai.world,https://www.ycombinator.com/companies/mundo-ai,High Quality Multilingual Training Data for AI Models,Winter 2025,,Active,Artificial Intelligence,Y Combinator,https://yc-oss.github.io/api/tags/artificial-intelligence.json
1.0,STARTUP,Lucidic AI,lucidic-ai,https://lucidic.ai,https://www.ycombinator.com/companies/lucidic-ai,Reimagining how Machines Learn ,Winter 2025,,Active,Artificial Intelligence,Y Combinator,https://yc-oss.github.io/api/tags/artificial-intelligence.json
1.0,STARTUP,Trata,trata,https://www.trytrata.com/,https://www.ycombinator.com/companies/trata,AI-powered research desk for hedge funds,Winter 2025,,Active,Artificial Intelligence,Y Combinator,https://yc-oss.github.io/api/tags/artificial-intelligence.json
1.0,STARTUP,Exla,exla,https://exla.ai/,https://www.ycombinator.com/companies/exla,Building agents that reads logs and fixes issues on your behalf.,Winter 2025,,Active,Artificial Intelligence,Y Combinator,https://yc-oss.github.io/api/tags/artificial-intelligence.json
1.0,STARTUP,Outlit,outlit,https://outlit.ai/,https://www.ycombinator.com/companies/outlit,Retain and Grow Every Customer,Winter 2025,,Active,Artificial Intelligence,Y Combinator,https://yc-oss.github.io/api/tags/artificial-intelligence.json
1.0,STARTUP,Sennu AI,sennu-ai,https://www.sennu.ai,https://www.ycombinator.com/companies/sennu-ai,We turn traditional companies into AI companies,Winter 2025,,Active,Artificial Intelligence,Y Combinator,https://yc-oss.github.io/api/tags/artificial-intelligence.json
1.0,STARTUP,Artificial Societies,artificial-societies,https://societies.io,https://www.ycombinator.com/companies/artificial-societies,We build networks of AIs to simulate high-value audiences,Winter 2025,,Active,Artificial Intelligence,Y Combinator,https://yc-oss.github.io/api/tags/artificial-intelligence.json
1.0,STARTUP,AfterQuery,afterquery,https://afterquery.com,https://www.ycombinator.com/companies/afterquery,Applied research lab curating data solutions for foundation model…,Winter 2025,,Active,Artificial Intelligence,Y Combinator,https://yc-oss.github.io/api/tags/artificial-intelligence.json
1.0,STARTUP,Mastra,mastra,https://mastra.ai,https://www.ycombinator.com/companies/mastra,"The Javascript framework for building AI agents, from the Gatsby devs",Winter 2025,,Active,Artificial Intelligence,Y Combinator,https://yc-oss.github.io/api/tags/artificial-intelligence.json
1.0,STARTUP,Proception Inc,proception-inc,https://proception.ai/,https://www.ycombinator.com/companies/proception-inc,Making humanoids dexterous enough to thread a needle,Winter 2025,,Active,Artificial Intelligence,Y Combinator,https://yc-oss.github.io/api/tags/artificial-intelligence.json
1.0,STARTUP,Woz,woz,https://www.wozcode.com/,https://www.ycombinator.com/companies/woz,Claude Code plugin that reduces token consumption and cost by 50%,Winter 2025,,Active,Artificial Intelligence,Y Combinator,https://yc-oss.github.io/api/tags/artificial-intelligence.json
1.0,STARTUP,Spott,spott,https://spott.io,https://www.ycombinator.com/companies/spott,AI-native ATS/CRM for recruiting firms,Winter 2025,,Active,Artificial Intelligence,Y Combinator,https://yc-oss.github.io/api/tags/artificial-intelligence.json
1.0,STARTUP,CopyCat,copycat,https://runcopycat.com,https://www.ycombinator.com/companies/copycat,AI agents built for insurance brokers,Winter 2025,,Active,Artificial Intelligence,Y Combinator,https://yc-oss.github.io/api/tags/artificial-intelligence.json
1.0,STARTUP,TamLabs,tamlabs,https://tamlabs.ai,https://www.ycombinator.com/companies/tamlabs,Agent teams for complex work,Winter 2025,,Active,Artificial Intelligence,Y Combinator,https://yc-oss.github.io/api/tags/artificial-intelligence.json
1.0,STARTUP,Codevisor,codevisor,https://www.codevisor.dev,https://www.ycombinator.com/companies/codevisor,The fastest native app for agentic engineering.,Winter 2025,,Active,Artificial Intelligence,Y Combinator,https://yc-oss.github.io/api/tags/artificial-intelligence.json
1.0,STARTUP,Dex,joindex,https://joindex.com,https://www.ycombinator.com/companies/joindex,The AI Coworker in Chrome,Winter 2025,,Active,Artificial Intelligence,Y Combinator,https://yc-oss.github.io/api/tags/artificial-intelligence.json
1.0,STARTUP,Mentra,mentra,https://mentra.glass,https://www.ycombinator.com/companies/mentra,Building the open source smart glasses operating system.,Winter 2025,,Active,Artificial Intelligence,Y Combinator,https://yc-oss.github.io/api/tags/artificial-intelligence.json
1.0,STARTUP,Blaxel,blaxel,https://blaxel.ai,https://www.ycombinator.com/companies/blaxel,The perpetual sandbox platform,Spring 2025,,Active,Artificial Intelligence,Y Combinator,https://yc-oss.github.io/api/tags/artificial-intelligence.json
1.0,STARTUP,Golf,golf,https://golf.dev/,https://www.ycombinator.com/companies/golf,Agentic AI Security and Governance,Spring 2025,,Active,Artificial Intelligence,Y Combinator,https://yc-oss.github.io/api/tags/artificial-intelligence.json
1.0,STARTUP,Serafis,serafis,https://serafis.ai,https://www.ycombinator.com/companies/serafis,Narrative intelligence for investors,Summer 2025,,Active,Artificial Intelligence,Y Combinator,https://yc-oss.github.io/api/tags/artificial-intelligence.json
1.0,STARTUP,Synthio Labs,synthio-labs,https://synthiolabs.com/,https://www.ycombinator.com/companies/synthio-labs,Agentic AI platform for Pharma GTM teams,Spring 2025,,Active,Artificial Intelligence,Y Combinator,https://yc-oss.github.io/api/tags/artificial-intelligence.json
1.0,STARTUP,neoncoral,neoncoral,http://neoncoral.inc,https://www.ycombinator.com/companies/neoncoral,,Spring 2025,,Active,Artificial Intelligence,Y Combinator,https://yc-oss.github.io/api/tags/artificial-intelligence.json
1.0,STARTUP,Acolite,acolite,https://acolite.ai,https://www.ycombinator.com/companies/acolite,AI Native Commercial Insurance Broker,Spring 2025,,Active,Artificial Intelligence,Y Combinator,https://yc-oss.github.io/api/tags/artificial-intelligence.json
1.0,STARTUP,Feyn,feyn,https://www.usefeyn.com,https://www.ycombinator.com/companies/feyn,Custom models trained on your data,Spring 2025,,Active,Artificial Intelligence,Y Combinator,https://yc-oss.github.io/api/tags/artificial-intelligence.json
1.0,STARTUP,Zeon Systems,zeon-systems,https://www.zeonsystems.ai/,https://www.ycombinator.com/companies/zeon-systems,AI-powered robotics for scientific lab automation.,Spring 2025,,Active,Artificial Intelligence,Y Combinator,https://yc-oss.github.io/api/tags/artificial-intelligence.json
1.0,STARTUP,Clarm,clarm,https://www.clarm.com,https://www.ycombinator.com/companies/clarm,"Build governed AI agents on your own data, without code",Spring 2025,,Active,Artificial Intelligence,Y Combinator,https://yc-oss.github.io/api/tags/artificial-intelligence.json
1.0,STARTUP,Hanji,hanji,https://hanji.dev/,https://www.ycombinator.com/companies/hanji,Turn your hardest documents into reliable data,Spring 2025,,Active,Artificial Intelligence,Y Combinator,https://yc-oss.github.io/api/tags/artificial-intelligence.json
1.0,STARTUP,Percival,percival,https://percy.tech,https://www.ycombinator.com/companies/percival,Accelerating data analysis for research,Spring 2025,,Inactive,Artificial Intelligence,Y Combinator,https://yc-oss.github.io/api/tags/artificial-intelligence.json
1.0,STARTUP,Kestral,kestral,https://kestral.ai,https://www.ycombinator.com/companies/kestral,We automate your entire product development lifecycle.,Spring 2025,,Active,Artificial Intelligence,Y Combinator,https://yc-oss.github.io/api/tags/artificial-intelligence.json
1.0,STARTUP,Parsewise,parsewise,https://parsewise.ai,https://www.ycombinator.com/companies/parsewise,"Multi-document processing for your risk teams, AI agents, pipelines",Spring 2025,,Active,Artificial Intelligence,Y Combinator,https://yc-oss.github.io/api/tags/artificial-intelligence.json
1.0,STARTUP,Tinfoil,tinfoil,https://tinfoil.sh,https://www.ycombinator.com/companies/tinfoil,Encrypted AI with verifiable privacy,Spring 2025,,Active,Artificial Intelligence,Y Combinator,https://yc-oss.github.io/api/tags/artificial-intelligence.json
1.0,STARTUP,Tegore,tegore,https://tegore.ai/,https://www.ycombinator.com/companies/tegore,Your new AI-powered math tutor.,Spring 2025,,Active,Artificial Intelligence,Y Combinator,https://yc-oss.github.io/api/tags/artificial-intelligence.json
1.0,STARTUP,throxy,throxy,https://throxy.com/,https://www.ycombinator.com/companies/throxy,"Vertical AI agents running B2B outbound on autopilot, with human SDRs",Spring 2025,,Active,Artificial Intelligence,Y Combinator,https://yc-oss.github.io/api/tags/artificial-intelligence.json
1.0,STARTUP,Anana,anana,https://getanana.com,https://www.ycombinator.com/companies/anana,AI Workspace for Hospitality Commercial Teams,Spring 2025,,Active,Artificial Intelligence,Y Combinator,https://yc-oss.github.io/api/tags/artificial-intelligence.json
1.0,STARTUP,IRBC,irbc,https://irbc.com/,https://www.ycombinator.com/companies/irbc,AI-native financial institution for global businesses + agents.,Spring 2025,,Active,Artificial Intelligence,Y Combinator,https://yc-oss.github.io/api/tags/artificial-intelligence.json
1.0,STARTUP,Theta,theta,https://thetasoftware.com,https://www.ycombinator.com/companies/theta,Specialized AI for Every Job,Spring 2025,,Active,Artificial Intelligence,Y Combinator,https://yc-oss.github.io/api/tags/artificial-intelligence.json
1.0,STARTUP,QualGent,qualgent,https://www.qualgent.ai,https://www.ycombinator.com/companies/qualgent,AI Mobile App Quality Assurance Tester,Spring 2025,,Active,Artificial Intelligence,Y Combinator,https://yc-oss.github.io/api/tags/artificial-intelligence.json
1.0,STARTUP,Human Behavior,human-behavior,https://www.humanbehavior.co/,https://www.ycombinator.com/companies/human-behavior,Understand your users beyond the numbers,Spring 2025,,Active,Artificial Intelligence,Y Combinator,https://yc-oss.github.io/api/tags/artificial-intelligence.json
1.0,STARTUP,Cartpole,cartpole,https://cartpole.com,https://www.ycombinator.com/companies/cartpole,Building reinforcement learning environments,Spring 2025,,Active,Artificial Intelligence,Y Combinator,https://yc-oss.github.io/api/tags/artificial-intelligence.json
1.0,STARTUP,Boost Robotics,boost-robotics,https://www.boostrobotics.ai,https://www.ycombinator.com/companies/boost-robotics,Robots for the inspection and maintenance of data centers,Spring 2025,,Active,Artificial Intelligence,Y Combinator,https://yc-oss.github.io/api/tags/artificial-intelligence.json
1.0,STARTUP,Cactus Compute,cactus-compute,https://www.cactuscompute.com/,https://www.ycombinator.com/companies/cactus-compute,Tiny Edge AI For Tiny Devices,Summer 2025,,Active,Artificial Intelligence,Y Combinator,https://yc-oss.github.io/api/tags/artificial-intelligence.json
1.0,STARTUP,Bramante,bramante,https://www.bramantebio.com,https://www.ycombinator.com/companies/bramante,Life sciences reagents and software,Spring 2025,,Active,Artificial Intelligence,Y Combinator,https://yc-oss.github.io/api/tags/artificial-intelligence.json
1.0,STARTUP,Kairos,kairos,https://www.withkairos.co/,https://www.ycombinator.com/companies/kairos,Specialized AI for Critical Industries,Spring 2025,,Active,Artificial Intelligence,Y Combinator,https://yc-oss.github.io/api/tags/artificial-intelligence.json
1.0,STARTUP,Mesmer,mesmer,https://mesmer.co,https://www.ycombinator.com/companies/mesmer,The operating system for the 100x Engineering Team,Spring 2025,,Active,Artificial Intelligence,Y Combinator,https://yc-oss.github.io/api/tags/artificial-intelligence.json
1.0,STARTUP,Adentris,adentris,https://www.adentris.com,https://www.ycombinator.com/companies/adentris,Real-time AI Compliance & Revenue Integrity for Medical Providers,Spring 2025,,Active,Artificial Intelligence,Y Combinator,https://yc-oss.github.io/api/tags/artificial-intelligence.json
1.0,STARTUP,Moby Analytics,moby-analytics,https://www.mobyanalytics.com/,https://www.ycombinator.com/companies/moby-analytics,AI financial auditors,Spring 2025,,Active,Artificial Intelligence,Y Combinator,https://yc-oss.github.io/api/tags/artificial-intelligence.json
1.0,STARTUP,Pelica,pelica,https://www.pelica.com/,https://www.ycombinator.com/companies/pelica,AI agents for risk-bearing healthcare organizations,Spring 2025,,Active,Artificial Intelligence,Y Combinator,https://yc-oss.github.io/api/tags/artificial-intelligence.json
1.0,STARTUP,Code Four,code-four,https://codefour.us/,https://www.ycombinator.com/companies/code-four,Modernizing the police workflow.,Spring 2025,,Active,Artificial Intelligence,Y Combinator,https://yc-oss.github.io/api/tags/artificial-intelligence.json
1.0,STARTUP,Cactus,oncactus,https://oncactus.com,https://www.ycombinator.com/companies/oncactus,All-In-One AI Growth Partner. Built for Trades.,Spring 2025,,Active,Artificial Intelligence,Y Combinator,https://yc-oss.github.io/api/tags/artificial-intelligence.json
1.0,STARTUP,Wavedash,wavedash,https://wavedash.com,https://www.ycombinator.com/companies/wavedash,Play the latest games in your browser with no downloads,Spring 2025,,Active,Artificial Intelligence,Y Combinator,https://yc-oss.github.io/api/tags/artificial-intelligence.json
1.0,STARTUP,StarSling,starsling,https://starsling.dev/,https://www.ycombinator.com/companies/starsling,Self-Driving CI: fast AI-native GitHub Actions runners,Spring 2025,,Active,Artificial Intelligence,Y Combinator,https://yc-oss.github.io/api/tags/artificial-intelligence.json
1.0,STARTUP,Text.ai,text-ai,https://www.text.ai/,https://www.ycombinator.com/companies/text-ai,Alfi - your group chat with social skills to bring friends closer,Spring 2025,,Active,Artificial Intelligence,Y Combinator,https://yc-oss.github.io/api/tags/artificial-intelligence.json
1.0,STARTUP,Blueshoe,blueshoe,https://blueshoe.com,https://www.ycombinator.com/companies/blueshoe,The AI-Native Consumer + Plaintiff Law Firm,Spring 2025,,Active,Artificial Intelligence,Y Combinator,https://yc-oss.github.io/api/tags/artificial-intelligence.json
1.0,STARTUP,Godela,godela,http://godela.ai,https://www.ycombinator.com/companies/godela,AI Physics Engine to replace simulations and prototypes,Spring 2025,,Active,Artificial Intelligence,Y Combinator,https://yc-oss.github.io/api/tags/artificial-intelligence.json
1.0,STARTUP,Docket,docket,https://docketqa.com,https://www.ycombinator.com/companies/docket,AI agents for web testing,Spring 2025,,Active,Artificial Intelligence,Y Combinator,https://yc-oss.github.io/api/tags/artificial-intelligence.json
1.0,STARTUP,Autonomous Technologies Group,autonomous-technologies-group,https://becomeautonomous.com/,https://www.ycombinator.com/companies/autonomous-technologies-group,Superintelligent financial advisor,Fall 2025,,Active,Artificial Intelligence,Y Combinator,https://yc-oss.github.io/api/tags/artificial-intelligence.json
1.0,STARTUP,Adaptional,adaptional,https://www.adaptional.com/,https://www.ycombinator.com/companies/adaptional,AI-powered insurance claims review,Summer 2025,,Active,Artificial Intelligence,Y Combinator,https://yc-oss.github.io/api/tags/artificial-intelligence.json
1.0,STARTUP,Meteor,meteor,https://browse.dev,https://www.ycombinator.com/companies/meteor,An AI-Native Browser,Summer 2025,,Active,Artificial Intelligence,Y Combinator,https://yc-oss.github.io/api/tags/artificial-intelligence.json
1.0,STARTUP,Closera,closera,https://closera.com,https://www.ycombinator.com/companies/closera,AI Shopping Agent for Your Ecommerce Store,Summer 2025,,Active,Artificial Intelligence,Y Combinator,https://yc-oss.github.io/api/tags/artificial-intelligence.json
1.0,STARTUP,Dedalus Labs,dedalus-labs,https://www.dedaluslabs.ai/,https://www.ycombinator.com/companies/dedalus-labs,Compute substrate for AI agents,Summer 2025,,Active,Artificial Intelligence,Y Combinator,https://yc-oss.github.io/api/tags/artificial-intelligence.json
1.0,STARTUP,truthsystems,truthsystems,https://www.truthsystems.ai,https://www.ycombinator.com/companies/truthsystems,Automatically blocking risky behavior with real-time governance agents,Summer 2025,,Active,Artificial Intelligence,Y Combinator,https://yc-oss.github.io/api/tags/artificial-intelligence.json
1.0,STARTUP,Lanesurf,lanesurf,https://www.lanesurf.com/,https://www.ycombinator.com/companies/lanesurf,Book any load in 10 minutes,Summer 2025,,Active,Artificial Intelligence,Y Combinator,https://yc-oss.github.io/api/tags/artificial-intelligence.json
1.0,STARTUP,Datafruit,datafruit,https://datafruit.ai/,https://www.ycombinator.com/companies/datafruit,The AI workspace for software implementations,Summer 2025,,Active,Artificial Intelligence,Y Combinator,https://yc-oss.github.io/api/tags/artificial-intelligence.json
1.0,STARTUP,Lark,lark,https://getlark.ai/,https://www.ycombinator.com/companies/lark,The E2E testing layer for AI-driven development,Summer 2025,,Active,Artificial Intelligence,Y Combinator,https://yc-oss.github.io/api/tags/artificial-intelligence.json
1.0,STARTUP,EffiGov,effigov,https://effigov.com,https://www.ycombinator.com/companies/effigov,The AI OS for Cities,Summer 2025,,Active,Artificial Intelligence,Y Combinator,https://yc-oss.github.io/api/tags/artificial-intelligence.json
1.0,STARTUP,Design Arena,design-arena,https://www.designarena.ai/,https://www.ycombinator.com/companies/design-arena,World's largest crowdsourced benchmark for AI-generated design,Summer 2025,,Active,Artificial Intelligence,Y Combinator,https://yc-oss.github.io/api/tags/artificial-intelligence.json
1.0,STARTUP,Lotas,lotas,https://www.lotas.ai,https://www.ycombinator.com/companies/lotas,AI for quantitative trading,Summer 2025,,Active,Artificial Intelligence,Y Combinator,https://yc-oss.github.io/api/tags/artificial-intelligence.json
1.0,STARTUP,Monarcha,monarcha,https://monarcha.ai,https://www.ycombinator.com/companies/monarcha,Turn maps into data,Summer 2025,,Active,Artificial Intelligence,Y Combinator,https://yc-oss.github.io/api/tags/artificial-intelligence.json
1.0,STARTUP,Nuntius,nuntius,https://www.nuntius.ai,https://www.ycombinator.com/companies/nuntius,Making Models Follow Rules.,Summer 2025,,Inactive,Artificial Intelligence,Y Combinator,https://yc-oss.github.io/api/tags/artificial-intelligence.json
1.0,STARTUP,Cyberdesk,cyberdesk,https://www.cyberdesk.io,https://www.ycombinator.com/companies/cyberdesk,Self learning computer use agent for developers,Summer 2025,,Active,Artificial Intelligence,Y Combinator,https://yc-oss.github.io/api/tags/artificial-intelligence.json
1.0,STARTUP,Frizzle,frizzle,https://www.frizzle.com,https://www.ycombinator.com/companies/frizzle,AI Grading for Teachers,Summer 2025,,Active,Artificial Intelligence,Y Combinator,https://yc-oss.github.io/api/tags/artificial-intelligence.json
1.0,STARTUP,Nori,nori,https://nori.ai,https://www.ycombinator.com/companies/nori,AI health coach in your pocket,Fall 2025,,Active,Artificial Intelligence,Y Combinator,https://yc-oss.github.io/api/tags/artificial-intelligence.json
1.0,STARTUP,Proliferate,proliferate,https://proliferate.com?utm_source=yc&utm_medium=referral&utm_campaign=profile,https://www.ycombinator.com/companies/proliferate,Do your life's work with agents,Summer 2025,,Active,Artificial Intelligence,Y Combinator,https://yc-oss.github.io/api/tags/artificial-intelligence.json
1.0,STARTUP,Magnitude,magnitude,https://magnitude.dev,https://www.ycombinator.com/companies/magnitude,Open source inference server for local models,Summer 2025,,Active,Artificial Intelligence,Y Combinator,https://yc-oss.github.io/api/tags/artificial-intelligence.json
1.0,STARTUP,DeepAware AI (Robotics Center of Silicon Valley),deepaware-ai-robotics-center-of-silicon-valley,https://roboticscenter.ai/,https://www.ycombinator.com/companies/deepaware-ai-robotics-center-of-silicon-valley,"Robots, parts & RL envs & evals - delivered in 48 hrs / pickup in SF.",Summer 2025,,Active,Artificial Intelligence,Y Combinator,https://yc-oss.github.io/api/tags/artificial-intelligence.json
1.0,STARTUP,Stellon Labs,stellon-labs,https://stellonlabs.com/,https://www.ycombinator.com/companies/stellon-labs,Building tiny frontier AI models that run on edge devices,Summer 2025,,Active,Artificial Intelligence,Y Combinator,https://yc-oss.github.io/api/tags/artificial-intelligence.json
1.0,STARTUP,Doe,doe,https://doe.so/,https://www.ycombinator.com/companies/doe,"The boring stuff, handled. Everything else, supercharged.",Summer 2025,,Active,Artificial Intelligence,Y Combinator,https://yc-oss.github.io/api/tags/artificial-intelligence.json
1.0,STARTUP,OneStop,onestop,https://www.askonestop.com,https://www.ycombinator.com/companies/onestop,The local internet for NYC.,Summer 2025,,Active,Artificial Intelligence,Y Combinator,https://yc-oss.github.io/api/tags/artificial-intelligence.json
1.0,STARTUP,Embedder,embedder,https://www.embedder.com,https://www.ycombinator.com/companies/embedder,Hardware-Aware AI for Embedded Software Development,Summer 2025,,Active,Artificial Intelligence,Y Combinator,https://yc-oss.github.io/api/tags/artificial-intelligence.json
1.0,STARTUP,Channel3,channel3,https://trychannel3.com,https://www.ycombinator.com/companies/channel3,Database of every product on the internet,Summer 2025,,Active,Artificial Intelligence,Y Combinator,https://yc-oss.github.io/api/tags/artificial-intelligence.json
1.0,STARTUP,Normal,normal,https://www.normalfactory.com/,https://www.ycombinator.com/companies/normal,Testing and certifying the hardware of the future,Summer 2025,,Active,Artificial Intelligence,Y Combinator,https://yc-oss.github.io/api/tags/artificial-intelligence.json
1.0,STARTUP,VibeFlow,vibeflow,https://vibeflow.ai/,https://www.ycombinator.com/companies/vibeflow,AI content manager that grows your company's online presence,Summer 2025,,Active,Artificial Intelligence,Y Combinator,https://yc-oss.github.io/api/tags/artificial-intelligence.json
1.0,STARTUP,Nozomio,nozomio,https://www.nozomio.com/,https://www.ycombinator.com/companies/nozomio,product lab. focused on personal ai and context.,Summer 2025,,Active,Artificial Intelligence,Y Combinator,https://yc-oss.github.io/api/tags/artificial-intelligence.json
1.0,STARTUP,Mimos,mimos,https://www.trymimos.com/,https://www.ycombinator.com/companies/mimos,The growth OS for plaintiff-side law firms,Summer 2025,,Active,Artificial Intelligence,Y Combinator,https://yc-oss.github.io/api/tags/artificial-intelligence.json
1.0,STARTUP,TwentyTwo,twentytwo,https://twentytwo.bio/,https://www.ycombinator.com/companies/twentytwo,AI infrastructure for biosecurity,Summer 2025,,Active,Artificial Intelligence,Y Combinator,https://yc-oss.github.io/api/tags/artificial-intelligence.json
1.0,STARTUP,Char,char,https://char.com,https://www.ycombinator.com/companies/char,The AI notepad that knows and works for you,Summer 2025,,Active,Artificial Intelligence,Y Combinator,https://yc-oss.github.io/api/tags/artificial-intelligence.json
1.0,STARTUP,Relling,relling,https://relling.co,https://www.ycombinator.com/companies/relling,deploying the first billion robots for manufacturing,Summer 2025,,Active,Artificial Intelligence,Y Combinator,https://yc-oss.github.io/api/tags/artificial-intelligence.json
1.0,STARTUP,Motives,motives,https://motives.ai/,https://www.ycombinator.com/companies/motives,Consumer focus groups run by AI,Summer 2025,,Active,Artificial Intelligence,Y Combinator,https://yc-oss.github.io/api/tags/artificial-intelligence.json
1.0,STARTUP,Finto,finto-de,https://www.gofinto.com/,https://www.ycombinator.com/companies/finto-de,AI accounting for enterprise finance teams,Summer 2025,,Active,Artificial Intelligence,Y Combinator,https://yc-oss.github.io/api/tags/artificial-intelligence.json
1.0,STARTUP,Autosana,autosana,https://autosana.ai,https://www.ycombinator.com/companies/autosana,AI agents for E2E testing across mobile & web,Summer 2025,,Active,Artificial Intelligence,Y Combinator,https://yc-oss.github.io/api/tags/artificial-intelligence.json
1.0,STARTUP,Knowlify,knowlify,https://www.knowlify.com/,https://www.ycombinator.com/companies/knowlify,The AI Explainer Video Maker,Summer 2025,,Active,Artificial Intelligence,Y Combinator,https://yc-oss.github.io/api/tags/artificial-intelligence.json
1.0,STARTUP,Omnara,omnara,https://omnara.com,https://www.ycombinator.com/companies/omnara,The Open-Source Alternative to Claude Managed Agents,Summer 2025,,Active,Artificial Intelligence,Y Combinator,https://yc-oss.github.io/api/tags/artificial-intelligence.json
1.0,STARTUP,Alara,alara,http://alaradental.com,https://www.ycombinator.com/companies/alara,Procurement Platform for Dental Offices,Summer 2025,,Active,Artificial Intelligence,Y Combinator,https://yc-oss.github.io/api/tags/artificial-intelligence.json
1.0,STARTUP,OS3,os3,https://os3robotics.com/,https://www.ycombinator.com/companies/os3,Deploying US-Built Humanoid Robots & Training Video Action Models,Summer 2026,,Active,Artificial Intelligence,Y Combinator,https://yc-oss.github.io/api/tags/artificial-intelligence.json
1.0,STARTUP,Floot,floot,https://floot.com,https://www.ycombinator.com/companies/floot,The app platform inside Claude and ChatGPT.,Summer 2025,,Active,Artificial Intelligence,Y Combinator,https://yc-oss.github.io/api/tags/artificial-intelligence.json
1.0,STARTUP,Maximal,maximal,https://www.trymaximal.com,https://www.ycombinator.com/companies/maximal,Truckload Planning at Machine Precision,Summer 2025,,Active,Artificial Intelligence,Y Combinator,https://yc-oss.github.io/api/tags/artificial-intelligence.json
1.0,STARTUP,PARES AI,pares-ai,https://www.pares.ai/,https://www.ycombinator.com/companies/pares-ai,AI-native real estate services firm,Summer 2025,,Active,Artificial Intelligence,Y Combinator,https://yc-oss.github.io/api/tags/artificial-intelligence.json
1.0,STARTUP,Altur,altur,https://altur.io,https://www.ycombinator.com/companies/altur,Voice AI Agents for Debt Collection,Summer 2025,,Active,Artificial Intelligence,Y Combinator,https://yc-oss.github.io/api/tags/artificial-intelligence.json
1.0,STARTUP,Pleom,pleom,https://pleom.com,https://www.ycombinator.com/companies/pleom,Agentic Business Intelligence,Summer 2025,,Active,Artificial Intelligence,Y Combinator,https://yc-oss.github.io/api/tags/artificial-intelligence.json
1.0,STARTUP,Pally,pally,https://pally.com,https://www.ycombinator.com/companies/pally,Your personal AI Assistant,Summer 2025,,Active,Artificial Intelligence,Y Combinator,https://yc-oss.github.io/api/tags/artificial-intelligence.json
1.0,STARTUP,Certus AI,certus-ai,https://www.certus-ai.com/,https://www.ycombinator.com/companies/certus-ai,Replacing the restaurant phone line with Voice AI,Summer 2025,,Active,Artificial Intelligence,Y Combinator,https://yc-oss.github.io/api/tags/artificial-intelligence.json
1.0,STARTUP,Reacher,reacher,https://reacherapp.com/,https://www.ycombinator.com/companies/reacher,We automate creator marketing for the world's largest brands,Summer 2025,,Active,Artificial Intelligence,Y Combinator,https://yc-oss.github.io/api/tags/artificial-intelligence.json
1.0,STARTUP,KERNEL,kernel,https://www.kernel.sh,https://www.ycombinator.com/companies/kernel,"Crazy fast, open source infra for AI agents to use the Internet",Summer 2025,,Active,Artificial Intelligence,Y Combinator,https://yc-oss.github.io/api/tags/artificial-intelligence.json
1.0,STARTUP,CLODO,clodo,https://clodo.ai,https://www.ycombinator.com/companies/clodo,Planet-scale people discovery.,Summer 2025,,Active,Artificial Intelligence,Y Combinator,https://yc-oss.github.io/api/tags/artificial-intelligence.json
1.0,STARTUP,Fleetline,fleetline,https://fleetline.ai,https://www.ycombinator.com/companies/fleetline,Optimizing fleet planning with data driven algorithms,Summer 2025,,Active,Artificial Intelligence,Y Combinator,https://yc-oss.github.io/api/tags/artificial-intelligence.json
1.0,STARTUP,Modelence,modelence,https://modelence.com,https://www.ycombinator.com/companies/modelence,Build production-ready apps with AI,Summer 2025,,Active,Artificial Intelligence,Y Combinator,https://yc-oss.github.io/api/tags/artificial-intelligence.json
1.0,STARTUP,TectoAI,tectoai,https://www.tecto.ai/,https://www.ycombinator.com/companies/tectoai,A Platform for AI Governance,Summer 2025,,Active,Artificial Intelligence,Y Combinator,https://yc-oss.github.io/api/tags/artificial-intelligence.json
1.0,STARTUP,RowFlow,rowflow,https://rowflow.ai,https://www.ycombinator.com/companies/rowflow,Replacing forms with AI conversations,Summer 2025,,Active,Artificial Intelligence,Y Combinator,https://yc-oss.github.io/api/tags/artificial-intelligence.json
1.0,STARTUP,NOSO LABS,noso-labs,https://noso.so,https://www.ycombinator.com/companies/noso-labs,Build AI agents for field technicians to diagnose and sell 10x better,Summer 2025,,Active,Artificial Intelligence,Y Combinator,https://yc-oss.github.io/api/tags/artificial-intelligence.json
1.0,STARTUP,Luminal,luminal,https://luminal.com,https://www.ycombinator.com/companies/luminal,Making AI run fast on any hardware.,Summer 2025,,Active,Artificial Intelligence,Y Combinator,https://yc-oss.github.io/api/tags/artificial-intelligence.json
1.0,STARTUP,Paloma,paloma,https://getpaloma.ai/,https://www.ycombinator.com/companies/paloma,Digital transformation for real economy businesses,Summer 2025,,Active,Artificial Intelligence,Y Combinator,https://yc-oss.github.io/api/tags/artificial-intelligence.json
1.0,STARTUP,Mixy,mixy,https://usemixy.com,https://www.ycombinator.com/companies/mixy,Make mashups without knowing how to DJ,Fall 2025,,Active,Artificial Intelligence,Y Combinator,https://yc-oss.github.io/api/tags/artificial-intelligence.json
1.0,STARTUP,Lapis,lapis,https://www.trylapis.com/,https://www.ycombinator.com/companies/lapis,"AI that creates and runs ads, end-end",Fall 2025,,Active,Artificial Intelligence,Y Combinator,https://yc-oss.github.io/api/tags/artificial-intelligence.json
1.0,STARTUP,Structured AI,structured-ai,https://www.getstructured.ai/,https://www.ycombinator.com/companies/structured-ai,The AI drawing review platform for architects and engineers.,Fall 2025,,Active,Artificial Intelligence,Y Combinator,https://yc-oss.github.io/api/tags/artificial-intelligence.json
1.0,STARTUP,Zavo,zavo,https://zavopay.com,https://www.ycombinator.com/companies/zavo,AI Operating System for Restaurants ,Fall 2025,,Active,Artificial Intelligence,Y Combinator,https://yc-oss.github.io/api/tags/artificial-intelligence.json
1.0,STARTUP,Nexus,gpt,https://agent.nexus,https://www.ycombinator.com/companies/gpt,We help non-technical teams build AI agents without engineers,Fall 2025,,Active,Artificial Intelligence,Y Combinator,https://yc-oss.github.io/api/tags/artificial-intelligence.json
1.0,STARTUP,Bolna AI,bolna-ai,https://bolna.ai,https://www.ycombinator.com/companies/bolna-ai,Voice AI to enable India's next billion,Fall 2025,,Active,Artificial Intelligence,Y Combinator,https://yc-oss.github.io/api/tags/artificial-intelligence.json
1.0,STARTUP,Scoop,scoop,https://scooplabs.ai,https://www.ycombinator.com/companies/scoop,Automating regulatory submissions for life sciences,Fall 2025,,Active,Artificial Intelligence,Y Combinator,https://yc-oss.github.io/api/tags/artificial-intelligence.json
1.0,STARTUP,Caddy,caddy,https://caddy.app/,https://www.ycombinator.com/companies/caddy,Your Personal AI for everyday work. Lives in your texts.,Fall 2025,,Active,Artificial Intelligence,Y Combinator,https://yc-oss.github.io/api/tags/artificial-intelligence.json
1.0,STARTUP,Tell if AI,tell-if-ai,https://tellif.ai,https://www.ycombinator.com/companies/tell-if-ai,"AI agents on real phones, growing brands across every platform.",Fall 2025,,Active,Artificial Intelligence,Y Combinator,https://yc-oss.github.io/api/tags/artificial-intelligence.json
1.0,STARTUP,Flick,flick,https://flick.art,https://www.ycombinator.com/companies/flick,We Handle AI. You Direct Films.,Fall 2025,,Active,Artificial Intelligence,Y Combinator,https://yc-oss.github.io/api/tags/artificial-intelligence.json
1.0,STARTUP,SellRaze,sellraze,https://sellraze.com,https://www.ycombinator.com/companies/sellraze,The fastest way to sell online.,Fall 2025,,Active,Artificial Intelligence,Y Combinator,https://yc-oss.github.io/api/tags/artificial-intelligence.json
1.0,STARTUP,Unsiloed AI,unsiloed-ai,https://www.unsiloed.ai/,https://www.ycombinator.com/companies/unsiloed-ai,API for parsing multimodal unstructured data,Fall 2025,,Active,Artificial Intelligence,Y Combinator,https://yc-oss.github.io/api/tags/artificial-intelligence.json
1.0,STARTUP,LogosGuard,logosguard,https://logosguard.com/,https://www.ycombinator.com/companies/logosguard,The sensitive data redaction layer for AI,Fall 2025,,Active,Artificial Intelligence,Y Combinator,https://yc-oss.github.io/api/tags/artificial-intelligence.json
1.0,STARTUP,Agentic Fabriq,agentic-fabriq,https://www.agenticfabriq.com,https://www.ycombinator.com/companies/agentic-fabriq,The control plane for AI agents.,Winter 2026,,Active,Artificial Intelligence,Y Combinator,https://yc-oss.github.io/api/tags/artificial-intelligence.json
1.0,STARTUP,Aleph Lab,aleph-lab,http://alephlab.ai/,https://www.ycombinator.com/companies/aleph-lab,AI language buddy in the games kids love,Fall 2025,,Active,Artificial Intelligence,Y Combinator,https://yc-oss.github.io/api/tags/artificial-intelligence.json
1.0,STARTUP,Helonic,helonic,https://helonic.com,https://www.ycombinator.com/companies/helonic,Automatic Construction Drawing Clash Detection ,Fall 2025,,Active,Artificial Intelligence,Y Combinator,https://yc-oss.github.io/api/tags/artificial-intelligence.json
1.0,STARTUP,FinalDose,finaldose,https://finaldose.ai/,https://www.ycombinator.com/companies/finaldose,"Programmable DNA drug destroying all cancers, unlocking 80% of targets",Spring 2026,,Active,Artificial Intelligence,Y Combinator,https://yc-oss.github.io/api/tags/artificial-intelligence.json
1.0,STARTUP,Rovr,rovr,https://www.withrovr.com/,https://www.ycombinator.com/companies/rovr,AI FDE Engine that runs your engineering workflows,Fall 2025,,Inactive,Artificial Intelligence,Y Combinator,https://yc-oss.github.io/api/tags/artificial-intelligence.json
1.0,STARTUP,Compyle,compyle,https://compyle.ai,https://www.ycombinator.com/companies/compyle,The coding agent that actually collaborates with you,Fall 2025,,Active,Artificial Intelligence,Y Combinator,https://yc-oss.github.io/api/tags/artificial-intelligence.json
1.0,STARTUP,Frontier Computing,frontier-computing,https://frontier.site,https://www.ycombinator.com/companies/frontier-computing,Frontier grows scalable biological brains as an ML training substrate,Summer 2026,,Active,Artificial Intelligence,Y Combinator,https://yc-oss.github.io/api/tags/artificial-intelligence.json
1.0,STARTUP,Radius,radiusbrowser,https://www.radiusbrowser.com,https://www.ycombinator.com/companies/radiusbrowser,Code and browse in the same place,Fall 2025,,Active,Artificial Intelligence,Y Combinator,https://yc-oss.github.io/api/tags/artificial-intelligence.json
1.0,STARTUP,Cortex AI,cortex-ai,https://cortexrobot.ai/,https://www.ycombinator.com/companies/cortex-ai,Large-scale real-world robot & human data for embodied AI,Fall 2025,,Active,Artificial Intelligence,Y Combinator,https://yc-oss.github.io/api/tags/artificial-intelligence.json
1.0,STARTUP,Patent Watch,patent-watch,https://www.patentwatch.ai/,https://www.ycombinator.com/companies/patent-watch,AI for detecting patent infringements,Fall 2025,,Active,Artificial Intelligence,Y Combinator,https://yc-oss.github.io/api/tags/artificial-intelligence.json
1.0,STARTUP,Anto Biosciences,anto-biosciences,https://www.anto.bio/,https://www.ycombinator.com/companies/anto-biosciences,A Foundation Model for Microbial Communities.,Fall 2025,,Active,Artificial Intelligence,Y Combinator,https://yc-oss.github.io/api/tags/artificial-intelligence.json
1.0,STARTUP,Imagine AI,imagine-ai,https://imagineai.me,https://www.ycombinator.com/companies/imagine-ai,"We reverse engineer B2B growth, starting with LinkedIn.",Fall 2025,,Active,Artificial Intelligence,Y Combinator,https://yc-oss.github.io/api/tags/artificial-intelligence.json
1.0,STARTUP,Aside,aside,https://aside.com,https://www.ycombinator.com/companies/aside,The browser built to do real work for you,Fall 2025,,Active,Artificial Intelligence,Y Combinator,https://yc-oss.github.io/api/tags/artificial-intelligence.json
1.0,STARTUP,Sourcebot,sourcebot,https://www.sourcebot.dev/,https://www.ycombinator.com/companies/sourcebot,Helping humans and AI agents understand massive codebases,Fall 2025,,Active,Artificial Intelligence,Y Combinator,https://yc-oss.github.io/api/tags/artificial-intelligence.json
1.0,STARTUP,Philon,philon,https://philon.ai/,https://www.ycombinator.com/companies/philon,General Purpose Robots,Fall 2025,,Active,Artificial Intelligence,Y Combinator,https://yc-oss.github.io/api/tags/artificial-intelligence.json
1.0,STARTUP,Relaw,relaw,https://www.relaw.ai,https://www.ycombinator.com/companies/relaw,AI Legal OS,Fall 2025,,Active,Artificial Intelligence,Y Combinator,https://yc-oss.github.io/api/tags/artificial-intelligence.json
1.0,STARTUP,Perseus,perseus,https://perseus.computer,https://www.ycombinator.com/companies/perseus,Applied Lab focused on Search in Latent Spaces.,Fall 2025,,Active,Artificial Intelligence,Y Combinator,https://yc-oss.github.io/api/tags/artificial-intelligence.json
1.0,STARTUP,Lemma,uselemma,https://www.uselemma.ai/,https://www.ycombinator.com/companies/uselemma,Production Monitoring for AI agents,Fall 2025,,Active,Artificial Intelligence,Y Combinator,https://yc-oss.github.io/api/tags/artificial-intelligence.json
1.0,STARTUP,MadeThis,madethis,https://madethis.com,https://www.ycombinator.com/companies/madethis,The autonomous business platform,Fall 2025,,Active,Artificial Intelligence,Y Combinator,https://yc-oss.github.io/api/tags/artificial-intelligence.json
1.0,STARTUP,Boom AI,boom-ai,https://useboom.ai,https://www.ycombinator.com/companies/boom-ai,AI agents that recover lost revenue through real conversations.,Fall 2025,,Active,Artificial Intelligence,Y Combinator,https://yc-oss.github.io/api/tags/artificial-intelligence.json
1.0,STARTUP,Layers,layers,https://www.layers.bio/,https://www.ycombinator.com/companies/layers,"Improve your appearance by measuring, understanding, and tracking…",Fall 2025,,Active,Artificial Intelligence,Y Combinator,https://yc-oss.github.io/api/tags/artificial-intelligence.json
1.0,STARTUP,DiligenceSquared,diligencesquared-inc,https://diligencesquared.com/,https://www.ycombinator.com/companies/diligencesquared-inc,AI-powered market due diligence for investment decisions,Fall 2025,,Active,Artificial Intelligence,Y Combinator,https://yc-oss.github.io/api/tags/artificial-intelligence.json
1.0,STARTUP,Axial,axial,https://axialcompute.com,https://www.ycombinator.com/companies/axial,Accelerated Physics Kernels for Computational Engineering,Fall 2025,,Active,Artificial Intelligence,Y Combinator,https://yc-oss.github.io/api/tags/artificial-intelligence.json
1.0,STARTUP,Clicks Health,clicks-health,https://www.goclicks.ai/,https://www.ycombinator.com/companies/clicks-health,AI agents for your healthcare back-office operations.,Fall 2025,,Active,Artificial Intelligence,Y Combinator,https://yc-oss.github.io/api/tags/artificial-intelligence.json
1.0,STARTUP,Openroll,openroll,https://www.openroll.com,https://www.ycombinator.com/companies/openroll,The AI workforce for People and Finance teams,Fall 2025,,Active,Artificial Intelligence,Y Combinator,https://yc-oss.github.io/api/tags/artificial-intelligence.json
1.0,STARTUP,Rivet,rivet-design,https://rivet.design/,https://www.ycombinator.com/companies/rivet-design,Explore dozens of design directions with your agent,Fall 2025,,Active,Artificial Intelligence,Y Combinator,https://yc-oss.github.io/api/tags/artificial-intelligence.json
1.0,STARTUP,Ndea,ndea-com,https://ndea.com,https://www.ycombinator.com/companies/ndea-com,Building AGI that can innovate.,Winter 2026,,Active,Artificial Intelligence,Y Combinator,https://yc-oss.github.io/api/tags/artificial-intelligence.json
1.0,STARTUP,Haladir,haladir,https://www.haladir.com/,https://www.ycombinator.com/companies/haladir,Operational Superintelligence for Global Logistics,Winter 2026,,Active,Artificial Intelligence,Y Combinator,https://yc-oss.github.io/api/tags/artificial-intelligence.json
1.0,STARTUP,Linzumi,linzumi,https://linzumi.com,https://www.ycombinator.com/companies/linzumi,Team chat to command all your company's coding agents,Spring 2026,,Active,Artificial Intelligence,Y Combinator,https://yc-oss.github.io/api/tags/artificial-intelligence.json
1.0,STARTUP,OneTriangle,onetriangle,https://onetriangle.ai/,https://www.ycombinator.com/companies/onetriangle,"The cheapest, fastest inference cloud",Summer 2026,,Active,Artificial Intelligence,Y Combinator,https://yc-oss.github.io/api/tags/artificial-intelligence.json
1.0,STARTUP,Imperfect,imperfect,https://imperfect.co,https://www.ycombinator.com/companies/imperfect,"Adaptive training coach for runners, cyclists, and triathletes ",Spring 2026,,Active,Artificial Intelligence,Y Combinator,https://yc-oss.github.io/api/tags/artificial-intelligence.json
1.0,STARTUP,Piris Labs,pirislabs,https://pirislabs.io/,https://www.ycombinator.com/companies/pirislabs,The Networking Layer of AI,Winter 2026,,Active,Artificial Intelligence,Y Combinator,https://yc-oss.github.io/api/tags/artificial-intelligence.json
1.0,STARTUP,Ashr,ashr,https://ashr.io,https://www.ycombinator.com/companies/ashr,"Enterprise post-training, monitoring, and continual learning platform",Winter 2026,,Active,Artificial Intelligence,Y Combinator,https://yc-oss.github.io/api/tags/artificial-intelligence.json
1.0,STARTUP,RamAIn,ramain,https://ramain.ai,https://www.ycombinator.com/companies/ramain,Automate any UI task with natural language,Winter 2026,,Active,Artificial Intelligence,Y Combinator,https://yc-oss.github.io/api/tags/artificial-intelligence.json
1.0,STARTUP,Salus,salus,https://www.usesalus.ai/,https://www.ycombinator.com/companies/salus,Guardrails to validate your agent's actions before they execute,Winter 2026,,Active,Artificial Intelligence,Y Combinator,https://yc-oss.github.io/api/tags/artificial-intelligence.json
1.0,STARTUP,Rapidfolio,rapidfolio,https://rapidfolio.com/,https://www.ycombinator.com/companies/rapidfolio,AI-native back-office for banks and fintechs,Summer 2026,,Active,Artificial Intelligence,Y Combinator,https://yc-oss.github.io/api/tags/artificial-intelligence.json
1.0,STARTUP,IncidentFox,brownie,https://incidentfox.ai,https://www.ycombinator.com/companies/brownie,"AI SRE agent that triages, coordinates, and fixes production incidents",Winter 2026,,Active,Artificial Intelligence,Y Combinator,https://yc-oss.github.io/api/tags/artificial-intelligence.json
1.0,STARTUP,Instinct,instinct-xyz,https://instinct.xyz,https://www.ycombinator.com/companies/instinct-xyz,Trade your instinct,Winter 2026,,Active,Artificial Intelligence,Y Combinator,https://yc-oss.github.io/api/tags/artificial-intelligence.json
1.0,STARTUP,Visibl Semiconductors,visibl-semiconductors,https://visiblsemi.com,https://www.ycombinator.com/companies/visibl-semiconductors,Custom silicon for power electronics,Winter 2026,,Active,Artificial Intelligence,Y Combinator,https://yc-oss.github.io/api/tags/artificial-intelligence.json
1.0,STARTUP,Assemble,assemble,https://www.assemble.ai/,https://www.ycombinator.com/companies/assemble,Autonomous IT Delivery,Summer 2026,,Active,Artificial Intelligence,Y Combinator,https://yc-oss.github.io/api/tags/artificial-intelligence.json
1.0,STARTUP,Fenrock AI,fenrock-ai,https://fenrock.ai/,https://www.ycombinator.com/companies/fenrock-ai,AI agents for banks,Winter 2026,,Active,Artificial Intelligence,Y Combinator,https://yc-oss.github.io/api/tags/artificial-intelligence.json
1.0,STARTUP,Revion,revion,https://revion.inc,https://www.ycombinator.com/companies/revion,Intelligence for Automotive Operations,Winter 2026,,Active,Artificial Intelligence,Y Combinator,https://yc-oss.github.io/api/tags/artificial-intelligence.json
1.0,STARTUP,Sitefire,sitefire,https://sitefire.ai,https://www.ycombinator.com/companies/sitefire,Marketing suite for the agentic web,Winter 2026,,Active,Artificial Intelligence,Y Combinator,https://yc-oss.github.io/api/tags/artificial-intelligence.json
1.0,STARTUP,Archal,archal,https://www.archal.ai/,https://www.ycombinator.com/companies/archal,"API sandboxes, built for AI agents",Summer 2026,,Active,Artificial Intelligence,Y Combinator,https://yc-oss.github.io/api/tags/artificial-intelligence.json
1.0,STARTUP,Voxel Energy,voxel-energy,https://voxelenergy.com/,https://www.ycombinator.com/companies/voxel-energy,Energy independent data centers with solar and repurposed batteries. ,Winter 2026,,Active,Artificial Intelligence,Y Combinator,https://yc-oss.github.io/api/tags/artificial-intelligence.json
1.0,STARTUP,Superset,superset,https://www.superset.sh/,https://www.ycombinator.com/companies/superset,Building self-improving software,Spring 2026,,Active,Artificial Intelligence,Y Combinator,https://yc-oss.github.io/api/tags/artificial-intelligence.json
1.0,STARTUP,Datoric,datoric,https://www.datoric.com,https://www.ycombinator.com/companies/datoric,The secure training data R&D engine for physical AI,Summer 2026,,Active,Artificial Intelligence,Y Combinator,https://yc-oss.github.io/api/tags/artificial-intelligence.json
1.0,STARTUP,Servo7,servo7,https://servo7.com,https://www.ycombinator.com/companies/servo7,Container unloading robots for warehouses,Winter 2026,,Active,Artificial Intelligence,Y Combinator,https://yc-oss.github.io/api/tags/artificial-intelligence.json
1.0,STARTUP,Foreman,foreman,https://foreman.co,https://www.ycombinator.com/companies/foreman,"Keeping contractors on the job site, not behind a desk.",Winter 2026,,Active,Artificial Intelligence,Y Combinator,https://yc-oss.github.io/api/tags/artificial-intelligence.json
1.0,STARTUP,Turnstone,turnstone,https://myturnstone.ai,https://www.ycombinator.com/companies/turnstone,Work with agents that already know you,Winter 2026,,Active,Artificial Intelligence,Y Combinator,https://yc-oss.github.io/api/tags/artificial-intelligence.json
1.0,STARTUP,Atlia,atlia,https://www.atlia.com,https://www.ycombinator.com/companies/atlia,The AI-native property management company for short-term rentals,Summer 2026,,Active,Artificial Intelligence,Y Combinator,https://yc-oss.github.io/api/tags/artificial-intelligence.json
1.0,STARTUP,Talking Computers,talking-computers,https://talkingcomputers.ai,https://www.ycombinator.com/companies/talking-computers,Real-time interaction models for voice agents,Winter 2026,,Active,Artificial Intelligence,Y Combinator,https://yc-oss.github.io/api/tags/artificial-intelligence.json
1.0,STARTUP,Veriad,veriad,https://veriad.com,https://www.ycombinator.com/companies/veriad,Enterprise marketing agents,Winter 2026,,Active,Artificial Intelligence,Y Combinator,https://yc-oss.github.io/api/tags/artificial-intelligence.json
1.0,STARTUP,Poth Labs,poth-labs,https://pothlabs.com,https://www.ycombinator.com/companies/poth-labs,The customer brain that connects data to explain customer behavior,Summer 2026,,Active,Artificial Intelligence,Y Combinator,https://yc-oss.github.io/api/tags/artificial-intelligence.json
1.0,STARTUP,Carrot Labs,carrot-labs,https://superpenguin.ai/,https://www.ycombinator.com/companies/carrot-labs,AI Cost Management: Track and attribute AI spend across every provider,Winter 2026,,Active,Artificial Intelligence,Y Combinator,https://yc-oss.github.io/api/tags/artificial-intelligence.json
1.0,STARTUP,Shofo,shofo,https://shofo.ai/,https://www.ycombinator.com/companies/shofo,The World's Largest Video Library,Winter 2026,,Active,Artificial Intelligence,Y Combinator,https://yc-oss.github.io/api/tags/artificial-intelligence.json
1.0,STARTUP,"PerfectBit, Inc.",perfectbit-inc,https://perfectbit.ai,https://www.ycombinator.com/companies/perfectbit-inc,Robotics,Spring 2026,,Active,Artificial Intelligence,Y Combinator,https://yc-oss.github.io/api/tags/artificial-intelligence.json
1.0,STARTUP,Illume Labs,illume-labs,https://www.illumelabs.ai,https://www.ycombinator.com/companies/illume-labs,24/7 Personal Health & Longevity Companion,Summer 2026,,Active,Artificial Intelligence,Y Combinator,https://yc-oss.github.io/api/tags/artificial-intelligence.json
1.0,STARTUP,Multiplier,multiplier,https://multiplier.ai,https://www.ycombinator.com/companies/multiplier,Agent harnesses for asset managers,Spring 2026,,Active,Artificial Intelligence,Y Combinator,https://yc-oss.github.io/api/tags/artificial-intelligence.json
1.0,STARTUP,Palette,palette-2,https://palettelabs.com/,https://www.ycombinator.com/companies/palette-2,An AI-Native Media Platform,Summer 2026,,Active,Artificial Intelligence,Y Combinator,https://yc-oss.github.io/api/tags/artificial-intelligence.json
1.0,STARTUP,Twolabs,twolabs,https://www.twolabs.ai,https://www.ycombinator.com/companies/twolabs,Humanoid robot platform for builders.,Spring 2026,,Active,Artificial Intelligence,Y Combinator,https://yc-oss.github.io/api/tags/artificial-intelligence.json
1.0,STARTUP,Zenbu,zenbu-2,https://www.zenbu.dev/,https://www.ycombinator.com/companies/zenbu-2,The extensible IDE for coding agents,Spring 2026,,Active,Artificial Intelligence,Y Combinator,https://yc-oss.github.io/api/tags/artificial-intelligence.json
1.0,STARTUP,Light Anchor,light-anchor,https://lightanchor.ai,https://www.ycombinator.com/companies/light-anchor,AI-run consumer brands,Spring 2026,,Active,Artificial Intelligence,Y Combinator,https://yc-oss.github.io/api/tags/artificial-intelligence.json
1.0,STARTUP,GodHands,godhands,https://godhands.dev,https://www.ycombinator.com/companies/godhands,The company knowledge base that updates itself,Fall 2026,,Active,Artificial Intelligence,Y Combinator,https://yc-oss.github.io/api/tags/artificial-intelligence.json
1.0,STARTUP,Superlog,superlog,https://superlog.sh/,https://www.ycombinator.com/companies/superlog,Make software self-healing,Spring 2026,,Active,Artificial Intelligence,Y Combinator,https://yc-oss.github.io/api/tags/artificial-intelligence.json
1.0,STARTUP,Userlens,userlens,https://userlens.io,https://www.ycombinator.com/companies/userlens,Let agents talk to your customers,Spring 2026,,Active,Artificial Intelligence,Y Combinator,https://yc-oss.github.io/api/tags/artificial-intelligence.json
1.0,STARTUP,Kimpton,kimpton,https://kimpton.ai,https://www.ycombinator.com/companies/kimpton,Live Evaluation Arenas for Financial Work,Spring 2026,,Active,Artificial Intelligence,Y Combinator,https://yc-oss.github.io/api/tags/artificial-intelligence.json
1.0,STARTUP,Keyframe Labs,keyframe-labs,https://keyframelabs.com,https://www.ycombinator.com/companies/keyframe-labs,Bring AI to life with the world's best interactive avatars,Spring 2026,,Active,Artificial Intelligence,Y Combinator,https://yc-oss.github.io/api/tags/artificial-intelligence.json
1.0,STARTUP,Degla Inc,degla-inc,https://degla.ai,https://www.ycombinator.com/companies/degla-inc,The fully autonomous intelligence layer in the sky.,Fall 2026,,Active,Artificial Intelligence,Y Combinator,https://yc-oss.github.io/api/tags/artificial-intelligence.json
1.0,STARTUP,Collar,collar,https://usecollarai.com,https://www.ycombinator.com/companies/collar,AI for Investor Relations,Fall 2026,,Active,Artificial Intelligence,Y Combinator,https://yc-oss.github.io/api/tags/artificial-intelligence.json
1.0,STARTUP,Armature,armature,https://armature.tech,https://www.ycombinator.com/companies/armature,We get your product picked by coding agents.,Spring 2026,,Active,Artificial Intelligence,Y Combinator,https://yc-oss.github.io/api/tags/artificial-intelligence.json
1.0,STARTUP,Pops,pops,https://pops.fyi,https://www.ycombinator.com/companies/pops,Create & play AI games with friends,Spring 2026,,Active,Artificial Intelligence,Y Combinator,https://yc-oss.github.io/api/tags/artificial-intelligence.json
1.0,STARTUP,Uno Wallet,uno-wallet,https://myunowallet.com/,https://www.ycombinator.com/companies/uno-wallet,The AI mobile wallet that replaces Apple Pay,Spring 2026,,Active,Artificial Intelligence,Y Combinator,https://yc-oss.github.io/api/tags/artificial-intelligence.json
1.0,STARTUP,Trident,trident,https://tridentsecurity.io/,https://www.ycombinator.com/companies/trident,Autonomous offensive security agents. The best defense is offense,Summer 2026,,Active,Artificial Intelligence,Y Combinator,https://yc-oss.github.io/api/tags/artificial-intelligence.json
1.0,STARTUP,Enjamb Labs,enjamb-labs,https://www.enjamb.ai,https://www.ycombinator.com/companies/enjamb-labs,The AI Workforce for Biopharma,Spring 2026,,Active,Artificial Intelligence,Y Combinator,https://yc-oss.github.io/api/tags/artificial-intelligence.json
1.0,STARTUP,rekursiv.ai,rekursivai,https://rekursiv.ai,https://www.ycombinator.com/companies/rekursivai,Scale AI scientists whose own breakthroughs accelerate the next.,Summer 2026,,Active,Artificial Intelligence,Y Combinator,https://yc-oss.github.io/api/tags/artificial-intelligence.json
1.0,STARTUP,Amorphic Labs,amorphic-labs,https://www.agentmuxer.com,https://www.ycombinator.com/companies/amorphic-labs,OpenRouter for Agent Tools,Summer 2026,,Active,Artificial Intelligence,Y Combinator,https://yc-oss.github.io/api/tags/artificial-intelligence.json
1.0,STARTUP,Pango,pango,https://pango.ai/,https://www.ycombinator.com/companies/pango,Agentic OS for e-commerce operations,Summer 2026,,Active,Artificial Intelligence,Y Combinator,https://yc-oss.github.io/api/tags/artificial-intelligence.json
1.0,STARTUP,Erinys,erinys,https://erinys.ai,https://www.ycombinator.com/companies/erinys,We help lawyers start and scale AI-native law firms.,Summer 2026,,Active,Artificial Intelligence,Y Combinator,https://yc-oss.github.io/api/tags/artificial-intelligence.json
1.0,STARTUP,Perceptron ML,perceptron-ml,https://perceptronml.com,https://www.ycombinator.com/companies/perceptron-ml,We make law firms AI-native.,Summer 2026,,Active,Artificial Intelligence,Y Combinator,https://yc-oss.github.io/api/tags/artificial-intelligence.json
1.0,STARTUP,Olam Labs,olam-labs,https://olamlabs.ai,https://www.ycombinator.com/companies/olam-labs,Building multi-agent simulations for model evals and training.,Summer 2026,,Active,Artificial Intelligence,Y Combinator,https://yc-oss.github.io/api/tags/artificial-intelligence.json
1.0,STARTUP,Trope,trope,https://trope.ai,https://www.ycombinator.com/companies/trope,AI FDE that deploys custom AI agents into ERPs,Summer 2026,,Active,Artificial Intelligence,Y Combinator,https://yc-oss.github.io/api/tags/artificial-intelligence.json
1.0,STARTUP,Palisade,palisade,https://palisade.run,https://www.ycombinator.com/companies/palisade,AI-native sales agents that run marketplaces,Summer 2026,,Active,Artificial Intelligence,Y Combinator,https://yc-oss.github.io/api/tags/artificial-intelligence.json
1.0,STARTUP,Zomma,zomma,https://zommalabs.com,https://www.ycombinator.com/companies/zomma,"The AI BPO for financial servies, run by computer-use agents",Summer 2026,,Active,Artificial Intelligence,Y Combinator,https://yc-oss.github.io/api/tags/artificial-intelligence.json
1.0,STARTUP,Rex,rex-inc,https://www.rex.inc,https://www.ycombinator.com/companies/rex-inc,AI-native BPO for enterprise order-to-cash,Summer 2026,,Active,Artificial Intelligence,Y Combinator,https://yc-oss.github.io/api/tags/artificial-intelligence.json
1.0,STARTUP,Maingen,maingen,https://www.maingen.ai/,https://www.ycombinator.com/companies/maingen,Simulating Agents Running Industrial Companies,Summer 2026,,Active,Artificial Intelligence,Y Combinator,https://yc-oss.github.io/api/tags/artificial-intelligence.json
1.0,STARTUP,Studio,studio,https://trystudio.ai,https://www.ycombinator.com/companies/studio,Accurately simulate market response at scale,Summer 2026,,Active,Artificial Intelligence,Y Combinator,https://yc-oss.github.io/api/tags/artificial-intelligence.json
1.0,STARTUP,Orchestra,orchestra,https://orchestra.ai/,https://www.ycombinator.com/companies/orchestra,Self-optimizing neocloud that cuts LLM costs by 100x,Summer 2026,,Active,Artificial Intelligence,Y Combinator,https://yc-oss.github.io/api/tags/artificial-intelligence.json
1.0,STARTUP,Speko,speko,https://speko.ai/?utm_source=ycombinator&utm_medium=profile,https://www.ycombinator.com/companies/speko,"OpenRouter for Voice AI: one API, every call on the best speech model",Summer 2026,,Active,Artificial Intelligence,Y Combinator,https://yc-oss.github.io/api/tags/artificial-intelligence.json
1.0,STARTUP,Jcode,jcode,https://jcode.sh/,https://www.ycombinator.com/companies/jcode,The harness company,Summer 2026,,Active,Artificial Intelligence,Y Combinator,https://yc-oss.github.io/api/tags/artificial-intelligence.json
1.0,STARTUP,IMPACT Drones,impact-drones,https://www.impact-drones.com,https://www.ycombinator.com/companies/impact-drones,Air Defense as a Service for Civilian Infrastructure.,Summer 2026,,Active,Artificial Intelligence,Y Combinator,https://yc-oss.github.io/api/tags/artificial-intelligence.json
1.0,STARTUP,GUILD,guild,https://www.guildai.co,https://www.ycombinator.com/companies/guild,AI-Native Defense Contractor,Summer 2026,,Active,Artificial Intelligence,Y Combinator,https://yc-oss.github.io/api/tags/artificial-intelligence.json
1.0,STARTUP,Bizmark,bizmark,https://bizmark.ai,https://www.ycombinator.com/companies/bizmark,AI employee for manufacturers,Summer 2026,,Active,Artificial Intelligence,Y Combinator,https://yc-oss.github.io/api/tags/artificial-intelligence.json
1.0,STARTUP,Mosaic,mosaic-inc,https://mosaic.inc,https://www.ycombinator.com/companies/mosaic-inc,Defining the frontier of multiplayer AI.,Summer 2026,,Active,Artificial Intelligence,Y Combinator,https://yc-oss.github.io/api/tags/artificial-intelligence.json
1.0,STARTUP,Alloovium,alloovium,https://www.alloovium.com/en,https://www.ycombinator.com/companies/alloovium,The company brain for construction companies,Summer 2026,,Active,Artificial Intelligence,Y Combinator,https://yc-oss.github.io/api/tags/artificial-intelligence.json
1.0,STARTUP,Mochi,mochi,https://www.mochi.tv/,https://www.ycombinator.com/companies/mochi,Watch and create anime,Summer 2026,,Active,Artificial Intelligence,Y Combinator,https://yc-oss.github.io/api/tags/artificial-intelligence.json
1.0,STARTUP,DeepReach Inc.,deepreach-inc,http://www.deepreach.ai,https://www.ycombinator.com/companies/deepreach-inc,Network for Physical AI Data Business,Summer 2026,,Active,Artificial Intelligence,Y Combinator,https://yc-oss.github.io/api/tags/artificial-intelligence.json
1.0,STARTUP,Grocalo,grocalo,https://grocalo.com/,https://www.ycombinator.com/companies/grocalo,AI brain for creators that runs their social content,Summer 2026,,Active,Artificial Intelligence,Y Combinator,https://yc-oss.github.io/api/tags/artificial-intelligence.json
1.0,STARTUP,Audun,audun,https://audun.co,https://www.ycombinator.com/companies/audun,AI-native debt collection company,Summer 2026,,Active,Artificial Intelligence,Y Combinator,https://yc-oss.github.io/api/tags/artificial-intelligence.json
1.0,STARTUP,Touchmark,touchmark,https://touchmark.ai,https://www.ycombinator.com/companies/touchmark,Market for future inference capacity,Summer 2026,,Active,Artificial Intelligence,Y Combinator,https://yc-oss.github.io/api/tags/artificial-intelligence.json
1.0,STARTUP,Zaplar,zaplar,https://zaplar.com,https://www.ycombinator.com/companies/zaplar,Agentic Hotel Operating System,Summer 2026,,Active,Artificial Intelligence,Y Combinator,https://yc-oss.github.io/api/tags/artificial-intelligence.json
1.0,STARTUP,screenpipe,screenpipe,https://screenpipe.com,https://www.ycombinator.com/companies/screenpipe,Turn your company's computer work into AI agents.,Summer 2026,,Active,Artificial Intelligence,Y Combinator,https://yc-oss.github.io/api/tags/artificial-intelligence.json
1.0,STARTUP,Rasyn,rasyn,https://www.rasyn.ai/,https://www.ycombinator.com/companies/rasyn,"Making chemicals 100,000x faster",Summer 2026,,Active,Artificial Intelligence,Y Combinator,https://yc-oss.github.io/api/tags/artificial-intelligence.json
1.0,STARTUP,Alkera AI,alkera-ai,https://alkera.ai,https://www.ycombinator.com/companies/alkera-ai,Reliable and safe data engineering and data science agents,Summer 2026,,Active,Artificial Intelligence,Y Combinator,https://yc-oss.github.io/api/tags/artificial-intelligence.json
1.0,STARTUP,Definite,definite,https://www.usedefinite.com,https://www.ycombinator.com/companies/definite,Build everyday back-office agents on one live model of your books,Summer 2026,,Active,Artificial Intelligence,Y Combinator,https://yc-oss.github.io/api/tags/artificial-intelligence.json
1.0,STARTUP,Traceforce,traceforce,https://www.traceforce.ai,https://www.ycombinator.com/companies/traceforce,CrowdStrike for AI Agents,Summer 2026,,Active,Artificial Intelligence,Y Combinator,https://yc-oss.github.io/api/tags/artificial-intelligence.json
1.0,STARTUP,Bloomy,bloomy,https://bloomylearning.com/,https://www.ycombinator.com/companies/bloomy,AI-native learning for every school,Summer 2026,,Active,Artificial Intelligence,Y Combinator,https://yc-oss.github.io/api/tags/artificial-intelligence.json
1.0,STARTUP,Ooak Data,ooak-data,https://ooakdata.com/,https://www.ycombinator.com/companies/ooak-data,We turn company data into training data,Summer 2026,,Active,Artificial Intelligence,Y Combinator,https://yc-oss.github.io/api/tags/artificial-intelligence.json
1.0,STARTUP,Whitespace,whitespace,https://whitespacehq.ai/,https://www.ycombinator.com/companies/whitespace,AI Operating System for Wholesale Distribution,Summer 2026,,Active,Artificial Intelligence,Y Combinator,https://yc-oss.github.io/api/tags/artificial-intelligence.json
1.0,STARTUP,Click,click,https://www.useclick.ai,https://www.ycombinator.com/companies/click,Research services for ChatGPT and Claude,Summer 2026,,Active,Artificial Intelligence,Y Combinator,https://yc-oss.github.io/api/tags/artificial-intelligence.json
1.0,STARTUP,Vendo,vendo,https://vendo.run/,https://www.ycombinator.com/companies/vendo,Let your users build their own features on top of your product,Summer 2026,,Active,Artificial Intelligence,Y Combinator,https://yc-oss.github.io/api/tags/artificial-intelligence.json
1.0,STARTUP,Rational,rational,https://rational.to,https://www.ycombinator.com/companies/rational,First Zero-human Accounting Firm,Summer 2026,,Active,Artificial Intelligence,Y Combinator,https://yc-oss.github.io/api/tags/artificial-intelligence.json
1.0,STARTUP,Omanta,omanta,https://omanta.com/,https://www.ycombinator.com/companies/omanta,A research lab for one,Summer 2026,,Active,Artificial Intelligence,Y Combinator,https://yc-oss.github.io/api/tags/artificial-intelligence.json
1.0,STARTUP,Fabraix,fabraix,https://fabraix.com,https://www.ycombinator.com/companies/fabraix,The world's frontier hacker of AI agents.,Summer 2026,,Active,Artificial Intelligence,Y Combinator,https://yc-oss.github.io/api/tags/artificial-intelligence.json
1.0,STARTUP,Qlo,qlo,https://www.getqlo.com/,https://www.ycombinator.com/companies/qlo,Legora for commercial insurance carriers,Summer 2026,,Active,Artificial Intelligence,Y Combinator,https://yc-oss.github.io/api/tags/artificial-intelligence.json
1.0,STARTUP,Tenor,tenor,https://heytenor.com/,https://www.ycombinator.com/companies/tenor,Infrastructure for building and scaling AI-native service businesses.,Summer 2026,,Active,Artificial Intelligence,Y Combinator,https://yc-oss.github.io/api/tags/artificial-intelligence.json
1.0,STARTUP,Risklytics,risklytics,https://www.risklytics.ai/,https://www.ycombinator.com/companies/risklytics,AI-Native Insurance for Frontier Tech,Summer 2026,,Active,Artificial Intelligence,Y Combinator,https://yc-oss.github.io/api/tags/artificial-intelligence.json
1.0,STARTUP,Neuromorphic,neuromorphic,https://www.neuromorphic.vision/,https://www.ycombinator.com/companies/neuromorphic,Building robots to automate wetlabs,Summer 2026,,Active,Artificial Intelligence,Y Combinator,https://yc-oss.github.io/api/tags/artificial-intelligence.json
1.0,STARTUP,Arbital,arbital,https://www.arbital.xyz,https://www.ycombinator.com/companies/arbital,"The social trading app for stocks, memes, and perps",Summer 2026,,Active,Artificial Intelligence,Y Combinator,https://yc-oss.github.io/api/tags/artificial-intelligence.json
1.0,STARTUP,Moving Atoms,moving-atoms,https://movingatoms.ai/,https://www.ycombinator.com/companies/moving-atoms,Virtual Reality for Training Robots,Summer 2026,,Active,Artificial Intelligence,Y Combinator,https://yc-oss.github.io/api/tags/artificial-intelligence.json
1.0,STARTUP,Ekho Labs,ekho-labs,https://ekholabs.com/,https://www.ycombinator.com/companies/ekho-labs,World Model for Freight,Summer 2026,,Active,Artificial Intelligence,Y Combinator,https://yc-oss.github.io/api/tags/artificial-intelligence.json
1.0,STARTUP,Isengard Industries Inc,isengard-industries-inc,http://isengardindustries.com/,https://www.ycombinator.com/companies/isengard-industries-inc,Mass-produced AI strike systems and Counter-UAS,Summer 2026,,Active,Artificial Intelligence,Y Combinator,https://yc-oss.github.io/api/tags/artificial-intelligence.json
1.0,STARTUP,Denta,denta,https://denta.com,https://www.ycombinator.com/companies/denta,AI-Native Dental Insurance,Summer 2026,,Active,Artificial Intelligence,Y Combinator,https://yc-oss.github.io/api/tags/artificial-intelligence.json
1.0,STARTUP,Computable,computable,https://getcomputable.com,https://www.ycombinator.com/companies/computable,Derivatives Exchange for Compute,Summer 2026,,Active,Artificial Intelligence,Y Combinator,https://yc-oss.github.io/api/tags/artificial-intelligence.json
1.0,STARTUP,Financial Datasets,financial-datasets,https://financialdatasets.ai/,https://www.ycombinator.com/companies/financial-datasets,Connect your agent to the stock market ,Summer 2026,,Active,Artificial Intelligence,Y Combinator,https://yc-oss.github.io/api/tags/artificial-intelligence.json
1.0,STARTUP,Last Accounting Company,last-accounting-company,https://lastaccountingcompany.com/,https://www.ycombinator.com/companies/last-accounting-company,AI-native accounting firm.,Summer 2026,,Active,Artificial Intelligence,Y Combinator,https://yc-oss.github.io/api/tags/artificial-intelligence.json
1.0,STARTUP,Executor,executor,https://executor.sh,https://www.ycombinator.com/companies/executor,The open source tool gateway,Summer 2026,,Active,Artificial Intelligence,Y Combinator,https://yc-oss.github.io/api/tags/artificial-intelligence.json
1.0,STARTUP,Waybill,waybill,https://www.waybill.to/,https://www.ycombinator.com/companies/waybill,Agentic procurement & inventory for deep tech teams.,Summer 2026,,Active,Artificial Intelligence,Y Combinator,https://yc-oss.github.io/api/tags/artificial-intelligence.json
1.0,STARTUP,Lumeria,lumeria,https://lumeria.skin,https://www.ycombinator.com/companies/lumeria,Oura Ring for Skin,Summer 2026,,Active,Artificial Intelligence,Y Combinator,https://yc-oss.github.io/api/tags/artificial-intelligence.json
1.0,STARTUP,Agnost AI,agnost-ai,https://agnost.ai,https://www.ycombinator.com/companies/agnost-ai,"We find where AI agents fail, then train better models to run them.",Summer 2026,,Active,Artificial Intelligence,Y Combinator,https://yc-oss.github.io/api/tags/artificial-intelligence.json
1.0,STARTUP,Decawork,decawork,https://decawork.ai/,https://www.ycombinator.com/companies/decawork,Training company-specific models that approve AI actions.,Summer 2026,,Active,Artificial Intelligence,Y Combinator,https://yc-oss.github.io/api/tags/artificial-intelligence.json
1.0,STARTUP,Lamb Labs,lamb-labs,http://lamb-labs.com,https://www.ycombinator.com/companies/lamb-labs,Lightning fast chips with hardcoded AI models,Summer 2026,,Active,Artificial Intelligence,Y Combinator,https://yc-oss.github.io/api/tags/artificial-intelligence.json
1.0,STARTUP,Skymerse,skymerse,https://skymerse.com,https://www.ycombinator.com/companies/skymerse,Autopilot for Flight Operations,Summer 2026,,Active,Artificial Intelligence,Y Combinator,https://yc-oss.github.io/api/tags/artificial-intelligence.json
1.0,STARTUP,HyperProbe,hyperprobe,https://hyperprobe.co,https://www.ycombinator.com/companies/hyperprobe,AI engineer that debugs and fixes production incidents in realtime,Summer 2026,,Active,Artificial Intelligence,Y Combinator,https://yc-oss.github.io/api/tags/artificial-intelligence.json
1.0,STARTUP,TovenAI,tovenai,https://toven.ai,https://www.ycombinator.com/companies/tovenai,AI agents for compliance at institutional trading firms,Summer 2026,,Active,Artificial Intelligence,Y Combinator,https://yc-oss.github.io/api/tags/artificial-intelligence.json
1.0,STARTUP,Agent FM,agent-fm,https://www.agentfm.ai/,https://www.ycombinator.com/companies/agent-fm,One group chat to hear and steer your coding agents.,Summer 2026,,Active,Artificial Intelligence,Y Combinator,https://yc-oss.github.io/api/tags/artificial-intelligence.json
1.0,STARTUP,PRINCEPS,princeps,https://princeps.dev,https://www.ycombinator.com/companies/princeps,AI-native insurance company for the compute economy,Summer 2026,,Active,Artificial Intelligence,Y Combinator,https://yc-oss.github.io/api/tags/artificial-intelligence.json
1.0,STARTUP,Florin,florin,https://florin.inc,https://www.ycombinator.com/companies/florin,Florin is an AI-native insurance company that runs autonomously,Summer 2026,,Active,Artificial Intelligence,Y Combinator,https://yc-oss.github.io/api/tags/artificial-intelligence.json
1.0,STARTUP,Dawn Industries,dawn-industries,https://www.dawnxr.com,https://www.ycombinator.com/companies/dawn-industries,Automatic Diagnosis & Fix for Industrial Automation Cells,Summer 2026,,Active,Artificial Intelligence,Y Combinator,https://yc-oss.github.io/api/tags/artificial-intelligence.json
1.0,STARTUP,hiloop,hiloop,https://hiloop.ai,https://www.ycombinator.com/companies/hiloop,Autoresearch as a service: we solve your hardest measurable problems,Summer 2026,,Active,Artificial Intelligence,Y Combinator,https://yc-oss.github.io/api/tags/artificial-intelligence.json
1.0,STARTUP,Robocurve,robocurve,https://robocurve.org,https://www.ycombinator.com/companies/robocurve,Evals for robots,Summer 2026,,Active,Artificial Intelligence,Y Combinator,https://yc-oss.github.io/api/tags/artificial-intelligence.json
1.0,STARTUP,Allia Health,allia-health,https://allia.health/,https://www.ycombinator.com/companies/allia-health,First AI-Native Medical Group for Mental Health,Summer 2026,,Active,Artificial Intelligence,Y Combinator,https://yc-oss.github.io/api/tags/artificial-intelligence.json
1.0,STARTUP,Osseus,osseus,https://osseus.ai/,https://www.ycombinator.com/companies/osseus,The frontier data platform for health and biological AI,Summer 2026,,Active,Artificial Intelligence,Y Combinator,https://yc-oss.github.io/api/tags/artificial-intelligence.json
1.0,STARTUP,Billow AI Labs,billow-ai-labs,https://thebillow.ai/,https://www.ycombinator.com/companies/billow-ai-labs,AI-native Accounting Firm that's killing Deloitte,Summer 2026,,Active,Artificial Intelligence,Y Combinator,https://yc-oss.github.io/api/tags/artificial-intelligence.json
1.0,STARTUP,CoArena,coarena,http://coarena.ai,https://www.ycombinator.com/companies/coarena,The biggest crowdsourced benchmark for Computer-Use,Summer 2026,,Active,Artificial Intelligence,Y Combinator,https://yc-oss.github.io/api/tags/artificial-intelligence.json
1.0,STARTUP,Experiential Labs,experiential-labs,https://experientiallabs.ai,https://www.ycombinator.com/companies/experiential-labs,Open source AI gateway that turns your traffic into a better model,Summer 2026,,Active,Artificial Intelligence,Y Combinator,https://yc-oss.github.io/api/tags/artificial-intelligence.json
1.0,STARTUP,Conifer,conifer,https://www.conifer.build,https://www.ycombinator.com/companies/conifer,Least cost routing system to reduce 70%+ token spend,Summer 2026,,Active,Artificial Intelligence,Y Combinator,https://yc-oss.github.io/api/tags/artificial-intelligence.json
1.0,STARTUP,herdr,herdr,https://herdr.dev/,https://www.ycombinator.com/companies/herdr,building the open agent runtime,Fall 2026,,Active,Artificial Intelligence,Y Combinator,https://yc-oss.github.io/api/tags/artificial-intelligence.json
1.0,STARTUP,Sentient OS,sentient-os,https://sentient-os.ai,https://www.ycombinator.com/companies/sentient-os,On-device AI that knows your entire life and does your work overnight.,Fall 2026,,Active,Artificial Intelligence,Y Combinator,https://yc-oss.github.io/api/tags/artificial-intelligence.json
1.0,STARTUP,Simulithic,simulithic,https://simulithic.com,https://www.ycombinator.com/companies/simulithic,Simulate how any product change will perform before shipping.,Fall 2026,,Active,Artificial Intelligence,Y Combinator,https://yc-oss.github.io/api/tags/artificial-intelligence.json
1.0,STARTUP,Veeza AI,veeza-ai,https://veeza.ai,https://www.ycombinator.com/companies/veeza-ai,"AI travel agent for people with weak passports, starting with visas.",Fall 2026,,Active,Artificial Intelligence,Y Combinator,https://yc-oss.github.io/api/tags/artificial-intelligence.json
1.0,STARTUP,Qokedas,qokedas,https://qokedas.com/,https://www.ycombinator.com/companies/qokedas,Data for AI Science,Fall 2026,,Active,Artificial Intelligence,Y Combinator,https://yc-oss.github.io/api/tags/artificial-intelligence.json
1.0,STARTUP,Forward,useforward,https://www.useforward.co/,https://www.ycombinator.com/companies/useforward,Unifying Global Private Credit,Fall 2026,,Active,Artificial Intelligence,Y Combinator,https://yc-oss.github.io/api/tags/artificial-intelligence.json
1.0,STARTUP,Lantern AI,lantern-ai,https://www.lantern.md,https://www.ycombinator.com/companies/lantern-ai,Turn Your Taste Into Hires,Fall 2026,,Active,Artificial Intelligence,Y Combinator,https://yc-oss.github.io/api/tags/artificial-intelligence.json
1.0,STARTUP,Nodus Compute,nodus-compute,https://www.nodus-compute.ai/,https://www.ycombinator.com/companies/nodus-compute,Intelligent execution layer for AI workloads,Fall 2026,,Active,Artificial Intelligence,Y Combinator,https://yc-oss.github.io/api/tags/artificial-intelligence.json
1.0,STARTUP,ORO AI,oro-ai,https://www.oroagents.com,https://www.ycombinator.com/companies/oro-ai,Continuously improving evals for agentic commerce,Fall 2026,,Active,Artificial Intelligence,Y Combinator,https://yc-oss.github.io/api/tags/artificial-intelligence.json
1.0,STARTUP,Dreamscale Labs,dreamscale-labs,https://dreamscalelabs.com,https://www.ycombinator.com/companies/dreamscale-labs,Running robot brains in the cloud,Fall 2026,,Active,Artificial Intelligence,Y Combinator,https://yc-oss.github.io/api/tags/artificial-intelligence.json
1.0,STARTUP,Frontrunner,frontrunner,https://usefr.com/,https://www.ycombinator.com/companies/frontrunner,Cursor for GTM,Fall 2026,,Active,Artificial Intelligence,Y Combinator,https://yc-oss.github.io/api/tags/artificial-intelligence.json
1.0,STARTUP,The Agentic Data Co.,the-agentic-data-co,https://theagenticdatacompany.com,https://www.ycombinator.com/companies/the-agentic-data-co,Training Data For Speech Models.,Fall 2026,,Active,Artificial Intelligence,Y Combinator,https://yc-oss.github.io/api/tags/artificial-intelligence.json
1.0,STARTUP,Redoubt Insurance,redoubt-insurance,https://www.redoubt.agency,https://www.ycombinator.com/companies/redoubt-insurance,Commercial insurance for small businesses,Fall 2026,,Active,Artificial Intelligence,Y Combinator,https://yc-oss.github.io/api/tags/artificial-intelligence.json
1.0,STARTUP,LeadGenius,leadgenius,http://leadgenius.com,https://www.ycombinator.com/companies/leadgenius,LeadGenius is an account-based marketing and lead generation…,Summer 2011,,Active,AI,Y Combinator,https://yc-oss.github.io/api/tags/ai.json
1.0,STARTUP,Olark,olark,http://olark.com,https://www.ycombinator.com/companies/olark,Olark gives you an AI agent that works your marketing funnel 24/7,Summer 2009,,Active,AI,Y Combinator,https://yc-oss.github.io/api/tags/ai.json
1.0,STARTUP,Plivo,plivo,https://plivo.com,https://www.ycombinator.com/companies/plivo,"Voice AI Agents for customer engagement, including WhatsApp, SMS &…",Summer 2012,,Active,AI,Y Combinator,https://yc-oss.github.io/api/tags/ai.json
